run_name,row_in_run,split,future_return_bps,move_probability,direction_probability_up,direction_confidence,joint_confidence,signal_direction,signed_return_bps,net_return_bps_1bps_cost,move_threshold,direction_threshold,episode_id,episode_anchor_row,entry_rule,entry_delay_from_anchor_events,move_feature_set,threshold_mode,split_name
20260708_185955,304,validation,0.8235217179630716,0.7116308191808496,0.291361009249674,0.708638990750326,0.504289345491145,-1,-0.8235217179630716,-1.8235217179630716,0.65,0.65,0,304,first_eligible,0,full_trade_flow,model_specific,validation
20260708_185955,624,validation,-2.733438908044672,0.6548330442471069,0.32954646687234035,0.6704535331276597,0.43903512812421386,-1,2.733438908044672,1.733438908044672,0.65,0.65,1,624,first_eligible,0,full_trade_flow,model_specific,validation
20260708_185955,1086,validation,3.341018752476277,0.7009263414009517,0.3183973670981201,0.6816026329018798,0.47775323976917056,-1,-3.341018752476277,-4.341018752476277,0.65,0.65,2,1086,first_eligible,0,full_trade_flow,model_specific,validation
20260708_185955,1240,validation,-3.9544735183438817,0.6758684917840179,0.6592768524187278,0.6592768524187278,0.44558445191236007,1,-3.9544735183438817,-4.954473518343882,0.65,0.65,3,1240,first_eligible,0,full_trade_flow,model_specific,validation
20260708_185955,1967,validation,2.0989289811224054,0.7589199511615723,0.6525958922316634,0.6525958922316634,0.4952680426606967,1,2.0989289811224054,1.0989289811224054,0.65,0.65,4,1967,first_eligible,0,full_trade_flow,model_specific,validation
20260708_190508,912,validation,0.6941389650072516,0.6623890601374469,0.31089069319777224,0.6891093068022278,0.45645846606469526,-1,-0.6941389650072516,-1.6941389650072516,0.65,0.65,5,912,first_eligible,0,full_trade_flow,model_specific,validation
20260708_190508,1731,validation,0.9687865060947765,0.6656967771842636,0.3455071144581363,0.6544928855418637,0.43569380459524776,-1,-0.9687865060947765,-1.9687865060947765,0.65,0.65,6,1731,first_eligible,0,full_trade_flow,model_specific,validation
20260708_190508,2639,validation,9.341127824218365,0.7847171510745926,0.29404300983031967,0.7059569901696803,0.5539765581071456,-1,-9.341127824218365,-10.341127824218365,0.65,0.65,7,2639,first_eligible,0,full_trade_flow,model_specific,validation
20260708_190508,2692,validation,-5.012099142865933,0.8012710455012679,0.332965064171528,0.667034935828472,0.5344757804171509,-1,5.012099142865933,4.012099142865933,0.65,0.65,8,2692,first_eligible,0,full_trade_flow,model_specific,validation
20260708_191023,20,validation,-4.2077601737910975,0.6657558587300074,0.3210352808968079,0.6789647191031921,0.4520247396139239,-1,4.2077601737910975,3.2077601737910975,0.65,0.65,9,20,first_eligible,0,full_trade_flow,model_specific,validation
20260708_191023,1742,validation,1.4170703841154264,0.9082771144028084,0.934843815269349,0.934843815269349,0.8490972429501564,1,1.4170703841154264,0.4170703841154264,0.65,0.65,10,1742,first_eligible,0,full_trade_flow,model_specific,validation
20260708_191023,2478,validation,-2.2879294802125028,0.7511907598281817,0.34256897787838525,0.6574310221216147,0.49385610904215393,-1,2.2879294802125028,1.2879294802125028,0.65,0.65,11,2478,first_eligible,0,full_trade_flow,model_specific,validation
20260708_191023,2838,validation,-0.44373876534109513,0.6927171646323648,0.2912101633389659,0.7087898366610341,0.4909908859720685,-1,0.44373876534109513,-0.5562612346589049,0.65,0.65,12,2838,first_eligible,0,full_trade_flow,model_specific,validation
20260708_191538,292,validation,0.145331116763181,0.654603531043094,0.29543656654158695,0.704563433458413,0.46120971138572314,-1,-0.145331116763181,-1.145331116763181,0.65,0.65,13,292,first_eligible,0,full_trade_flow,model_specific,validation
20260708_191538,542,validation,-6.804463792898785,0.6596031534294019,0.3362252840785185,0.6637747159214815,0.4378278957885146,-1,6.804463792898785,5.804463792898785,0.65,0.65,14,542,first_eligible,0,full_trade_flow,model_specific,validation
20260708_191538,890,validation,-3.718184265129043,0.7680285599891616,0.3461348405473091,0.653865159452691,0.5021871168415338,-1,3.718184265129043,2.718184265129043,0.65,0.65,15,890,first_eligible,0,full_trade_flow,model_specific,validation
20260708_192052,70,validation,-0.3060027266443832,0.6671198198315195,0.3475936547485933,0.6524063452514067,0.43523320350105854,-1,0.3060027266443832,-0.6939972733556168,0.65,0.65,16,70,first_eligible,0,full_trade_flow,model_specific,validation
20260708_192052,284,validation,-3.3311474354580373,0.7149016581713679,0.33721897668581613,0.6627810233141839,0.47382325257182606,-1,3.3311474354580373,2.3311474354580373,0.65,0.65,17,284,first_eligible,0,full_trade_flow,model_specific,validation
20260708_192052,470,validation,-0.9980304994894329,0.9062271959465431,0.8534905416594931,0.8534905416594931,0.7734563403349787,1,-0.9980304994894329,-1.998030499489433,0.65,0.65,18,470,first_eligible,0,full_trade_flow,model_specific,validation
20260708_192052,572,validation,1.2072949590602455,0.7281221479072557,0.8377591908858681,0.8377591908858681,0.6099910214968629,1,1.2072949590602455,0.20729495906024553,0.65,0.65,19,572,first_eligible,0,full_trade_flow,model_specific,validation
20260708_192607,580,validation,-4.55759836345937,0.6626605523871896,0.2920418545400076,0.7079581454599924,0.4691359357375288,-1,4.55759836345937,3.5575983634593698,0.65,0.65,20,580,first_eligible,0,full_trade_flow,model_specific,validation
20260708_193122,1795,validation,2.774970092436213,0.7437923473838809,0.3149456201028519,0.6850543798971481,0.5095382053093087,-1,-2.774970092436213,-3.774970092436213,0.65,0.65,21,1795,first_eligible,0,full_trade_flow,model_specific,validation
20260708_194153,2187,validation,-10.981949785702216,0.7842634957451302,0.31461263826530955,0.6853873617346904,0.5375242882535803,-1,10.981949785702216,9.981949785702216,0.65,0.65,22,2187,first_eligible,0,full_trade_flow,model_specific,validation
20260708_194153,2258,validation,-1.6363867608204519,0.6710206645737907,0.31871759127344634,0.6812824087265537,0.45715457466612497,-1,1.6363867608204519,0.6363867608204519,0.65,0.65,23,2258,first_eligible,0,full_trade_flow,model_specific,validation
20260708_195223,10,validation,6.9981783676920095,0.6556679149426097,0.658743772244008,0.658743772244008,0.4319171556286581,1,6.9981783676920095,5.9981783676920095,0.65,0.65,24,10,first_eligible,0,full_trade_flow,model_specific,validation
20260708_195223,798,validation,8.406003503040882,0.7357878801933448,0.288804744036051,0.711195255963949,0.5232888497892773,-1,-8.406003503040882,-9.406003503040882,0.65,0.65,25,798,first_eligible,0,full_trade_flow,model_specific,validation
20260708_195223,852,validation,-3.3760399697291277,0.8599502714373284,0.33358748803394905,0.6664125119660509,0.5730816205544373,-1,3.3760399697291277,2.3760399697291277,0.65,0.65,26,852,first_eligible,0,full_trade_flow,model_specific,validation
20260708_195223,1179,validation,0.8550393681105994,0.83902379733845,0.3443651046742083,0.6556348953257918,0.550093279543843,-1,-0.8550393681105994,-1.8550393681105994,0.65,0.65,27,1179,first_eligible,0,full_trade_flow,model_specific,validation
20260708_195223,1263,validation,-1.4676247622158467,0.8035331703023683,0.32856722609708944,0.6714327739029106,0.539518505459119,-1,1.4676247622158467,0.4676247622158467,0.65,0.65,28,1263,first_eligible,0,full_trade_flow,model_specific,validation
20260708_195223,1339,validation,-1.741787993758681,0.6741207132582603,0.33804092450953027,0.6619590754904697,0.44624032411741404,-1,1.741787993758681,0.7417879937586811,0.65,0.65,29,1339,first_eligible,0,full_trade_flow,model_specific,validation
20260708_201318,565,validation,-3.4216059007297073,0.6638383145176379,0.29851662220405806,0.7014833777959419,0.4656715431781975,-1,3.4216059007297073,2.4216059007297073,0.65,0.65,30,565,first_eligible,0,full_trade_flow,model_specific,validation
20260708_201318,621,validation,0.0,0.9339956614379518,0.7343193461448025,0.7343193461448025,0.6858510834091991,1,0.0,-1.0,0.65,0.65,31,621,first_eligible,0,full_trade_flow,model_specific,validation
20260708_201318,708,validation,-3.6012156536080475,0.6859440764427714,0.6762827875874438,0.6762827875874438,0.4638921721458121,1,-3.6012156536080475,-4.6012156536080475,0.65,0.65,32,708,first_eligible,0,full_trade_flow,model_specific,validation
20260708_201318,1018,validation,0.03246223627462186,0.7438539529907835,0.3407543980783874,0.6592456019216126,0.49038244698118,-1,-0.03246223627462186,-1.0324622362746219,0.65,0.65,33,1018,first_eligible,0,full_trade_flow,model_specific,validation
20260708_202345,1356,validation,-2.468925245978637,0.7532281109322428,0.33050634096064696,0.669493659039353,0.504281444079327,-1,2.468925245978637,1.468925245978637,0.65,0.65,34,1356,first_eligible,0,full_trade_flow,model_specific,validation
20260708_202345,1978,validation,4.078638092366305,0.6882691945210927,0.6576671300679195,0.6576671300679195,0.4526520258748457,1,4.078638092366305,3.0786380923663046,0.65,0.65,35,1978,first_eligible,0,full_trade_flow,model_specific,validation
20260708_203410,743,validation,0.0,0.7637457345092227,0.9573641965100409,0.9573641965100409,0.731182821456393,1,0.0,-1.0,0.65,0.65,36,743,first_eligible,0,full_trade_flow,model_specific,validation
20260708_203410,1105,validation,-1.701922118423349,0.7021446795899745,0.3275342677306581,0.6724657322693419,0.47216823611949466,-1,1.701922118423349,0.7019221184233491,0.65,0.65,37,1105,first_eligible,0,full_trade_flow,model_specific,validation
20260708_210018,481,validation,0.29150670910693677,0.6722465121366331,0.33984192762507803,0.660158072374922,0.4437889616128843,-1,-0.29150670910693677,-1.2915067091069368,0.65,0.65,38,481,first_eligible,0,full_trade_flow,model_specific,validation
20260708_210018,611,validation,1.1824476179755905,0.6791576234944348,0.3385684170798026,0.6614315829201973,0.44921630196024337,-1,-1.1824476179755905,-2.1824476179755905,0.65,0.65,39,611,first_eligible,0,full_trade_flow,model_specific,validation
20260708_212631,628,validation,-6.8762413754419605,0.6555795158684288,0.30146756712828804,0.698532432871712,0.45794355416043264,-1,6.8762413754419605,5.8762413754419605,0.65,0.65,40,628,first_eligible,0,full_trade_flow,model_specific,validation
20260708_213144,2009,validation,-3.1760655578727537,0.7124867948041851,0.29212459449058364,0.7078754055094163,0.5043518787921168,-1,3.1760655578727537,2.1760655578727537,0.65,0.65,41,2009,first_eligible,0,full_trade_flow,model_specific,validation
20260708_213658,1594,validation,0.16166907149450793,0.7281125289914637,0.29229765358762605,0.707702346412374,0.5152869452195066,-1,-0.16166907149450793,-1.161669071494508,0.65,0.65,42,1594,first_eligible,0,full_trade_flow,model_specific,validation
20260708_213658,1651,validation,-1.0989676976225216,0.6983130064247991,0.32314552637535504,0.6768544736246449,0.4726562823889007,-1,1.0989676976225216,0.09896769762252156,0.65,0.65,43,1651,first_eligible,0,full_trade_flow,model_specific,validation
20260708_213658,1706,validation,-4.315538605886848,0.6535273903671042,0.3476264442541485,0.6523735557458514,0.42634398743109486,-1,4.315538605886848,3.3155386058868483,0.65,0.65,44,1706,first_eligible,0,full_trade_flow,model_specific,validation
20260708_213658,2259,validation,-7.28653240854471,0.7829821268253212,0.3385391498487076,0.6614608501512924,0.517912023263144,-1,7.28653240854471,6.28653240854471,0.65,0.65,45,2259,first_eligible,0,full_trade_flow,model_specific,validation
20260708_214213,1440,validation,-0.17730796539883187,0.6620079789120286,0.6529051478972202,0.6529051478972202,0.43222841738069784,1,-0.17730796539883187,-1.1773079653988319,0.65,0.65,46,1440,first_eligible,0,full_trade_flow,model_specific,validation
20260708_215758,873,validation,-1.7877260527254801,0.9051894731996324,0.7269451062114674,0.7269451062114674,0.658023057736609,1,-1.7877260527254801,-2.78772605272548,0.65,0.65,47,873,first_eligible,0,full_trade_flow,model_specific,validation
20260708_185955,318,validation,3.3747970479414136,0.7395155159785559,0.3429123028669733,0.6570876971330267,0.48592654738849134,-1,-3.3747970479414136,-4.3747970479414136,0.65,0.65,0,304,max_move_probability,14,full_trade_flow,model_specific,validation
20260708_185955,650,validation,0.37101531567218515,0.7051229770937416,0.6586571229271705,0.6586571229271705,0.464434271402405,1,0.37101531567218515,-0.6289846843278148,0.65,0.65,1,624,max_move_probability,26,full_trade_flow,model_specific,validation
20260708_185955,1093,validation,2.662739797874014,0.7334178772988058,0.32715779872588896,0.6728422012741111,0.49347449901551443,-1,-2.662739797874014,-3.662739797874014,0.65,0.65,2,1086,max_move_probability,7,full_trade_flow,model_specific,validation
20260708_185955,1240,validation,-3.9544735183438817,0.6758684917840179,0.6592768524187278,0.6592768524187278,0.44558445191236007,1,-3.9544735183438817,-4.954473518343882,0.65,0.65,3,1240,max_move_probability,0,full_trade_flow,model_specific,validation
20260708_185955,1967,validation,2.0989289811224054,0.7589199511615723,0.6525958922316634,0.6525958922316634,0.4952680426606967,1,2.0989289811224054,1.0989289811224054,0.65,0.65,4,1967,max_move_probability,0,full_trade_flow,model_specific,validation
20260708_190508,912,validation,0.6941389650072516,0.6623890601374469,0.31089069319777224,0.6891093068022278,0.45645846606469526,-1,-0.6941389650072516,-1.6941389650072516,0.65,0.65,5,912,max_move_probability,0,full_trade_flow,model_specific,validation
20260708_190508,1731,validation,0.9687865060947765,0.6656967771842636,0.3455071144581363,0.6544928855418637,0.43569380459524776,-1,-0.9687865060947765,-1.9687865060947765,0.65,0.65,6,1731,max_move_probability,0,full_trade_flow,model_specific,validation
20260708_190508,2639,validation,9.341127824218365,0.7847171510745926,0.29404300983031967,0.7059569901696803,0.5539765581071456,-1,-9.341127824218365,-10.341127824218365,0.65,0.65,7,2639,max_move_probability,0,full_trade_flow,model_specific,validation
20260708_190508,2692,validation,-5.012099142865933,0.8012710455012679,0.332965064171528,0.667034935828472,0.5344757804171509,-1,5.012099142865933,4.012099142865933,0.65,0.65,8,2692,max_move_probability,0,full_trade_flow,model_specific,validation
20260708_191023,45,validation,-3.612201177028984,0.723727341268355,0.2934876894848154,0.7065123105151846,0.511322276062517,-1,3.612201177028984,2.612201177028984,0.65,0.65,9,20,max_move_probability,25,full_trade_flow,model_specific,validation
20260708_191023,1769,validation,1.755234907596659,0.9993584009123954,0.8802784452536901,0.8802784452536901,0.8797136594063774,1,1.755234907596659,0.7552349075966589,0.65,0.65,10,1742,max_move_probability,27,full_trade_flow,model_specific,validation
20260708_191023,2478,validation,-2.2879294802125028,0.7511907598281817,0.34256897787838525,0.6574310221216147,0.49385610904215393,-1,2.2879294802125028,1.2879294802125028,0.65,0.65,11,2478,max_move_probability,0,full_trade_flow,model_specific,validation
20260708_191023,2838,validation,-0.44373876534109513,0.6927171646323648,0.2912101633389659,0.7087898366610341,0.4909908859720685,-1,0.44373876534109513,-0.5562612346589049,0.65,0.65,12,2838,max_move_probability,0,full_trade_flow,model_specific,validation
20260708_191538,315,validation,3.7957928078613534,0.6713583883624257,0.2996587663695413,0.7003412336304586,0.4701799619138977,-1,-3.7957928078613534,-4.795792807861353,0.65,0.65,13,292,max_move_probability,23,full_trade_flow,model_specific,validation
20260708_191538,542,validation,-6.804463792898785,0.6596031534294019,0.3362252840785185,0.6637747159214815,0.4378278957885146,-1,6.804463792898785,5.804463792898785,0.65,0.65,14,542,max_move_probability,0,full_trade_flow,model_specific,validation
20260708_191538,890,validation,-3.718184265129043,0.7680285599891616,0.3461348405473091,0.653865159452691,0.5021871168415338,-1,3.718184265129043,2.718184265129043,0.65,0.65,15,890,max_move_probability,0,full_trade_flow,model_specific,validation
20260708_192052,70,validation,-0.3060027266443832,0.6671198198315195,0.3475936547485933,0.6524063452514067,0.43523320350105854,-1,0.3060027266443832,-0.6939972733556168,0.65,0.65,16,70,max_move_probability,0,full_trade_flow,model_specific,validation
20260708_192052,333,validation,1.0463610380218036,0.7311414997113257,0.6542624095530025,0.6542624095530025,0.47835839932532787,1,1.0463610380218036,0.04636103802180358,0.65,0.65,17,284,max_move_probability,49,full_trade_flow,model_specific,validation
20260708_192052,470,validation,-0.9980304994894329,0.9062271959465431,0.8534905416594931,0.8534905416594931,0.7734563403349787,1,-0.9980304994894329,-1.998030499489433,0.65,0.65,18,470,max_move_probability,0,full_trade_flow,model_specific,validation
20260708_192052,572,validation,1.2072949590602455,0.7281221479072557,0.8377591908858681,0.8377591908858681,0.6099910214968629,1,1.2072949590602455,0.20729495906024553,0.65,0.65,19,572,max_move_probability,0,full_trade_flow,model_specific,validation
20260708_192607,580,validation,-4.55759836345937,0.6626605523871896,0.2920418545400076,0.7079581454599924,0.4691359357375288,-1,4.55759836345937,3.5575983634593698,0.65,0.65,20,580,max_move_probability,0,full_trade_flow,model_specific,validation
20260708_193122,1795,validation,2.774970092436213,0.7437923473838809,0.3149456201028519,0.6850543798971481,0.5095382053093087,-1,-2.774970092436213,-3.774970092436213,0.65,0.65,21,1795,max_move_probability,0,full_trade_flow,model_specific,validation
20260708_194153,2221,validation,-3.701609754753754,0.9309242456072556,0.3303273170637968,0.6696726829362032,0.6234145371661718,-1,3.701609754753754,2.701609754753754,0.65,0.65,22,2187,max_move_probability,34,full_trade_flow,model_specific,validation
20260708_194153,2258,validation,-1.6363867608204519,0.6710206645737907,0.31871759127344634,0.6812824087265537,0.45715457466612497,-1,1.6363867608204519,0.6363867608204519,0.65,0.65,23,2258,max_move_probability,0,full_trade_flow,model_specific,validation
20260708_195223,10,validation,6.9981783676920095,0.6556679149426097,0.658743772244008,0.658743772244008,0.4319171556286581,1,6.9981783676920095,5.9981783676920095,0.65,0.65,24,10,max_move_probability,0,full_trade_flow,model_specific,validation
20260708_195223,813,validation,0.008077009439055871,0.9061758597498301,0.2850044798262749,0.714995520173725,0.6479116802107022,-1,-0.008077009439055871,-1.0080770094390559,0.65,0.65,25,798,max_move_probability,15,full_trade_flow,model_specific,validation
20260708_195223,852,validation,-3.3760399697291277,0.8599502714373284,0.33358748803394905,0.6664125119660509,0.5730816205544373,-1,3.3760399697291277,2.3760399697291277,0.65,0.65,26,852,max_move_probability,0,full_trade_flow,model_specific,validation
20260708_195223,1209,validation,7.099677045372399,0.8737475876077408,0.3350586933285435,0.6649413066714565,0.580990862604924,-1,-7.099677045372399,-8.099677045372399,0.65,0.65,27,1179,max_move_probability,30,full_trade_flow,model_specific,validation
20260708_195223,1263,validation,-1.4676247622158467,0.8035331703023683,0.32856722609708944,0.6714327739029106,0.539518505459119,-1,1.4676247622158467,0.4676247622158467,0.65,0.65,28,1263,max_move_probability,0,full_trade_flow,model_specific,validation
20260708_195223,1361,validation,-3.2903093132696792,0.7196823010403298,0.3486239911592683,0.6513760088407317,0.46878378488496397,-1,3.2903093132696792,2.2903093132696792,0.65,0.65,29,1339,max_move_probability,22,full_trade_flow,model_specific,validation
20260708_201318,565,validation,-3.4216059007297073,0.6638383145176379,0.29851662220405806,0.7014833777959419,0.4656715431781975,-1,3.4216059007297073,2.4216059007297073,0.65,0.65,30,565,max_move_probability,0,full_trade_flow,model_specific,validation
20260708_201318,621,validation,0.0,0.9339956614379518,0.7343193461448025,0.7343193461448025,0.6858510834091991,1,0.0,-1.0,0.65,0.65,31,621,max_move_probability,0,full_trade_flow,model_specific,validation
20260708_201318,708,validation,-3.6012156536080475,0.6859440764427714,0.6762827875874438,0.6762827875874438,0.4638921721458121,1,-3.6012156536080475,-4.6012156536080475,0.65,0.65,32,708,max_move_probability,0,full_trade_flow,model_specific,validation
20260708_201318,1018,validation,0.03246223627462186,0.7438539529907835,0.3407543980783874,0.6592456019216126,0.49038244698118,-1,-0.03246223627462186,-1.0324622362746219,0.65,0.65,33,1018,max_move_probability,0,full_trade_flow,model_specific,validation
20260708_202345,1356,validation,-2.468925245978637,0.7532281109322428,0.33050634096064696,0.669493659039353,0.504281444079327,-1,2.468925245978637,1.468925245978637,0.65,0.65,34,1356,max_move_probability,0,full_trade_flow,model_specific,validation
20260708_202345,1978,validation,4.078638092366305,0.6882691945210927,0.6576671300679195,0.6576671300679195,0.4526520258748457,1,4.078638092366305,3.0786380923663046,0.65,0.65,35,1978,max_move_probability,0,full_trade_flow,model_specific,validation
20260708_203410,743,validation,0.0,0.7637457345092227,0.9573641965100409,0.9573641965100409,0.731182821456393,1,0.0,-1.0,0.65,0.65,36,743,max_move_probability,0,full_trade_flow,model_specific,validation
20260708_203410,1105,validation,-1.701922118423349,0.7021446795899745,0.3275342677306581,0.6724657322693419,0.47216823611949466,-1,1.701922118423349,0.7019221184233491,0.65,0.65,37,1105,max_move_probability,0,full_trade_flow,model_specific,validation
20260708_210018,481,validation,0.29150670910693677,0.6722465121366331,0.33984192762507803,0.660158072374922,0.4437889616128843,-1,-0.29150670910693677,-1.2915067091069368,0.65,0.65,38,481,max_move_probability,0,full_trade_flow,model_specific,validation
20260708_210018,611,validation,1.1824476179755905,0.6791576234944348,0.3385684170798026,0.6614315829201973,0.44921630196024337,-1,-1.1824476179755905,-2.1824476179755905,0.65,0.65,39,611,max_move_probability,0,full_trade_flow,model_specific,validation
20260708_212631,628,validation,-6.8762413754419605,0.6555795158684288,0.30146756712828804,0.698532432871712,0.45794355416043264,-1,6.8762413754419605,5.8762413754419605,0.65,0.65,40,628,max_move_probability,0,full_trade_flow,model_specific,validation
20260708_213144,2028,validation,-1.1316542279005137,0.7499609637304432,0.3495560748545278,0.6504439251454722,0.4878075529547106,-1,1.1316542279005137,0.13165422790051373,0.65,0.65,41,2009,max_move_probability,19,full_trade_flow,model_specific,validation
20260708_213658,1608,validation,8.604369628839592,0.8417395182851873,0.3306920293298203,0.6693079706701797,0.5633829688163533,-1,-8.604369628839592,-9.604369628839592,0.65,0.65,42,1594,max_move_probability,14,full_trade_flow,model_specific,validation
20260708_213658,1677,validation,0.598123347583801,0.7418092594003814,0.34882389574936573,0.6511761042506343,0.4830484636333886,-1,-0.598123347583801,-1.598123347583801,0.65,0.65,43,1651,max_move_probability,26,full_trade_flow,model_specific,validation
20260708_213658,1756,validation,1.3744537556958925,0.7451786840737764,0.2916736297271243,0.7083263702728757,0.527829712494696,-1,-1.3744537556958925,-2.3744537556958925,0.65,0.65,44,1706,max_move_probability,50,full_trade_flow,model_specific,validation
20260708_213658,2280,validation,-4.77251162292025,0.8710850870709471,0.30481026691497976,0.6951897330850203,0.6055694091751934,-1,4.77251162292025,3.77251162292025,0.65,0.65,45,2259,max_move_probability,21,full_trade_flow,model_specific,validation
20260708_214213,1441,validation,0.40297264863431437,0.6689486450957957,0.659994795319775,0.659994795319775,0.44150262409944047,1,0.40297264863431437,-0.5970273513656856,0.65,0.65,46,1440,max_move_probability,1,full_trade_flow,model_specific,validation
20260708_215758,873,validation,-1.7877260527254801,0.9051894731996324,0.7269451062114674,0.7269451062114674,0.658023057736609,1,-1.7877260527254801,-2.78772605272548,0.65,0.65,47,873,max_move_probability,0,full_trade_flow,model_specific,validation
20260708_185955,304,validation,0.8235217179630716,0.7116308191808496,0.291361009249674,0.708638990750326,0.504289345491145,-1,-0.8235217179630716,-1.8235217179630716,0.65,0.65,0,304,max_joint_confidence,0,full_trade_flow,model_specific,validation
20260708_185955,650,validation,0.37101531567218515,0.7051229770937416,0.6586571229271705,0.6586571229271705,0.464434271402405,1,0.37101531567218515,-0.6289846843278148,0.65,0.65,1,624,max_joint_confidence,26,full_trade_flow,model_specific,validation
20260708_185955,1093,validation,2.662739797874014,0.7334178772988058,0.32715779872588896,0.6728422012741111,0.49347449901551443,-1,-2.662739797874014,-3.662739797874014,0.65,0.65,2,1086,max_joint_confidence,7,full_trade_flow,model_specific,validation
20260708_185955,1240,validation,-3.9544735183438817,0.6758684917840179,0.6592768524187278,0.6592768524187278,0.44558445191236007,1,-3.9544735183438817,-4.954473518343882,0.65,0.65,3,1240,max_joint_confidence,0,full_trade_flow,model_specific,validation
20260708_185955,1967,validation,2.0989289811224054,0.7589199511615723,0.6525958922316634,0.6525958922316634,0.4952680426606967,1,2.0989289811224054,1.0989289811224054,0.65,0.65,4,1967,max_joint_confidence,0,full_trade_flow,model_specific,validation
20260708_190508,912,validation,0.6941389650072516,0.6623890601374469,0.31089069319777224,0.6891093068022278,0.45645846606469526,-1,-0.6941389650072516,-1.6941389650072516,0.65,0.65,5,912,max_joint_confidence,0,full_trade_flow,model_specific,validation
20260708_190508,1732,validation,0.9687865060947765,0.6648294434455608,0.3395387755483922,0.6604612244516078,0.43909406826953606,-1,-0.9687865060947765,-1.9687865060947765,0.65,0.65,6,1731,max_joint_confidence,1,full_trade_flow,model_specific,validation
20260708_190508,2639,validation,9.341127824218365,0.7847171510745926,0.29404300983031967,0.7059569901696803,0.5539765581071456,-1,-9.341127824218365,-10.341127824218365,0.65,0.65,7,2639,max_joint_confidence,0,full_trade_flow,model_specific,validation
20260708_190508,2708,validation,-2.5952233383119694,0.8010747233466301,0.31885200464658653,0.6811479953534134,0.5456504419358473,-1,2.5952233383119694,1.5952233383119694,0.65,0.65,8,2692,max_joint_confidence,16,full_trade_flow,model_specific,validation
20260708_191023,45,validation,-3.612201177028984,0.723727341268355,0.2934876894848154,0.7065123105151846,0.511322276062517,-1,3.612201177028984,2.612201177028984,0.65,0.65,9,20,max_joint_confidence,25,full_trade_flow,model_specific,validation
20260708_191023,1769,validation,1.755234907596659,0.9993584009123954,0.8802784452536901,0.8802784452536901,0.8797136594063774,1,1.755234907596659,0.7552349075966589,0.65,0.65,10,1742,max_joint_confidence,27,full_trade_flow,model_specific,validation
20260708_191023,2478,validation,-2.2879294802125028,0.7511907598281817,0.34256897787838525,0.6574310221216147,0.49385610904215393,-1,2.2879294802125028,1.2879294802125028,0.65,0.65,11,2478,max_joint_confidence,0,full_trade_flow,model_specific,validation
20260708_191023,2838,validation,-0.44373876534109513,0.6927171646323648,0.2912101633389659,0.7087898366610341,0.4909908859720685,-1,0.44373876534109513,-0.5562612346589049,0.65,0.65,12,2838,max_joint_confidence,0,full_trade_flow,model_specific,validation
20260708_191538,315,validation,3.7957928078613534,0.6713583883624257,0.2996587663695413,0.7003412336304586,0.4701799619138977,-1,-3.7957928078613534,-4.795792807861353,0.65,0.65,13,292,max_joint_confidence,23,full_trade_flow,model_specific,validation
20260708_191538,542,validation,-6.804463792898785,0.6596031534294019,0.3362252840785185,0.6637747159214815,0.4378278957885146,-1,6.804463792898785,5.804463792898785,0.65,0.65,14,542,max_joint_confidence,0,full_trade_flow,model_specific,validation
20260708_191538,890,validation,-3.718184265129043,0.7680285599891616,0.3461348405473091,0.653865159452691,0.5021871168415338,-1,3.718184265129043,2.718184265129043,0.65,0.65,15,890,max_joint_confidence,0,full_trade_flow,model_specific,validation
20260708_192052,70,validation,-0.3060027266443832,0.6671198198315195,0.3475936547485933,0.6524063452514067,0.43523320350105854,-1,0.3060027266443832,-0.6939972733556168,0.65,0.65,16,70,max_joint_confidence,0,full_trade_flow,model_specific,validation
20260708_192052,333,validation,1.0463610380218036,0.7311414997113257,0.6542624095530025,0.6542624095530025,0.47835839932532787,1,1.0463610380218036,0.04636103802180358,0.65,0.65,17,284,max_joint_confidence,49,full_trade_flow,model_specific,validation
20260708_192052,470,validation,-0.9980304994894329,0.9062271959465431,0.8534905416594931,0.8534905416594931,0.7734563403349787,1,-0.9980304994894329,-1.998030499489433,0.65,0.65,18,470,max_joint_confidence,0,full_trade_flow,model_specific,validation
20260708_192052,572,validation,1.2072949590602455,0.7281221479072557,0.8377591908858681,0.8377591908858681,0.6099910214968629,1,1.2072949590602455,0.20729495906024553,0.65,0.65,19,572,max_joint_confidence,0,full_trade_flow,model_specific,validation
20260708_192607,580,validation,-4.55759836345937,0.6626605523871896,0.2920418545400076,0.7079581454599924,0.4691359357375288,-1,4.55759836345937,3.5575983634593698,0.65,0.65,20,580,max_joint_confidence,0,full_trade_flow,model_specific,validation
20260708_193122,1805,validation,2.581434164152796,0.7394994409780237,0.2869794541102081,0.7130205458897919,0.5272782950913464,-1,-2.581434164152796,-3.581434164152796,0.65,0.65,21,1795,max_joint_confidence,10,full_trade_flow,model_specific,validation
20260708_194153,2221,validation,-3.701609754753754,0.9309242456072556,0.3303273170637968,0.6696726829362032,0.6234145371661718,-1,3.701609754753754,2.701609754753754,0.65,0.65,22,2187,max_joint_confidence,34,full_trade_flow,model_specific,validation
20260708_194153,2258,validation,-1.6363867608204519,0.6710206645737907,0.31871759127344634,0.6812824087265537,0.45715457466612497,-1,1.6363867608204519,0.6363867608204519,0.65,0.65,23,2258,max_joint_confidence,0,full_trade_flow,model_specific,validation
20260708_195223,10,validation,6.9981783676920095,0.6556679149426097,0.658743772244008,0.658743772244008,0.4319171556286581,1,6.9981783676920095,5.9981783676920095,0.65,0.65,24,10,max_joint_confidence,0,full_trade_flow,model_specific,validation
20260708_195223,813,validation,0.008077009439055871,0.9061758597498301,0.2850044798262749,0.714995520173725,0.6479116802107022,-1,-0.008077009439055871,-1.0080770094390559,0.65,0.65,25,798,max_joint_confidence,15,full_trade_flow,model_specific,validation
20260708_195223,852,validation,-3.3760399697291277,0.8599502714373284,0.33358748803394905,0.6664125119660509,0.5730816205544373,-1,3.3760399697291277,2.3760399697291277,0.65,0.65,26,852,max_joint_confidence,0,full_trade_flow,model_specific,validation
20260708_195223,1207,validation,5.921346130108862,0.8728518158471792,0.31496505603399033,0.6850349439660097,0.5979339947595023,-1,-5.921346130108862,-6.921346130108862,0.65,0.65,27,1179,max_joint_confidence,28,full_trade_flow,model_specific,validation
20260708_195223,1263,validation,-1.4676247622158467,0.8035331703023683,0.32856722609708944,0.6714327739029106,0.539518505459119,-1,1.4676247622158467,0.4676247622158467,0.65,0.65,28,1263,max_joint_confidence,0,full_trade_flow,model_specific,validation
20260708_195223,1361,validation,-3.2903093132696792,0.7196823010403298,0.3486239911592683,0.6513760088407317,0.46878378488496397,-1,3.2903093132696792,2.2903093132696792,0.65,0.65,29,1339,max_joint_confidence,22,full_trade_flow,model_specific,validation
20260708_201318,565,validation,-3.4216059007297073,0.6638383145176379,0.29851662220405806,0.7014833777959419,0.4656715431781975,-1,3.4216059007297073,2.4216059007297073,0.65,0.65,30,565,max_joint_confidence,0,full_trade_flow,model_specific,validation
20260708_201318,621,validation,0.0,0.9339956614379518,0.7343193461448025,0.7343193461448025,0.6858510834091991,1,0.0,-1.0,0.65,0.65,31,621,max_joint_confidence,0,full_trade_flow,model_specific,validation
20260708_201318,708,validation,-3.6012156536080475,0.6859440764427714,0.6762827875874438,0.6762827875874438,0.4638921721458121,1,-3.6012156536080475,-4.6012156536080475,0.65,0.65,32,708,max_joint_confidence,0,full_trade_flow,model_specific,validation
20260708_201318,1018,validation,0.03246223627462186,0.7438539529907835,0.3407543980783874,0.6592456019216126,0.49038244698118,-1,-0.03246223627462186,-1.0324622362746219,0.65,0.65,33,1018,max_joint_confidence,0,full_trade_flow,model_specific,validation
20260708_202345,1356,validation,-2.468925245978637,0.7532281109322428,0.33050634096064696,0.669493659039353,0.504281444079327,-1,2.468925245978637,1.468925245978637,0.65,0.65,34,1356,max_joint_confidence,0,full_trade_flow,model_specific,validation
20260708_202345,1978,validation,4.078638092366305,0.6882691945210927,0.6576671300679195,0.6576671300679195,0.4526520258748457,1,4.078638092366305,3.0786380923663046,0.65,0.65,35,1978,max_joint_confidence,0,full_trade_flow,model_specific,validation
20260708_203410,743,validation,0.0,0.7637457345092227,0.9573641965100409,0.9573641965100409,0.731182821456393,1,0.0,-1.0,0.65,0.65,36,743,max_joint_confidence,0,full_trade_flow,model_specific,validation
20260708_203410,1105,validation,-1.701922118423349,0.7021446795899745,0.3275342677306581,0.6724657322693419,0.47216823611949466,-1,1.701922118423349,0.7019221184233491,0.65,0.65,37,1105,max_joint_confidence,0,full_trade_flow,model_specific,validation
20260708_210018,481,validation,0.29150670910693677,0.6722465121366331,0.33984192762507803,0.660158072374922,0.4437889616128843,-1,-0.29150670910693677,-1.2915067091069368,0.65,0.65,38,481,max_joint_confidence,0,full_trade_flow,model_specific,validation
20260708_210018,611,validation,1.1824476179755905,0.6791576234944348,0.3385684170798026,0.6614315829201973,0.44921630196024337,-1,-1.1824476179755905,-2.1824476179755905,0.65,0.65,39,611,max_joint_confidence,0,full_trade_flow,model_specific,validation
20260708_212631,628,validation,-6.8762413754419605,0.6555795158684288,0.30146756712828804,0.698532432871712,0.45794355416043264,-1,6.8762413754419605,5.8762413754419605,0.65,0.65,40,628,max_joint_confidence,0,full_trade_flow,model_specific,validation
20260708_213144,2009,validation,-3.1760655578727537,0.7124867948041851,0.29212459449058364,0.7078754055094163,0.5043518787921168,-1,3.1760655578727537,2.1760655578727537,0.65,0.65,41,2009,max_joint_confidence,0,full_trade_flow,model_specific,validation
20260708_213658,1608,validation,8.604369628839592,0.8417395182851873,0.3306920293298203,0.6693079706701797,0.5633829688163533,-1,-8.604369628839592,-9.604369628839592,0.65,0.65,42,1594,max_joint_confidence,14,full_trade_flow,model_specific,validation
20260708_213658,1677,validation,0.598123347583801,0.7418092594003814,0.34882389574936573,0.6511761042506343,0.4830484636333886,-1,-0.598123347583801,-1.598123347583801,0.65,0.65,43,1651,max_joint_confidence,26,full_trade_flow,model_specific,validation
20260708_213658,1756,validation,1.3744537556958925,0.7451786840737764,0.2916736297271243,0.7083263702728757,0.527829712494696,-1,-1.3744537556958925,-2.3744537556958925,0.65,0.65,44,1706,max_joint_confidence,50,full_trade_flow,model_specific,validation
20260708_213658,2280,validation,-4.77251162292025,0.8710850870709471,0.30481026691497976,0.6951897330850203,0.6055694091751934,-1,4.77251162292025,3.77251162292025,0.65,0.65,45,2259,max_joint_confidence,21,full_trade_flow,model_specific,validation
20260708_214213,1441,validation,0.40297264863431437,0.6689486450957957,0.659994795319775,0.659994795319775,0.44150262409944047,1,0.40297264863431437,-0.5970273513656856,0.65,0.65,46,1440,max_joint_confidence,1,full_trade_flow,model_specific,validation
20260708_215758,873,validation,-1.7877260527254801,0.9051894731996324,0.7269451062114674,0.7269451062114674,0.658023057736609,1,-1.7877260527254801,-2.78772605272548,0.65,0.65,47,873,max_joint_confidence,0,full_trade_flow,model_specific,validation
20260709_190039,195,test,0.5078450152251612,0.6637975285074605,0.6620090585116163,0.6620090585116163,0.4394399768895617,1,0.5078450152251612,-0.49215498477483877,0.65,0.65,0,195,first_eligible,0,full_trade_flow,model_specific,test
20260709_190555,1213,test,3.9102393432077776,0.687682072011605,0.6553252056900416,0.6553252056900416,0.4506553952903591,1,3.9102393432077776,2.9102393432077776,0.65,0.65,1,1213,first_eligible,0,full_trade_flow,model_specific,test
20260709_190555,2522,test,1.336520829438026,0.7040953916092244,0.32358341613977737,0.6764165838602226,0.47626179950403724,-1,-1.336520829438026,-2.336520829438026,0.65,0.65,2,2522,first_eligible,0,full_trade_flow,model_specific,test
20260709_192139,1550,test,-6.170256017792308,0.7236376281317883,0.319340649480998,0.680659350519002,0.4925507179752941,-1,6.170256017792308,5.170256017792308,0.65,0.65,3,1550,first_eligible,0,full_trade_flow,model_specific,test
20260709_194752,2504,test,-0.07957481584441872,0.7673919395885564,0.3466724257606768,0.6533275742393232,0.5013583143822008,-1,0.07957481584441872,-0.9204251841555813,0.65,0.65,4,2504,first_eligible,0,full_trade_flow,model_specific,test
20260709_200334,2576,test,-4.894642425778972,0.7599225797081433,0.3186456472730691,0.6813543527269309,0.5177765574196215,-1,4.894642425778972,3.8946424257789722,0.65,0.65,5,2576,first_eligible,0,full_trade_flow,model_specific,test
20260709_200849,66,test,-0.9818337011258116,0.6517462803245395,0.6622989985150514,0.6622989985150514,0.43165090874485246,1,-0.9818337011258116,-1.9818337011258116,0.65,0.65,6,66,first_eligible,0,full_trade_flow,model_specific,test
20260709_201919,1965,test,4.83023314189257,0.8255944433246833,0.6571214094565545,0.6571214094565545,0.5425157842370154,1,4.83023314189257,3.8302331418925704,0.65,0.65,7,1965,first_eligible,0,full_trade_flow,model_specific,test
20260709_201919,2044,test,-1.3448164839691135,0.9589028682367992,0.3053242465992747,0.6946757534007253,0.6661265724305149,-1,1.3448164839691135,0.34481648396911346,0.65,0.65,8,2044,first_eligible,0,full_trade_flow,model_specific,test
20260709_201919,2182,test,-10.597652224597631,0.7862607017615274,0.3078611734205215,0.6921388265794786,0.5442015595027809,-1,10.597652224597631,9.597652224597631,0.65,0.65,9,2182,first_eligible,0,full_trade_flow,model_specific,test
20260709_202431,2480,test,-10.612189174773468,0.9038316019844322,0.32847993942160925,0.6715200605783908,0.6069410521172499,-1,10.612189174773468,9.612189174773468,0.65,0.65,10,2480,first_eligible,0,full_trade_flow,model_specific,test
20260709_202947,1311,test,3.125185904935268,0.652165362924286,0.3121778891025425,0.6878221108974575,0.4485737565807888,-1,-3.125185904935268,-4.125185904935268,0.65,0.65,11,1311,first_eligible,0,full_trade_flow,model_specific,test
20260709_205559,948,test,-5.665853128673515,0.6946799729066024,0.31215012690500993,0.68784987309499,0.4778355312054376,-1,5.665853128673515,4.665853128673515,0.65,0.65,12,948,first_eligible,0,full_trade_flow,model_specific,test
20260709_211653,197,test,-3.4244148033468758,0.7333857391156222,0.3438160856538932,0.6561839143461068,0.48123592501850165,-1,3.4244148033468758,2.4244148033468758,0.65,0.65,13,197,first_eligible,0,full_trade_flow,model_specific,test
20260709_211653,459,test,-1.0833243720109742,0.7019009309019287,0.3378418238301264,0.6621581761698736,0.4647694402579576,-1,1.0833243720109742,0.0833243720109742,0.65,0.65,14,459,first_eligible,0,full_trade_flow,model_specific,test
20260709_211653,634,test,-5.361011980626884,0.7670193859997666,0.3151022942337698,0.6848977057662302,0.5253298177494627,-1,5.361011980626884,4.361011980626884,0.65,0.65,15,634,first_eligible,0,full_trade_flow,model_specific,test
20260709_212207,2118,test,0.6868279967053859,0.7421933696657877,0.29327645060100604,0.706723549398994,0.5245255325506051,-1,-0.6868279967053859,-1.6868279967053859,0.65,0.65,16,2118,first_eligible,0,full_trade_flow,model_specific,test
20260709_212207,2254,test,0.20768780369495587,0.6838531167799838,0.30851283994439077,0.6914871600556092,0.4728756496173679,-1,-0.20768780369495587,-1.2076878036949559,0.65,0.65,17,2254,first_eligible,0,full_trade_flow,model_specific,test
20260709_212722,1551,test,-2.9354683547744287,0.7371595693975225,0.28660070736208476,0.7133992926379152,0.5258891153694627,-1,2.9354683547744287,1.9354683547744287,0.65,0.65,18,1551,first_eligible,0,full_trade_flow,model_specific,test
20260709_213235,2604,test,2.878259968268626,0.6542705023626493,0.3040413457625612,0.6959586542374387,0.4553452183315624,-1,-2.878259968268626,-3.878259968268626,0.65,0.65,19,2604,first_eligible,0,full_trade_flow,model_specific,test
20260709_190039,210,test,-0.5553964300708536,0.6860128022825738,0.32860501465524256,0.6713949853447574,0.4605855553348246,-1,0.5553964300708536,-0.4446035699291464,0.65,0.65,0,195,max_move_probability,15,full_trade_flow,model_specific,test
20260709_190555,1213,test,3.9102393432077776,0.687682072011605,0.6553252056900416,0.6553252056900416,0.4506553952903591,1,3.9102393432077776,2.9102393432077776,0.65,0.65,1,1213,max_move_probability,0,full_trade_flow,model_specific,test
20260709_190555,2522,test,1.336520829438026,0.7040953916092244,0.32358341613977737,0.6764165838602226,0.47626179950403724,-1,-1.336520829438026,-2.336520829438026,0.65,0.65,2,2522,max_move_probability,0,full_trade_flow,model_specific,test
20260709_192139,1550,test,-6.170256017792308,0.7236376281317883,0.319340649480998,0.680659350519002,0.4925507179752941,-1,6.170256017792308,5.170256017792308,0.65,0.65,3,1550,max_move_probability,0,full_trade_flow,model_specific,test
20260709_194752,2504,test,-0.07957481584441872,0.7673919395885564,0.3466724257606768,0.6533275742393232,0.5013583143822008,-1,0.07957481584441872,-0.9204251841555813,0.65,0.65,4,2504,max_move_probability,0,full_trade_flow,model_specific,test
20260709_200334,2576,test,-4.894642425778972,0.7599225797081433,0.3186456472730691,0.6813543527269309,0.5177765574196215,-1,4.894642425778972,3.8946424257789722,0.65,0.65,5,2576,max_move_probability,0,full_trade_flow,model_specific,test
20260709_200849,66,test,-0.9818337011258116,0.6517462803245395,0.6622989985150514,0.6622989985150514,0.43165090874485246,1,-0.9818337011258116,-1.9818337011258116,0.65,0.65,6,66,max_move_probability,0,full_trade_flow,model_specific,test
20260709_201919,1969,test,9.026592817524826,0.8310599511630511,0.2924616462216026,0.7075383537783975,0.5880067897370606,-1,-9.026592817524826,-10.026592817524826,0.65,0.65,7,1965,max_move_probability,4,full_trade_flow,model_specific,test
20260709_201919,2044,test,-1.3448164839691135,0.9589028682367992,0.3053242465992747,0.6946757534007253,0.6661265724305149,-1,1.3448164839691135,0.34481648396911346,0.65,0.65,8,2044,max_move_probability,0,full_trade_flow,model_specific,test
20260709_201919,2224,test,-4.259237121547743,0.8442643756142115,0.31501240333426617,0.6849875966657338,0.5783106256024751,-1,4.259237121547743,3.259237121547743,0.65,0.65,9,2182,max_move_probability,42,full_trade_flow,model_specific,test
20260709_202431,2480,test,-10.612189174773468,0.9038316019844322,0.32847993942160925,0.6715200605783908,0.6069410521172499,-1,10.612189174773468,9.612189174773468,0.65,0.65,10,2480,max_move_probability,0,full_trade_flow,model_specific,test
20260709_202947,1311,test,3.125185904935268,0.652165362924286,0.3121778891025425,0.6878221108974575,0.4485737565807888,-1,-3.125185904935268,-4.125185904935268,0.65,0.65,11,1311,max_move_probability,0,full_trade_flow,model_specific,test
20260709_205559,962,test,-1.8070860061503158,0.7671810315124771,0.3007537388589722,0.6992462611410277,0.5364484679034166,-1,1.8070860061503158,0.8070860061503158,0.65,0.65,12,948,max_move_probability,14,full_trade_flow,model_specific,test
20260709_211653,197,test,-3.4244148033468758,0.7333857391156222,0.3438160856538932,0.6561839143461068,0.48123592501850165,-1,3.4244148033468758,2.4244148033468758,0.65,0.65,13,197,max_move_probability,0,full_trade_flow,model_specific,test
20260709_211653,459,test,-1.0833243720109742,0.7019009309019287,0.3378418238301264,0.6621581761698736,0.4647694402579576,-1,1.0833243720109742,0.0833243720109742,0.65,0.65,14,459,max_move_probability,0,full_trade_flow,model_specific,test
20260709_211653,634,test,-5.361011980626884,0.7670193859997666,0.3151022942337698,0.6848977057662302,0.5253298177494627,-1,5.361011980626884,4.361011980626884,0.65,0.65,15,634,max_move_probability,0,full_trade_flow,model_specific,test
20260709_212207,2118,test,0.6868279967053859,0.7421933696657877,0.29327645060100604,0.706723549398994,0.5245255325506051,-1,-0.6868279967053859,-1.6868279967053859,0.65,0.65,16,2118,max_move_probability,0,full_trade_flow,model_specific,test
20260709_212207,2254,test,0.20768780369495587,0.6838531167799838,0.30851283994439077,0.6914871600556092,0.4728756496173679,-1,-0.20768780369495587,-1.2076878036949559,0.65,0.65,17,2254,max_move_probability,0,full_trade_flow,model_specific,test
20260709_212722,1551,test,-2.9354683547744287,0.7371595693975225,0.28660070736208476,0.7133992926379152,0.5258891153694627,-1,2.9354683547744287,1.9354683547744287,0.65,0.65,18,1551,max_move_probability,0,full_trade_flow,model_specific,test
20260709_213235,2604,test,2.878259968268626,0.6542705023626493,0.3040413457625612,0.6959586542374387,0.4553452183315624,-1,-2.878259968268626,-3.878259968268626,0.65,0.65,19,2604,max_move_probability,0,full_trade_flow,model_specific,test
20260709_190039,210,test,-0.5553964300708536,0.6860128022825738,0.32860501465524256,0.6713949853447574,0.4605855553348246,-1,0.5553964300708536,-0.4446035699291464,0.65,0.65,0,195,max_joint_confidence,15,full_trade_flow,model_specific,test
20260709_190555,1213,test,3.9102393432077776,0.687682072011605,0.6553252056900416,0.6553252056900416,0.4506553952903591,1,3.9102393432077776,2.9102393432077776,0.65,0.65,1,1213,max_joint_confidence,0,full_trade_flow,model_specific,test
20260709_190555,2522,test,1.336520829438026,0.7040953916092244,0.32358341613977737,0.6764165838602226,0.47626179950403724,-1,-1.336520829438026,-2.336520829438026,0.65,0.65,2,2522,max_joint_confidence,0,full_trade_flow,model_specific,test
20260709_192139,1550,test,-6.170256017792308,0.7236376281317883,0.319340649480998,0.680659350519002,0.4925507179752941,-1,6.170256017792308,5.170256017792308,0.65,0.65,3,1550,max_joint_confidence,0,full_trade_flow,model_specific,test
20260709_194752,2504,test,-0.07957481584441872,0.7673919395885564,0.3466724257606768,0.6533275742393232,0.5013583143822008,-1,0.07957481584441872,-0.9204251841555813,0.65,0.65,4,2504,max_joint_confidence,0,full_trade_flow,model_specific,test
20260709_200334,2576,test,-4.894642425778972,0.7599225797081433,0.3186456472730691,0.6813543527269309,0.5177765574196215,-1,4.894642425778972,3.8946424257789722,0.65,0.65,5,2576,max_joint_confidence,0,full_trade_flow,model_specific,test
20260709_200849,66,test,-0.9818337011258116,0.6517462803245395,0.6622989985150514,0.6622989985150514,0.43165090874485246,1,-0.9818337011258116,-1.9818337011258116,0.65,0.65,6,66,max_joint_confidence,0,full_trade_flow,model_specific,test
20260709_201919,1969,test,9.026592817524826,0.8310599511630511,0.2924616462216026,0.7075383537783975,0.5880067897370606,-1,-9.026592817524826,-10.026592817524826,0.65,0.65,7,1965,max_joint_confidence,4,full_trade_flow,model_specific,test
20260709_201919,2044,test,-1.3448164839691135,0.9589028682367992,0.3053242465992747,0.6946757534007253,0.6661265724305149,-1,1.3448164839691135,0.34481648396911346,0.65,0.65,8,2044,max_joint_confidence,0,full_trade_flow,model_specific,test
20260709_201919,2224,test,-4.259237121547743,0.8442643756142115,0.31501240333426617,0.6849875966657338,0.5783106256024751,-1,4.259237121547743,3.259237121547743,0.65,0.65,9,2182,max_joint_confidence,42,full_trade_flow,model_specific,test
20260709_202431,2494,test,-0.6117850457487695,0.8777970493312703,0.2930173176621036,0.7069826823378964,0.6205873124845123,-1,0.6117850457487695,-0.38821495425123054,0.65,0.65,10,2480,max_joint_confidence,14,full_trade_flow,model_specific,test
20260709_202947,1311,test,3.125185904935268,0.652165362924286,0.3121778891025425,0.6878221108974575,0.4485737565807888,-1,-3.125185904935268,-4.125185904935268,0.65,0.65,11,1311,max_joint_confidence,0,full_trade_flow,model_specific,test
20260709_205559,962,test,-1.8070860061503158,0.7671810315124771,0.3007537388589722,0.6992462611410277,0.5364484679034166,-1,1.8070860061503158,0.8070860061503158,0.65,0.65,12,948,max_joint_confidence,14,full_trade_flow,model_specific,test
20260709_211653,197,test,-3.4244148033468758,0.7333857391156222,0.3438160856538932,0.6561839143461068,0.48123592501850165,-1,3.4244148033468758,2.4244148033468758,0.65,0.65,13,197,max_joint_confidence,0,full_trade_flow,model_specific,test
20260709_211653,459,test,-1.0833243720109742,0.7019009309019287,0.3378418238301264,0.6621581761698736,0.4647694402579576,-1,1.0833243720109742,0.0833243720109742,0.65,0.65,14,459,max_joint_confidence,0,full_trade_flow,model_specific,test
20260709_211653,634,test,-5.361011980626884,0.7670193859997666,0.3151022942337698,0.6848977057662302,0.5253298177494627,-1,5.361011980626884,4.361011980626884,0.65,0.65,15,634,max_joint_confidence,0,full_trade_flow,model_specific,test
20260709_212207,2118,test,0.6868279967053859,0.7421933696657877,0.29327645060100604,0.706723549398994,0.5245255325506051,-1,-0.6868279967053859,-1.6868279967053859,0.65,0.65,16,2118,max_joint_confidence,0,full_trade_flow,model_specific,test
20260709_212207,2254,test,0.20768780369495587,0.6838531167799838,0.30851283994439077,0.6914871600556092,0.4728756496173679,-1,-0.20768780369495587,-1.2076878036949559,0.65,0.65,17,2254,max_joint_confidence,0,full_trade_flow,model_specific,test
20260709_212722,1551,test,-2.9354683547744287,0.7371595693975225,0.28660070736208476,0.7133992926379152,0.5258891153694627,-1,2.9354683547744287,1.9354683547744287,0.65,0.65,18,1551,max_joint_confidence,0,full_trade_flow,model_specific,test
20260709_213235,2604,test,2.878259968268626,0.6542705023626493,0.3040413457625612,0.6959586542374387,0.4553452183315624,-1,-2.878259968268626,-3.878259968268626,0.65,0.65,19,2604,max_joint_confidence,0,full_trade_flow,model_specific,test
20260708_185955,304,validation,0.8235217179630716,0.7066737179641679,0.291361009249674,0.708638990750326,0.5007765502879085,-1,-0.8235217179630716,-1.8235217179630716,0.65,0.65,0,304,first_eligible,0,medium_trade_flow,model_specific,validation
20260708_185955,624,validation,-2.733438908044672,0.6567375962949135,0.32954646687234035,0.6704535331276597,0.4403120417736913,-1,2.733438908044672,1.733438908044672,0.65,0.65,1,624,first_eligible,0,medium_trade_flow,model_specific,validation
20260708_185955,1086,validation,3.341018752476277,0.7003679723980161,0.3183973670981201,0.6816026329018798,0.47737265398663886,-1,-3.341018752476277,-4.341018752476277,0.65,0.65,2,1086,first_eligible,0,medium_trade_flow,model_specific,validation
20260708_185955,1240,validation,-3.9544735183438817,0.6831628221202709,0.6592768524187278,0.6592768524187278,0.45039343505694746,1,-3.9544735183438817,-4.954473518343882,0.65,0.65,3,1240,first_eligible,0,medium_trade_flow,model_specific,validation
20260708_185955,1967,validation,2.0989289811224054,0.755434477646148,0.6525958922316634,0.6525958922316634,0.4929934369620485,1,2.0989289811224054,1.0989289811224054,0.65,0.65,4,1967,first_eligible,0,medium_trade_flow,model_specific,validation
20260708_190508,912,validation,0.6941389650072516,0.6632883799195124,0.31089069319777224,0.6891093068022278,0.4570781956963079,-1,-0.6941389650072516,-1.6941389650072516,0.65,0.65,5,912,first_eligible,0,medium_trade_flow,model_specific,validation
20260708_190508,1731,validation,0.9687865060947765,0.6633672109186038,0.3455071144581363,0.6544928855418637,0.43416912004797514,-1,-0.9687865060947765,-1.9687865060947765,0.65,0.65,6,1731,first_eligible,0,medium_trade_flow,model_specific,validation
20260708_190508,2639,validation,9.341127824218365,0.7759819640729758,0.29404300983031967,0.7059569901696803,0.547809891782915,-1,-9.341127824218365,-10.341127824218365,0.65,0.65,7,2639,first_eligible,0,medium_trade_flow,model_specific,validation
20260708_190508,2692,validation,-5.012099142865933,0.7576718972172815,0.332965064171528,0.667034935828472,0.5053936253393659,-1,5.012099142865933,4.012099142865933,0.65,0.65,8,2692,first_eligible,0,medium_trade_flow,model_specific,validation
20260708_191023,20,validation,-4.2077601737910975,0.6547303722925228,0.3210352808968079,0.6789647191031921,0.4445388233119212,-1,4.2077601737910975,3.2077601737910975,0.65,0.65,9,20,first_eligible,0,medium_trade_flow,model_specific,validation
20260708_191023,1742,validation,1.4170703841154264,0.8887996379088849,0.934843815269349,0.934843815269349,0.8308888445127579,1,1.4170703841154264,0.4170703841154264,0.65,0.65,10,1742,first_eligible,0,medium_trade_flow,model_specific,validation
20260708_191023,2478,validation,-2.2879294802125028,0.7436927364457382,0.34256897787838525,0.6574310221216147,0.4889266758659423,-1,2.2879294802125028,1.2879294802125028,0.65,0.65,11,2478,first_eligible,0,medium_trade_flow,model_specific,validation
20260708_191023,2838,validation,-0.44373876534109513,0.6845705494564667,0.2912101633389659,0.7087898366610341,0.48521664793220337,-1,0.44373876534109513,-0.5562612346589049,0.65,0.65,12,2838,first_eligible,0,medium_trade_flow,model_specific,validation
20260708_191538,292,validation,0.145331116763181,0.6543283185610345,0.29543656654158695,0.704563433458413,0.46101580673443265,-1,-0.145331116763181,-1.145331116763181,0.65,0.65,13,292,first_eligible,0,medium_trade_flow,model_specific,validation
20260708_191538,542,validation,-6.804463792898785,0.6563693189663428,0.3362252840785185,0.6637747159214815,0.4356813582364605,-1,6.804463792898785,5.804463792898785,0.65,0.65,14,542,first_eligible,0,medium_trade_flow,model_specific,validation
20260708_191538,890,validation,-3.718184265129043,0.7653099205483489,0.3461348405473091,0.653865159452691,0.5004094932300724,-1,3.718184265129043,2.718184265129043,0.65,0.65,15,890,first_eligible,0,medium_trade_flow,model_specific,validation
20260708_192052,70,validation,-0.3060027266443832,0.6660431202122044,0.3475936547485933,0.6524063452514067,0.43453075783748757,-1,0.3060027266443832,-0.6939972733556168,0.65,0.65,16,70,first_eligible,0,medium_trade_flow,model_specific,validation
20260708_192052,284,validation,-3.3311474354580373,0.7052246375018156,0.33721897668581613,0.6627810233141839,0.46740950690982774,-1,3.3311474354580373,2.3311474354580373,0.65,0.65,17,284,first_eligible,0,medium_trade_flow,model_specific,validation
20260708_192052,470,validation,-0.9980304994894329,0.8884787336869814,0.8534905416594931,0.8534905416594931,0.7583081956674422,1,-0.9980304994894329,-1.998030499489433,0.65,0.65,18,470,first_eligible,0,medium_trade_flow,model_specific,validation
20260708_192052,572,validation,1.2072949590602455,0.66984035254422,0.8377591908858681,0.8377591908858681,0.5611649117701505,1,1.2072949590602455,0.20729495906024553,0.65,0.65,19,572,first_eligible,0,medium_trade_flow,model_specific,validation
20260708_192607,580,validation,-4.55759836345937,0.6630695173236446,0.2920418545400076,0.7079581454599924,0.4694254657954997,-1,4.55759836345937,3.5575983634593698,0.65,0.65,20,580,first_eligible,0,medium_trade_flow,model_specific,validation
20260708_193122,1795,validation,2.774970092436213,0.7443838444131645,0.3149456201028519,0.6850543798971481,0.5099434129399156,-1,-2.774970092436213,-3.774970092436213,0.65,0.65,21,1795,first_eligible,0,medium_trade_flow,model_specific,validation
20260708_194153,2187,validation,-10.981949785702216,0.7710866580357301,0.31461263826530955,0.6853873617346904,0.5284930502199284,-1,10.981949785702216,9.981949785702216,0.65,0.65,22,2187,first_eligible,0,medium_trade_flow,model_specific,validation
20260708_195223,10,validation,6.9981783676920095,0.6502170211577778,0.658743772244008,0.658743772244008,0.42832641329473653,1,6.9981783676920095,5.9981783676920095,0.65,0.65,23,10,first_eligible,0,medium_trade_flow,model_specific,validation
20260708_195223,798,validation,8.406003503040882,0.7302076953706205,0.288804744036051,0.711195255963949,0.5193202488159537,-1,-8.406003503040882,-9.406003503040882,0.65,0.65,24,798,first_eligible,0,medium_trade_flow,model_specific,validation
20260708_195223,852,validation,-3.3760399697291277,0.8500964519929292,0.33358748803394905,0.6664125119660509,0.5665149119860353,-1,3.3760399697291277,2.3760399697291277,0.65,0.65,25,852,first_eligible,0,medium_trade_flow,model_specific,validation
20260708_195223,1179,validation,0.8550393681105994,0.834586486180543,0.3443651046742083,0.6556348953257918,0.5471840235073007,-1,-0.8550393681105994,-1.8550393681105994,0.65,0.65,26,1179,first_eligible,0,medium_trade_flow,model_specific,validation
20260708_195223,1263,validation,-1.4676247622158467,0.7985620182493525,0.32856722609708944,0.6714327739029106,0.5361807110466694,-1,1.4676247622158467,0.4676247622158467,0.65,0.65,27,1263,first_eligible,0,medium_trade_flow,model_specific,validation
20260708_195223,1339,validation,-1.741787993758681,0.6773764484027565,0.33804092450953027,0.6619590754904697,0.44839548754370656,-1,1.741787993758681,0.7417879937586811,0.65,0.65,28,1339,first_eligible,0,medium_trade_flow,model_specific,validation
20260708_201318,565,validation,-3.4216059007297073,0.6601803059789625,0.29851662220405806,0.7014833777959419,0.4631055109924811,-1,3.4216059007297073,2.4216059007297073,0.65,0.65,29,565,first_eligible,0,medium_trade_flow,model_specific,validation
20260708_201318,621,validation,0.0,0.9207271842635687,0.7343193461448025,0.7343193461448025,0.6761077839261689,1,0.0,-1.0,0.65,0.65,30,621,first_eligible,0,medium_trade_flow,model_specific,validation
20260708_201318,708,validation,-3.6012156536080475,0.6704665129997203,0.6762827875874438,0.6762827875874438,0.4534249623954839,1,-3.6012156536080475,-4.6012156536080475,0.65,0.65,31,708,first_eligible,0,medium_trade_flow,model_specific,validation
20260708_201318,1018,validation,0.03246223627462186,0.7399418444272912,0.3407543980783874,0.6592456019216126,0.4878034066164578,-1,-0.03246223627462186,-1.0324622362746219,0.65,0.65,32,1018,first_eligible,0,medium_trade_flow,model_specific,validation
20260708_202345,1356,validation,-2.468925245978637,0.750312290575185,0.33050634096064696,0.669493659039353,0.5023293208393789,-1,2.468925245978637,1.468925245978637,0.65,0.65,33,1356,first_eligible,0,medium_trade_flow,model_specific,validation
20260708_202345,1978,validation,4.078638092366305,0.6753126533777684,0.6576671300679195,0.6576671300679195,0.4441309346455086,1,4.078638092366305,3.0786380923663046,0.65,0.65,34,1978,first_eligible,0,medium_trade_flow,model_specific,validation
20260708_203410,743,validation,0.0,0.7395470968774426,0.9573641965100409,0.9573641965100409,0.7080159121834062,1,0.0,-1.0,0.65,0.65,35,743,first_eligible,0,medium_trade_flow,model_specific,validation
20260708_203410,1105,validation,-1.701922118423349,0.7009481852749835,0.3275342677306581,0.6724657322693419,0.4713636346938081,-1,1.701922118423349,0.7019221184233491,0.65,0.65,36,1105,first_eligible,0,medium_trade_flow,model_specific,validation
20260708_210018,481,validation,0.29150670910693677,0.66675351650075,0.33984192762507803,0.660158072374922,0.4401627162023358,-1,-0.29150670910693677,-1.2915067091069368,0.65,0.65,37,481,first_eligible,0,medium_trade_flow,model_specific,validation
20260708_210018,611,validation,1.1824476179755905,0.6754604738952792,0.3385684170798026,0.6614315829201973,0.44677089044858115,-1,-1.1824476179755905,-2.1824476179755905,0.65,0.65,38,611,first_eligible,0,medium_trade_flow,model_specific,validation
20260708_213144,2009,validation,-3.1760655578727537,0.6726462474868812,0.29212459449058364,0.7078754055094163,0.4761497352041632,-1,3.1760655578727537,2.1760655578727537,0.65,0.65,39,2009,first_eligible,0,medium_trade_flow,model_specific,validation
20260708_213658,1594,validation,0.16166907149450793,0.6965340935515081,0.29229765358762605,0.707702346412374,0.4929388123626183,-1,-0.16166907149450793,-1.161669071494508,0.65,0.65,40,1594,first_eligible,0,medium_trade_flow,model_specific,validation
20260708_213658,1651,validation,-1.0989676976225216,0.6909539660385767,0.32314552637535504,0.6768544736246449,0.46767528298190164,-1,1.0989676976225216,0.09896769762252156,0.65,0.65,41,1651,first_eligible,0,medium_trade_flow,model_specific,validation
20260708_213658,1706,validation,-4.315538605886848,0.6501689429477955,0.3476264442541485,0.6523735557458514,0.42415302514637493,-1,4.315538605886848,3.3155386058868483,0.65,0.65,42,1706,first_eligible,0,medium_trade_flow,model_specific,validation
20260708_213658,2259,validation,-7.28653240854471,0.7365020775668907,0.3385391498487076,0.6614608501512924,0.4871672903655886,-1,7.28653240854471,6.28653240854471,0.65,0.65,43,2259,first_eligible,0,medium_trade_flow,model_specific,validation
20260708_214213,1440,validation,-0.17730796539883187,0.6610652258851961,0.6529051478972202,0.6529051478972202,0.43161288907628326,1,-0.17730796539883187,-1.1773079653988319,0.65,0.65,44,1440,first_eligible,0,medium_trade_flow,model_specific,validation
20260708_215758,873,validation,-1.7877260527254801,0.8936249077267485,0.7269451062114674,0.7269451062114674,0.6496162534606339,1,-1.7877260527254801,-2.78772605272548,0.65,0.65,45,873,first_eligible,0,medium_trade_flow,model_specific,validation
20260708_185955,318,validation,3.3747970479414136,0.7468245454535508,0.3429123028669733,0.6570876971330267,0.49072922073449315,-1,-3.3747970479414136,-4.3747970479414136,0.65,0.65,0,304,max_move_probability,14,medium_trade_flow,model_specific,validation
20260708_185955,650,validation,0.37101531567218515,0.7055083713179119,0.6586571229271705,0.6586571229271705,0.46468811405328975,1,0.37101531567218515,-0.6289846843278148,0.65,0.65,1,624,max_move_probability,26,medium_trade_flow,model_specific,validation
20260708_185955,1119,validation,0.5323907328502742,0.7252841543055888,0.32763839632313113,0.6723616036768689,0.48765321711032733,-1,-0.5323907328502742,-1.5323907328502742,0.65,0.65,2,1086,max_move_probability,33,medium_trade_flow,model_specific,validation
20260708_185955,1240,validation,-3.9544735183438817,0.6831628221202709,0.6592768524187278,0.6592768524187278,0.45039343505694746,1,-3.9544735183438817,-4.954473518343882,0.65,0.65,3,1240,max_move_probability,0,medium_trade_flow,model_specific,validation
20260708_185955,1967,validation,2.0989289811224054,0.755434477646148,0.6525958922316634,0.6525958922316634,0.4929934369620485,1,2.0989289811224054,1.0989289811224054,0.65,0.65,4,1967,max_move_probability,0,medium_trade_flow,model_specific,validation
20260708_190508,912,validation,0.6941389650072516,0.6632883799195124,0.31089069319777224,0.6891093068022278,0.4570781956963079,-1,-0.6941389650072516,-1.6941389650072516,0.65,0.65,5,912,max_move_probability,0,medium_trade_flow,model_specific,validation
20260708_190508,1731,validation,0.9687865060947765,0.6633672109186038,0.3455071144581363,0.6544928855418637,0.43416912004797514,-1,-0.9687865060947765,-1.9687865060947765,0.65,0.65,6,1731,max_move_probability,0,medium_trade_flow,model_specific,validation
20260708_190508,2639,validation,9.341127824218365,0.7759819640729758,0.29404300983031967,0.7059569901696803,0.547809891782915,-1,-9.341127824218365,-10.341127824218365,0.65,0.65,7,2639,max_move_probability,0,medium_trade_flow,model_specific,validation
20260708_190508,2708,validation,-2.5952233383119694,0.8010175083983915,0.31885200464658653,0.6811479953534134,0.5456114700885504,-1,2.5952233383119694,1.5952233383119694,0.65,0.65,8,2692,max_move_probability,16,medium_trade_flow,model_specific,validation
20260708_191023,45,validation,-3.612201177028984,0.7217559935677887,0.2934876894848154,0.7065123105151846,0.5099294946437611,-1,3.612201177028984,2.612201177028984,0.65,0.65,9,20,max_move_probability,25,medium_trade_flow,model_specific,validation
20260708_191023,1769,validation,1.755234907596659,0.998875819952408,0.8802784452536901,0.8802784452536901,0.8792888537892106,1,1.755234907596659,0.7552349075966589,0.65,0.65,10,1742,max_move_probability,27,medium_trade_flow,model_specific,validation
20260708_191023,2478,validation,-2.2879294802125028,0.7436927364457382,0.34256897787838525,0.6574310221216147,0.4889266758659423,-1,2.2879294802125028,1.2879294802125028,0.65,0.65,11,2478,max_move_probability,0,medium_trade_flow,model_specific,validation
20260708_191023,2838,validation,-0.44373876534109513,0.6845705494564667,0.2912101633389659,0.7087898366610341,0.48521664793220337,-1,0.44373876534109513,-0.5562612346589049,0.65,0.65,12,2838,max_move_probability,0,medium_trade_flow,model_specific,validation
20260708_191538,315,validation,3.7957928078613534,0.668062799241186,0.2996587663695413,0.7003412336304586,0.4678719249631896,-1,-3.7957928078613534,-4.795792807861353,0.65,0.65,13,292,max_move_probability,23,medium_trade_flow,model_specific,validation
20260708_191538,542,validation,-6.804463792898785,0.6563693189663428,0.3362252840785185,0.6637747159214815,0.4356813582364605,-1,6.804463792898785,5.804463792898785,0.65,0.65,14,542,max_move_probability,0,medium_trade_flow,model_specific,validation
20260708_191538,890,validation,-3.718184265129043,0.7653099205483489,0.3461348405473091,0.653865159452691,0.5004094932300724,-1,3.718184265129043,2.718184265129043,0.65,0.65,15,890,max_move_probability,0,medium_trade_flow,model_specific,validation
20260708_192052,70,validation,-0.3060027266443832,0.6660431202122044,0.3475936547485933,0.6524063452514067,0.43453075783748757,-1,0.3060027266443832,-0.6939972733556168,0.65,0.65,16,70,max_move_probability,0,medium_trade_flow,model_specific,validation
20260708_192052,333,validation,1.0463610380218036,0.7292649031455751,0.6542624095530025,0.6542624095530025,0.477130612734461,1,1.0463610380218036,0.04636103802180358,0.65,0.65,17,284,max_move_probability,49,medium_trade_flow,model_specific,validation
20260708_192052,470,validation,-0.9980304994894329,0.8884787336869814,0.8534905416594931,0.8534905416594931,0.7583081956674422,1,-0.9980304994894329,-1.998030499489433,0.65,0.65,18,470,max_move_probability,0,medium_trade_flow,model_specific,validation
20260708_192052,572,validation,1.2072949590602455,0.66984035254422,0.8377591908858681,0.8377591908858681,0.5611649117701505,1,1.2072949590602455,0.20729495906024553,0.65,0.65,19,572,max_move_probability,0,medium_trade_flow,model_specific,validation
20260708_192607,580,validation,-4.55759836345937,0.6630695173236446,0.2920418545400076,0.7079581454599924,0.4694254657954997,-1,4.55759836345937,3.5575983634593698,0.65,0.65,20,580,max_move_probability,0,medium_trade_flow,model_specific,validation
20260708_193122,1795,validation,2.774970092436213,0.7443838444131645,0.3149456201028519,0.6850543798971481,0.5099434129399156,-1,-2.774970092436213,-3.774970092436213,0.65,0.65,21,1795,max_move_probability,0,medium_trade_flow,model_specific,validation
20260708_194153,2221,validation,-3.701609754753754,0.9186605824117686,0.3303273170637968,0.6696726829362032,0.6152018969314241,-1,3.701609754753754,2.701609754753754,0.65,0.65,22,2187,max_move_probability,34,medium_trade_flow,model_specific,validation
20260708_195223,10,validation,6.9981783676920095,0.6502170211577778,0.658743772244008,0.658743772244008,0.42832641329473653,1,6.9981783676920095,5.9981783676920095,0.65,0.65,23,10,max_move_probability,0,medium_trade_flow,model_specific,validation
20260708_195223,813,validation,0.008077009439055871,0.8951154199522756,0.2850044798262749,0.714995520173725,0.6400035153042997,-1,-0.008077009439055871,-1.0080770094390559,0.65,0.65,24,798,max_move_probability,15,medium_trade_flow,model_specific,validation
20260708_195223,852,validation,-3.3760399697291277,0.8500964519929292,0.33358748803394905,0.6664125119660509,0.5665149119860353,-1,3.3760399697291277,2.3760399697291277,0.65,0.65,25,852,max_move_probability,0,medium_trade_flow,model_specific,validation
20260708_195223,1209,validation,7.099677045372399,0.8707659496681653,0.3350586933285435,0.6649413066714565,0.5790082483773615,-1,-7.099677045372399,-8.099677045372399,0.65,0.65,26,1179,max_move_probability,30,medium_trade_flow,model_specific,validation
20260708_195223,1263,validation,-1.4676247622158467,0.7985620182493525,0.32856722609708944,0.6714327739029106,0.5361807110466694,-1,1.4676247622158467,0.4676247622158467,0.65,0.65,27,1263,max_move_probability,0,medium_trade_flow,model_specific,validation
20260708_195223,1361,validation,-3.2903093132696792,0.7176010884522397,0.3486239911592683,0.6513760088407317,0.4674281329357847,-1,3.2903093132696792,2.2903093132696792,0.65,0.65,28,1339,max_move_probability,22,medium_trade_flow,model_specific,validation
20260708_201318,565,validation,-3.4216059007297073,0.6601803059789625,0.29851662220405806,0.7014833777959419,0.4631055109924811,-1,3.4216059007297073,2.4216059007297073,0.65,0.65,29,565,max_move_probability,0,medium_trade_flow,model_specific,validation
20260708_201318,621,validation,0.0,0.9207271842635687,0.7343193461448025,0.7343193461448025,0.6761077839261689,1,0.0,-1.0,0.65,0.65,30,621,max_move_probability,0,medium_trade_flow,model_specific,validation
20260708_201318,708,validation,-3.6012156536080475,0.6704665129997203,0.6762827875874438,0.6762827875874438,0.4534249623954839,1,-3.6012156536080475,-4.6012156536080475,0.65,0.65,31,708,max_move_probability,0,medium_trade_flow,model_specific,validation
20260708_201318,1018,validation,0.03246223627462186,0.7399418444272912,0.3407543980783874,0.6592456019216126,0.4878034066164578,-1,-0.03246223627462186,-1.0324622362746219,0.65,0.65,32,1018,max_move_probability,0,medium_trade_flow,model_specific,validation
20260708_202345,1356,validation,-2.468925245978637,0.750312290575185,0.33050634096064696,0.669493659039353,0.5023293208393789,-1,2.468925245978637,1.468925245978637,0.65,0.65,33,1356,max_move_probability,0,medium_trade_flow,model_specific,validation
20260708_202345,1978,validation,4.078638092366305,0.6753126533777684,0.6576671300679195,0.6576671300679195,0.4441309346455086,1,4.078638092366305,3.0786380923663046,0.65,0.65,34,1978,max_move_probability,0,medium_trade_flow,model_specific,validation
20260708_203410,743,validation,0.0,0.7395470968774426,0.9573641965100409,0.9573641965100409,0.7080159121834062,1,0.0,-1.0,0.65,0.65,35,743,max_move_probability,0,medium_trade_flow,model_specific,validation
20260708_203410,1105,validation,-1.701922118423349,0.7009481852749835,0.3275342677306581,0.6724657322693419,0.4713636346938081,-1,1.701922118423349,0.7019221184233491,0.65,0.65,36,1105,max_move_probability,0,medium_trade_flow,model_specific,validation
20260708_210018,481,validation,0.29150670910693677,0.66675351650075,0.33984192762507803,0.660158072374922,0.4401627162023358,-1,-0.29150670910693677,-1.2915067091069368,0.65,0.65,37,481,max_move_probability,0,medium_trade_flow,model_specific,validation
20260708_210018,611,validation,1.1824476179755905,0.6754604738952792,0.3385684170798026,0.6614315829201973,0.44677089044858115,-1,-1.1824476179755905,-2.1824476179755905,0.65,0.65,38,611,max_move_probability,0,medium_trade_flow,model_specific,validation
20260708_213144,2033,validation,-1.1316542279005137,0.7502749085985069,0.3499085935525369,0.6500914064474631,0.4877472705530452,-1,1.1316542279005137,0.13165422790051373,0.65,0.65,39,2009,max_move_probability,24,medium_trade_flow,model_specific,validation
20260708_213658,1608,validation,8.604369628839592,0.8439769531253777,0.3306920293298203,0.6693079706701797,0.5648805017887479,-1,-8.604369628839592,-9.604369628839592,0.65,0.65,40,1594,max_move_probability,14,medium_trade_flow,model_specific,validation
20260708_213658,1677,validation,0.598123347583801,0.7377416068151005,0.34882389574936573,0.6511761042506343,0.48039970546946037,-1,-0.598123347583801,-1.598123347583801,0.65,0.65,41,1651,max_move_probability,26,medium_trade_flow,model_specific,validation
20260708_213658,1756,validation,1.3744537556958925,0.7446956110416801,0.2916736297271243,0.7083263702728757,0.5274875391272945,-1,-1.3744537556958925,-2.3744537556958925,0.65,0.65,42,1706,max_move_probability,50,medium_trade_flow,model_specific,validation
20260708_213658,2280,validation,-4.77251162292025,0.8590591983685028,0.30481026691497976,0.6951897330850203,0.597209134818031,-1,4.77251162292025,3.77251162292025,0.65,0.65,43,2259,max_move_probability,21,medium_trade_flow,model_specific,validation
20260708_214213,1441,validation,0.40297264863431437,0.6665702182402438,0.659994795319775,0.659994795319775,0.43993287475372744,1,0.40297264863431437,-0.5970273513656856,0.65,0.65,44,1440,max_move_probability,1,medium_trade_flow,model_specific,validation
20260708_215758,873,validation,-1.7877260527254801,0.8936249077267485,0.7269451062114674,0.7269451062114674,0.6496162534606339,1,-1.7877260527254801,-2.78772605272548,0.65,0.65,45,873,max_move_probability,0,medium_trade_flow,model_specific,validation
20260708_185955,304,validation,0.8235217179630716,0.7066737179641679,0.291361009249674,0.708638990750326,0.5007765502879085,-1,-0.8235217179630716,-1.8235217179630716,0.65,0.65,0,304,max_joint_confidence,0,medium_trade_flow,model_specific,validation
20260708_185955,650,validation,0.37101531567218515,0.7055083713179119,0.6586571229271705,0.6586571229271705,0.46468811405328975,1,0.37101531567218515,-0.6289846843278148,0.65,0.65,1,624,max_joint_confidence,26,medium_trade_flow,model_specific,validation
20260708_185955,1119,validation,0.5323907328502742,0.7252841543055888,0.32763839632313113,0.6723616036768689,0.48765321711032733,-1,-0.5323907328502742,-1.5323907328502742,0.65,0.65,2,1086,max_joint_confidence,33,medium_trade_flow,model_specific,validation
20260708_185955,1240,validation,-3.9544735183438817,0.6831628221202709,0.6592768524187278,0.6592768524187278,0.45039343505694746,1,-3.9544735183438817,-4.954473518343882,0.65,0.65,3,1240,max_joint_confidence,0,medium_trade_flow,model_specific,validation
20260708_185955,1967,validation,2.0989289811224054,0.755434477646148,0.6525958922316634,0.6525958922316634,0.4929934369620485,1,2.0989289811224054,1.0989289811224054,0.65,0.65,4,1967,max_joint_confidence,0,medium_trade_flow,model_specific,validation
20260708_190508,912,validation,0.6941389650072516,0.6632883799195124,0.31089069319777224,0.6891093068022278,0.4570781956963079,-1,-0.6941389650072516,-1.6941389650072516,0.65,0.65,5,912,max_joint_confidence,0,medium_trade_flow,model_specific,validation
20260708_190508,1732,validation,0.9687865060947765,0.6619187938839675,0.3395387755483922,0.6604612244516078,0.43717169709613657,-1,-0.9687865060947765,-1.9687865060947765,0.65,0.65,6,1731,max_joint_confidence,1,medium_trade_flow,model_specific,validation
20260708_190508,2639,validation,9.341127824218365,0.7759819640729758,0.29404300983031967,0.7059569901696803,0.547809891782915,-1,-9.341127824218365,-10.341127824218365,0.65,0.65,7,2639,max_joint_confidence,0,medium_trade_flow,model_specific,validation
20260708_190508,2708,validation,-2.5952233383119694,0.8010175083983915,0.31885200464658653,0.6811479953534134,0.5456114700885504,-1,2.5952233383119694,1.5952233383119694,0.65,0.65,8,2692,max_joint_confidence,16,medium_trade_flow,model_specific,validation
20260708_191023,45,validation,-3.612201177028984,0.7217559935677887,0.2934876894848154,0.7065123105151846,0.5099294946437611,-1,3.612201177028984,2.612201177028984,0.65,0.65,9,20,max_joint_confidence,25,medium_trade_flow,model_specific,validation
20260708_191023,1769,validation,1.755234907596659,0.998875819952408,0.8802784452536901,0.8802784452536901,0.8792888537892106,1,1.755234907596659,0.7552349075966589,0.65,0.65,10,1742,max_joint_confidence,27,medium_trade_flow,model_specific,validation
20260708_191023,2478,validation,-2.2879294802125028,0.7436927364457382,0.34256897787838525,0.6574310221216147,0.4889266758659423,-1,2.2879294802125028,1.2879294802125028,0.65,0.65,11,2478,max_joint_confidence,0,medium_trade_flow,model_specific,validation
20260708_191023,2838,validation,-0.44373876534109513,0.6845705494564667,0.2912101633389659,0.7087898366610341,0.48521664793220337,-1,0.44373876534109513,-0.5562612346589049,0.65,0.65,12,2838,max_joint_confidence,0,medium_trade_flow,model_specific,validation
20260708_191538,315,validation,3.7957928078613534,0.668062799241186,0.2996587663695413,0.7003412336304586,0.4678719249631896,-1,-3.7957928078613534,-4.795792807861353,0.65,0.65,13,292,max_joint_confidence,23,medium_trade_flow,model_specific,validation
20260708_191538,542,validation,-6.804463792898785,0.6563693189663428,0.3362252840785185,0.6637747159214815,0.4356813582364605,-1,6.804463792898785,5.804463792898785,0.65,0.65,14,542,max_joint_confidence,0,medium_trade_flow,model_specific,validation
20260708_191538,890,validation,-3.718184265129043,0.7653099205483489,0.3461348405473091,0.653865159452691,0.5004094932300724,-1,3.718184265129043,2.718184265129043,0.65,0.65,15,890,max_joint_confidence,0,medium_trade_flow,model_specific,validation
20260708_192052,70,validation,-0.3060027266443832,0.6660431202122044,0.3475936547485933,0.6524063452514067,0.43453075783748757,-1,0.3060027266443832,-0.6939972733556168,0.65,0.65,16,70,max_joint_confidence,0,medium_trade_flow,model_specific,validation
20260708_192052,333,validation,1.0463610380218036,0.7292649031455751,0.6542624095530025,0.6542624095530025,0.477130612734461,1,1.0463610380218036,0.04636103802180358,0.65,0.65,17,284,max_joint_confidence,49,medium_trade_flow,model_specific,validation
20260708_192052,470,validation,-0.9980304994894329,0.8884787336869814,0.8534905416594931,0.8534905416594931,0.7583081956674422,1,-0.9980304994894329,-1.998030499489433,0.65,0.65,18,470,max_joint_confidence,0,medium_trade_flow,model_specific,validation
20260708_192052,572,validation,1.2072949590602455,0.66984035254422,0.8377591908858681,0.8377591908858681,0.5611649117701505,1,1.2072949590602455,0.20729495906024553,0.65,0.65,19,572,max_joint_confidence,0,medium_trade_flow,model_specific,validation
20260708_192607,580,validation,-4.55759836345937,0.6630695173236446,0.2920418545400076,0.7079581454599924,0.4694254657954997,-1,4.55759836345937,3.5575983634593698,0.65,0.65,20,580,max_joint_confidence,0,medium_trade_flow,model_specific,validation
20260708_193122,1805,validation,2.581434164152796,0.7361679838233864,0.2869794541102081,0.7130205458897919,0.5249028976923386,-1,-2.581434164152796,-3.581434164152796,0.65,0.65,21,1795,max_joint_confidence,10,medium_trade_flow,model_specific,validation
20260708_194153,2221,validation,-3.701609754753754,0.9186605824117686,0.3303273170637968,0.6696726829362032,0.6152018969314241,-1,3.701609754753754,2.701609754753754,0.65,0.65,22,2187,max_joint_confidence,34,medium_trade_flow,model_specific,validation
20260708_195223,10,validation,6.9981783676920095,0.6502170211577778,0.658743772244008,0.658743772244008,0.42832641329473653,1,6.9981783676920095,5.9981783676920095,0.65,0.65,23,10,max_joint_confidence,0,medium_trade_flow,model_specific,validation
20260708_195223,813,validation,0.008077009439055871,0.8951154199522756,0.2850044798262749,0.714995520173725,0.6400035153042997,-1,-0.008077009439055871,-1.0080770094390559,0.65,0.65,24,798,max_joint_confidence,15,medium_trade_flow,model_specific,validation
20260708_195223,852,validation,-3.3760399697291277,0.8500964519929292,0.33358748803394905,0.6664125119660509,0.5665149119860353,-1,3.3760399697291277,2.3760399697291277,0.65,0.65,25,852,max_joint_confidence,0,medium_trade_flow,model_specific,validation
20260708_195223,1207,validation,5.921346130108862,0.8669505767414954,0.31496505603399033,0.6850349439660097,0.5938914397594102,-1,-5.921346130108862,-6.921346130108862,0.65,0.65,26,1179,max_joint_confidence,28,medium_trade_flow,model_specific,validation
20260708_195223,1263,validation,-1.4676247622158467,0.7985620182493525,0.32856722609708944,0.6714327739029106,0.5361807110466694,-1,1.4676247622158467,0.4676247622158467,0.65,0.65,27,1263,max_joint_confidence,0,medium_trade_flow,model_specific,validation
20260708_195223,1361,validation,-3.2903093132696792,0.7176010884522397,0.3486239911592683,0.6513760088407317,0.4674281329357847,-1,3.2903093132696792,2.2903093132696792,0.65,0.65,28,1339,max_joint_confidence,22,medium_trade_flow,model_specific,validation
20260708_201318,565,validation,-3.4216059007297073,0.6601803059789625,0.29851662220405806,0.7014833777959419,0.4631055109924811,-1,3.4216059007297073,2.4216059007297073,0.65,0.65,29,565,max_joint_confidence,0,medium_trade_flow,model_specific,validation
20260708_201318,621,validation,0.0,0.9207271842635687,0.7343193461448025,0.7343193461448025,0.6761077839261689,1,0.0,-1.0,0.65,0.65,30,621,max_joint_confidence,0,medium_trade_flow,model_specific,validation
20260708_201318,708,validation,-3.6012156536080475,0.6704665129997203,0.6762827875874438,0.6762827875874438,0.4534249623954839,1,-3.6012156536080475,-4.6012156536080475,0.65,0.65,31,708,max_joint_confidence,0,medium_trade_flow,model_specific,validation
20260708_201318,1018,validation,0.03246223627462186,0.7399418444272912,0.3407543980783874,0.6592456019216126,0.4878034066164578,-1,-0.03246223627462186,-1.0324622362746219,0.65,0.65,32,1018,max_joint_confidence,0,medium_trade_flow,model_specific,validation
20260708_202345,1356,validation,-2.468925245978637,0.750312290575185,0.33050634096064696,0.669493659039353,0.5023293208393789,-1,2.468925245978637,1.468925245978637,0.65,0.65,33,1356,max_joint_confidence,0,medium_trade_flow,model_specific,validation
20260708_202345,1978,validation,4.078638092366305,0.6753126533777684,0.6576671300679195,0.6576671300679195,0.4441309346455086,1,4.078638092366305,3.0786380923663046,0.65,0.65,34,1978,max_joint_confidence,0,medium_trade_flow,model_specific,validation
20260708_203410,743,validation,0.0,0.7395470968774426,0.9573641965100409,0.9573641965100409,0.7080159121834062,1,0.0,-1.0,0.65,0.65,35,743,max_joint_confidence,0,medium_trade_flow,model_specific,validation
20260708_203410,1105,validation,-1.701922118423349,0.7009481852749835,0.3275342677306581,0.6724657322693419,0.4713636346938081,-1,1.701922118423349,0.7019221184233491,0.65,0.65,36,1105,max_joint_confidence,0,medium_trade_flow,model_specific,validation
20260708_210018,481,validation,0.29150670910693677,0.66675351650075,0.33984192762507803,0.660158072374922,0.4401627162023358,-1,-0.29150670910693677,-1.2915067091069368,0.65,0.65,37,481,max_joint_confidence,0,medium_trade_flow,model_specific,validation
20260708_210018,611,validation,1.1824476179755905,0.6754604738952792,0.3385684170798026,0.6614315829201973,0.44677089044858115,-1,-1.1824476179755905,-2.1824476179755905,0.65,0.65,38,611,max_joint_confidence,0,medium_trade_flow,model_specific,validation
20260708_213144,2033,validation,-1.1316542279005137,0.7502749085985069,0.3499085935525369,0.6500914064474631,0.4877472705530452,-1,1.1316542279005137,0.13165422790051373,0.65,0.65,39,2009,max_joint_confidence,24,medium_trade_flow,model_specific,validation
20260708_213658,1608,validation,8.604369628839592,0.8439769531253777,0.3306920293298203,0.6693079706701797,0.5648805017887479,-1,-8.604369628839592,-9.604369628839592,0.65,0.65,40,1594,max_joint_confidence,14,medium_trade_flow,model_specific,validation
20260708_213658,1677,validation,0.598123347583801,0.7377416068151005,0.34882389574936573,0.6511761042506343,0.48039970546946037,-1,-0.598123347583801,-1.598123347583801,0.65,0.65,41,1651,max_joint_confidence,26,medium_trade_flow,model_specific,validation
20260708_213658,1756,validation,1.3744537556958925,0.7446956110416801,0.2916736297271243,0.7083263702728757,0.5274875391272945,-1,-1.3744537556958925,-2.3744537556958925,0.65,0.65,42,1706,max_joint_confidence,50,medium_trade_flow,model_specific,validation
20260708_213658,2280,validation,-4.77251162292025,0.8590591983685028,0.30481026691497976,0.6951897330850203,0.597209134818031,-1,4.77251162292025,3.77251162292025,0.65,0.65,43,2259,max_joint_confidence,21,medium_trade_flow,model_specific,validation
20260708_214213,1441,validation,0.40297264863431437,0.6665702182402438,0.659994795319775,0.659994795319775,0.43993287475372744,1,0.40297264863431437,-0.5970273513656856,0.65,0.65,44,1440,max_joint_confidence,1,medium_trade_flow,model_specific,validation
20260708_215758,873,validation,-1.7877260527254801,0.8936249077267485,0.7269451062114674,0.7269451062114674,0.6496162534606339,1,-1.7877260527254801,-2.78772605272548,0.65,0.65,45,873,max_joint_confidence,0,medium_trade_flow,model_specific,validation
20260709_190039,195,test,0.5078450152251612,0.6656484801286906,0.6620090585116163,0.6620090585116163,0.4406653236296828,1,0.5078450152251612,-0.49215498477483877,0.65,0.65,0,195,first_eligible,0,medium_trade_flow,model_specific,test
20260709_190555,1213,test,3.9102393432077776,0.673557106701712,0.6553252056900416,0.6553252056900416,0.44139894949328873,1,3.9102393432077776,2.9102393432077776,0.65,0.65,1,1213,first_eligible,0,medium_trade_flow,model_specific,test
20260709_190555,2522,test,1.336520829438026,0.7025015569049738,0.32358341613977737,0.6764165838602226,0.4751837032781502,-1,-1.336520829438026,-2.336520829438026,0.65,0.65,2,2522,first_eligible,0,medium_trade_flow,model_specific,test
20260709_192139,1550,test,-6.170256017792308,0.7212194595536093,0.319340649480998,0.680659350519002,0.4909047689214253,-1,6.170256017792308,5.170256017792308,0.65,0.65,3,1550,first_eligible,0,medium_trade_flow,model_specific,test
20260709_192139,2110,test,1.7529810638206023,0.6502231308371655,0.2877988427157516,0.7122011572842484,0.4630896662752165,-1,-1.7529810638206023,-2.7529810638206023,0.65,0.65,4,2110,first_eligible,0,medium_trade_flow,model_specific,test
20260709_194752,2504,test,-0.07957481584441872,0.7641377391651774,0.3466724257606768,0.6533275742393232,0.499232255513506,-1,0.07957481584441872,-0.9204251841555813,0.65,0.65,5,2504,first_eligible,0,medium_trade_flow,model_specific,test
20260709_200334,2576,test,-4.894642425778972,0.7601011374728092,0.3186456472730691,0.6813543527269309,0.5178982185297898,-1,4.894642425778972,3.8946424257789722,0.65,0.65,6,2576,first_eligible,0,medium_trade_flow,model_specific,test
20260709_201919,1965,test,4.83023314189257,0.8358266777960622,0.6571214094565545,0.6571214094565545,0.5492396045747379,1,4.83023314189257,3.8302331418925704,0.65,0.65,7,1965,first_eligible,0,medium_trade_flow,model_specific,test
20260709_201919,2044,test,-1.3448164839691135,0.9575026611171551,0.3053242465992747,0.6946757534007253,0.665153882494759,-1,1.3448164839691135,0.34481648396911346,0.65,0.65,8,2044,first_eligible,0,medium_trade_flow,model_specific,test
20260709_201919,2182,test,-10.597652224597631,0.7812899689185009,0.3078611734205215,0.6921388265794786,0.5407611223055685,-1,10.597652224597631,9.597652224597631,0.65,0.65,9,2182,first_eligible,0,medium_trade_flow,model_specific,test
20260709_201919,2320,test,-4.275693553125182,0.6618862819534046,0.34893702536706206,0.6510629746329379,0.43092965159731905,-1,4.275693553125182,3.2756935531251816,0.65,0.65,10,2320,first_eligible,0,medium_trade_flow,model_specific,test
20260709_202431,2480,test,-10.612189174773468,0.9012794382708776,0.32847993942160925,0.6715200605783908,0.6052272229857177,-1,10.612189174773468,9.612189174773468,0.65,0.65,11,2480,first_eligible,0,medium_trade_flow,model_specific,test
20260709_202947,1311,test,3.125185904935268,0.651974535134761,0.3121778891025425,0.6878221108974575,0.4484425010077799,-1,-3.125185904935268,-4.125185904935268,0.65,0.65,12,1311,first_eligible,0,medium_trade_flow,model_specific,test
20260709_205559,948,test,-5.665853128673515,0.6635645113305584,0.31215012690500993,0.68784987309499,0.45643276490906365,-1,5.665853128673515,4.665853128673515,0.65,0.65,13,948,first_eligible,0,medium_trade_flow,model_specific,test
20260709_211653,197,test,-3.4244148033468758,0.7295686804887282,0.3438160856538932,0.6561839143461068,0.4787312325474178,-1,3.4244148033468758,2.4244148033468758,0.65,0.65,14,197,first_eligible,0,medium_trade_flow,model_specific,test
20260709_211653,459,test,-1.0833243720109742,0.6855120289808087,0.3378418238301264,0.6621581761698736,0.4539173948524418,-1,1.0833243720109742,0.0833243720109742,0.65,0.65,15,459,first_eligible,0,medium_trade_flow,model_specific,test
20260709_211653,634,test,-5.361011980626884,0.757113713539011,0.3151022942337698,0.6848977057662302,0.5185454454070195,-1,5.361011980626884,4.361011980626884,0.65,0.65,16,634,first_eligible,0,medium_trade_flow,model_specific,test
20260709_212207,2118,test,0.6868279967053859,0.7431949603961395,0.29327645060100604,0.706723549398994,0.5252333803066045,-1,-0.6868279967053859,-1.6868279967053859,0.65,0.65,17,2118,first_eligible,0,medium_trade_flow,model_specific,test
20260709_212207,2254,test,0.20768780369495587,0.6812206775631051,0.30851283994439077,0.6914871600556092,0.4710553516992694,-1,-0.20768780369495587,-1.2076878036949559,0.65,0.65,18,2254,first_eligible,0,medium_trade_flow,model_specific,test
20260709_212722,1551,test,-2.9354683547744287,0.7327412856316288,0.28660070736208476,0.7133992926379152,0.5227371148562006,-1,2.9354683547744287,1.9354683547744287,0.65,0.65,19,1551,first_eligible,0,medium_trade_flow,model_specific,test
20260709_213235,2604,test,2.878259968268626,0.6589928776172417,0.3040413457625612,0.6959586542374387,0.4586317962585527,-1,-2.878259968268626,-3.878259968268626,0.65,0.65,20,2604,first_eligible,0,medium_trade_flow,model_specific,test
20260709_190039,210,test,-0.5553964300708536,0.688313281002503,0.32860501465524256,0.6713949853447574,0.46213008521127735,-1,0.5553964300708536,-0.4446035699291464,0.65,0.65,0,195,max_move_probability,15,medium_trade_flow,model_specific,test
20260709_190555,1213,test,3.9102393432077776,0.673557106701712,0.6553252056900416,0.6553252056900416,0.44139894949328873,1,3.9102393432077776,2.9102393432077776,0.65,0.65,1,1213,max_move_probability,0,medium_trade_flow,model_specific,test
20260709_190555,2522,test,1.336520829438026,0.7025015569049738,0.32358341613977737,0.6764165838602226,0.4751837032781502,-1,-1.336520829438026,-2.336520829438026,0.65,0.65,2,2522,max_move_probability,0,medium_trade_flow,model_specific,test
20260709_192139,1550,test,-6.170256017792308,0.7212194595536093,0.319340649480998,0.680659350519002,0.4909047689214253,-1,6.170256017792308,5.170256017792308,0.65,0.65,3,1550,max_move_probability,0,medium_trade_flow,model_specific,test
20260709_192139,2110,test,1.7529810638206023,0.6502231308371655,0.2877988427157516,0.7122011572842484,0.4630896662752165,-1,-1.7529810638206023,-2.7529810638206023,0.65,0.65,4,2110,max_move_probability,0,medium_trade_flow,model_specific,test
20260709_194752,2504,test,-0.07957481584441872,0.7641377391651774,0.3466724257606768,0.6533275742393232,0.499232255513506,-1,0.07957481584441872,-0.9204251841555813,0.65,0.65,5,2504,max_move_probability,0,medium_trade_flow,model_specific,test
20260709_200334,2576,test,-4.894642425778972,0.7601011374728092,0.3186456472730691,0.6813543527269309,0.5178982185297898,-1,4.894642425778972,3.8946424257789722,0.65,0.65,6,2576,max_move_probability,0,medium_trade_flow,model_specific,test
20260709_201919,1965,test,4.83023314189257,0.8358266777960622,0.6571214094565545,0.6571214094565545,0.5492396045747379,1,4.83023314189257,3.8302331418925704,0.65,0.65,7,1965,max_move_probability,0,medium_trade_flow,model_specific,test
20260709_201919,2044,test,-1.3448164839691135,0.9575026611171551,0.3053242465992747,0.6946757534007253,0.665153882494759,-1,1.3448164839691135,0.34481648396911346,0.65,0.65,8,2044,max_move_probability,0,medium_trade_flow,model_specific,test
20260709_201919,2224,test,-4.259237121547743,0.8479701517491965,0.31501240333426617,0.6849875966657338,0.5808490362909597,-1,4.259237121547743,3.259237121547743,0.65,0.65,9,2182,max_move_probability,42,medium_trade_flow,model_specific,test
20260709_201919,2320,test,-4.275693553125182,0.6618862819534046,0.34893702536706206,0.6510629746329379,0.43092965159731905,-1,4.275693553125182,3.2756935531251816,0.65,0.65,10,2320,max_move_probability,0,medium_trade_flow,model_specific,test
20260709_202431,2480,test,-10.612189174773468,0.9012794382708776,0.32847993942160925,0.6715200605783908,0.6052272229857177,-1,10.612189174773468,9.612189174773468,0.65,0.65,11,2480,max_move_probability,0,medium_trade_flow,model_specific,test
20260709_202947,1311,test,3.125185904935268,0.651974535134761,0.3121778891025425,0.6878221108974575,0.4484425010077799,-1,-3.125185904935268,-4.125185904935268,0.65,0.65,12,1311,max_move_probability,0,medium_trade_flow,model_specific,test
20260709_205559,962,test,-1.8070860061503158,0.7600453951754925,0.3007537388589722,0.6992462611410277,0.531458900873918,-1,1.8070860061503158,0.8070860061503158,0.65,0.65,13,948,max_move_probability,14,medium_trade_flow,model_specific,test
20260709_211653,197,test,-3.4244148033468758,0.7295686804887282,0.3438160856538932,0.6561839143461068,0.4787312325474178,-1,3.4244148033468758,2.4244148033468758,0.65,0.65,14,197,max_move_probability,0,medium_trade_flow,model_specific,test
20260709_211653,459,test,-1.0833243720109742,0.6855120289808087,0.3378418238301264,0.6621581761698736,0.4539173948524418,-1,1.0833243720109742,0.0833243720109742,0.65,0.65,15,459,max_move_probability,0,medium_trade_flow,model_specific,test
20260709_211653,634,test,-5.361011980626884,0.757113713539011,0.3151022942337698,0.6848977057662302,0.5185454454070195,-1,5.361011980626884,4.361011980626884,0.65,0.65,16,634,max_move_probability,0,medium_trade_flow,model_specific,test
20260709_212207,2118,test,0.6868279967053859,0.7431949603961395,0.29327645060100604,0.706723549398994,0.5252333803066045,-1,-0.6868279967053859,-1.6868279967053859,0.65,0.65,17,2118,max_move_probability,0,medium_trade_flow,model_specific,test
20260709_212207,2254,test,0.20768780369495587,0.6812206775631051,0.30851283994439077,0.6914871600556092,0.4710553516992694,-1,-0.20768780369495587,-1.2076878036949559,0.65,0.65,18,2254,max_move_probability,0,medium_trade_flow,model_specific,test
20260709_212722,1551,test,-2.9354683547744287,0.7327412856316288,0.28660070736208476,0.7133992926379152,0.5227371148562006,-1,2.9354683547744287,1.9354683547744287,0.65,0.65,19,1551,max_move_probability,0,medium_trade_flow,model_specific,test
20260709_213235,2604,test,2.878259968268626,0.6589928776172417,0.3040413457625612,0.6959586542374387,0.4586317962585527,-1,-2.878259968268626,-3.878259968268626,0.65,0.65,20,2604,max_move_probability,0,medium_trade_flow,model_specific,test
20260709_190039,210,test,-0.5553964300708536,0.688313281002503,0.32860501465524256,0.6713949853447574,0.46213008521127735,-1,0.5553964300708536,-0.4446035699291464,0.65,0.65,0,195,max_joint_confidence,15,medium_trade_flow,model_specific,test
20260709_190555,1213,test,3.9102393432077776,0.673557106701712,0.6553252056900416,0.6553252056900416,0.44139894949328873,1,3.9102393432077776,2.9102393432077776,0.65,0.65,1,1213,max_joint_confidence,0,medium_trade_flow,model_specific,test
20260709_190555,2522,test,1.336520829438026,0.7025015569049738,0.32358341613977737,0.6764165838602226,0.4751837032781502,-1,-1.336520829438026,-2.336520829438026,0.65,0.65,2,2522,max_joint_confidence,0,medium_trade_flow,model_specific,test
20260709_192139,1550,test,-6.170256017792308,0.7212194595536093,0.319340649480998,0.680659350519002,0.4909047689214253,-1,6.170256017792308,5.170256017792308,0.65,0.65,3,1550,max_joint_confidence,0,medium_trade_flow,model_specific,test
20260709_192139,2110,test,1.7529810638206023,0.6502231308371655,0.2877988427157516,0.7122011572842484,0.4630896662752165,-1,-1.7529810638206023,-2.7529810638206023,0.65,0.65,4,2110,max_joint_confidence,0,medium_trade_flow,model_specific,test
20260709_194752,2504,test,-0.07957481584441872,0.7641377391651774,0.3466724257606768,0.6533275742393232,0.499232255513506,-1,0.07957481584441872,-0.9204251841555813,0.65,0.65,5,2504,max_joint_confidence,0,medium_trade_flow,model_specific,test
20260709_200334,2576,test,-4.894642425778972,0.7601011374728092,0.3186456472730691,0.6813543527269309,0.5178982185297898,-1,4.894642425778972,3.8946424257789722,0.65,0.65,6,2576,max_joint_confidence,0,medium_trade_flow,model_specific,test
20260709_201919,1969,test,9.026592817524826,0.8171214926383271,0.2924616462216026,0.7075383537783975,0.5781447957382689,-1,-9.026592817524826,-10.026592817524826,0.65,0.65,7,1965,max_joint_confidence,4,medium_trade_flow,model_specific,test
20260709_201919,2044,test,-1.3448164839691135,0.9575026611171551,0.3053242465992747,0.6946757534007253,0.665153882494759,-1,1.3448164839691135,0.34481648396911346,0.65,0.65,8,2044,max_joint_confidence,0,medium_trade_flow,model_specific,test
20260709_201919,2224,test,-4.259237121547743,0.8479701517491965,0.31501240333426617,0.6849875966657338,0.5808490362909597,-1,4.259237121547743,3.259237121547743,0.65,0.65,9,2182,max_joint_confidence,42,medium_trade_flow,model_specific,test
20260709_201919,2320,test,-4.275693553125182,0.6618862819534046,0.34893702536706206,0.6510629746329379,0.43092965159731905,-1,4.275693553125182,3.2756935531251816,0.65,0.65,10,2320,max_joint_confidence,0,medium_trade_flow,model_specific,test
20260709_202431,2494,test,-0.6117850457487695,0.8768004060548448,0.2930173176621036,0.7069826823378964,0.6198827029476109,-1,0.6117850457487695,-0.38821495425123054,0.65,0.65,11,2480,max_joint_confidence,14,medium_trade_flow,model_specific,test
20260709_202947,1311,test,3.125185904935268,0.651974535134761,0.3121778891025425,0.6878221108974575,0.4484425010077799,-1,-3.125185904935268,-4.125185904935268,0.65,0.65,12,1311,max_joint_confidence,0,medium_trade_flow,model_specific,test
20260709_205559,962,test,-1.8070860061503158,0.7600453951754925,0.3007537388589722,0.6992462611410277,0.531458900873918,-1,1.8070860061503158,0.8070860061503158,0.65,0.65,13,948,max_joint_confidence,14,medium_trade_flow,model_specific,test
20260709_211653,197,test,-3.4244148033468758,0.7295686804887282,0.3438160856538932,0.6561839143461068,0.4787312325474178,-1,3.4244148033468758,2.4244148033468758,0.65,0.65,14,197,max_joint_confidence,0,medium_trade_flow,model_specific,test
20260709_211653,459,test,-1.0833243720109742,0.6855120289808087,0.3378418238301264,0.6621581761698736,0.4539173948524418,-1,1.0833243720109742,0.0833243720109742,0.65,0.65,15,459,max_joint_confidence,0,medium_trade_flow,model_specific,test
20260709_211653,634,test,-5.361011980626884,0.757113713539011,0.3151022942337698,0.6848977057662302,0.5185454454070195,-1,5.361011980626884,4.361011980626884,0.65,0.65,16,634,max_joint_confidence,0,medium_trade_flow,model_specific,test
20260709_212207,2118,test,0.6868279967053859,0.7431949603961395,0.29327645060100604,0.706723549398994,0.5252333803066045,-1,-0.6868279967053859,-1.6868279967053859,0.65,0.65,17,2118,max_joint_confidence,0,medium_trade_flow,model_specific,test
20260709_212207,2254,test,0.20768780369495587,0.6812206775631051,0.30851283994439077,0.6914871600556092,0.4710553516992694,-1,-0.20768780369495587,-1.2076878036949559,0.65,0.65,18,2254,max_joint_confidence,0,medium_trade_flow,model_specific,test
20260709_212722,1551,test,-2.9354683547744287,0.7327412856316288,0.28660070736208476,0.7133992926379152,0.5227371148562006,-1,2.9354683547744287,1.9354683547744287,0.65,0.65,19,1551,max_joint_confidence,0,medium_trade_flow,model_specific,test
20260709_213235,2604,test,2.878259968268626,0.6589928776172417,0.3040413457625612,0.6959586542374387,0.4586317962585527,-1,-2.878259968268626,-3.878259968268626,0.65,0.65,20,2604,max_joint_confidence,0,medium_trade_flow,model_specific,test
20260708_185955,304,validation,0.8235217179630716,0.7178157118886388,0.291361009249674,0.708638990750326,0.5086722016174918,-1,-0.8235217179630716,-1.8235217179630716,0.5,0.7,0,304,first_eligible,0,reduced_trade_flow,model_specific,validation
20260708_185955,620,validation,-6.61734954597426,0.5947566833818863,0.290982786602492,0.709017213397508,0.42169272630096893,-1,6.61734954597426,5.61734954597426,0.5,0.7,1,620,first_eligible,0,reduced_trade_flow,model_specific,validation
20260708_185955,822,validation,0.4195284016694778,0.5084202626897881,0.29087480508747277,0.7091251949125272,0.3605336178773743,-1,-0.4195284016694778,-1.4195284016694778,0.5,0.7,2,822,first_eligible,0,reduced_trade_flow,model_specific,validation
20260708_185955,1169,validation,-9.195350379146427,0.5007007250595626,0.29364338248313543,0.7063566175168645,0.35367327054131426,-1,9.195350379146427,8.195350379146427,0.5,0.7,3,1169,first_eligible,0,reduced_trade_flow,model_specific,validation
20260708_185955,1818,validation,1.1226426523447408,0.5343935489727895,0.2866538870263537,0.7133461129736463,0.38120756095793124,-1,-1.1226426523447408,-2.122642652344741,0.5,0.7,4,1818,first_eligible,0,reduced_trade_flow,model_specific,validation
20260708_185955,2292,validation,0.032280843336174314,0.6082378042130286,0.2900177592389066,0.7099822407610934,0.4318380391507733,-1,-0.032280843336174314,-1.0322808433361743,0.5,0.7,5,2292,first_eligible,0,reduced_trade_flow,model_specific,validation
20260708_190508,811,validation,-0.9199119789482513,0.5382012224796072,0.2894173454451251,0.7105826545548749,0.3824364533542381,-1,0.9199119789482513,-0.08008802105174873,0.5,0.7,6,811,first_eligible,0,reduced_trade_flow,model_specific,validation
20260708_190508,1699,validation,-2.7278809610864485,0.5665342127590554,0.2885654307607133,0.7114345692392867,0.40305202361355696,-1,2.7278809610864485,1.7278809610864485,0.5,0.7,7,1699,first_eligible,0,reduced_trade_flow,model_specific,validation
20260708_190508,2639,validation,9.341127824218365,0.7473778343284758,0.29404300983031967,0.7059569901696803,0.5276166064420648,-1,-9.341127824218365,-10.341127824218365,0.5,0.7,8,2639,first_eligible,0,reduced_trade_flow,model_specific,validation
20260708_191023,45,validation,-3.612201177028984,0.7463537383631891,0.2934876894848154,0.7065123105151846,0.5273081041526223,-1,3.612201177028984,2.612201177028984,0.5,0.7,9,45,first_eligible,0,reduced_trade_flow,model_specific,validation
20260708_191023,2074,validation,-1.6830434579540032,0.5046077487480713,0.28976408488239846,0.7102359151176015,0.3583905462075192,-1,1.6830434579540032,0.6830434579540032,0.5,0.7,10,2074,first_eligible,0,reduced_trade_flow,model_specific,validation
20260708_191023,2581,validation,-2.273264076704251,0.5108039801188158,0.288427161522712,0.711572838477288,0.36347423803864193,-1,2.273264076704251,1.2732640767042511,0.5,0.7,11,2581,first_eligible,0,reduced_trade_flow,model_specific,validation
20260708_191023,2838,validation,-0.44373876534109513,0.7040005884349574,0.2912101633389659,0.7087898366610341,0.4989884620860853,-1,0.44373876534109513,-0.5562612346589049,0.5,0.7,12,2838,first_eligible,0,reduced_trade_flow,model_specific,validation
20260708_191538,292,validation,0.145331116763181,0.6307970718408363,0.29543656654158695,0.704563433458413,0.44443655075169286,-1,-0.145331116763181,-1.145331116763181,0.5,0.7,13,292,first_eligible,0,reduced_trade_flow,model_specific,validation
20260708_191538,484,validation,-2.9001289305241595,0.5245124873064978,0.2996673979241144,0.7003326020758855,0.3673331950566545,-1,2.9001289305241595,1.9001289305241595,0.5,0.7,14,484,first_eligible,0,reduced_trade_flow,model_specific,validation
20260708_191538,1717,validation,0.09696225340194431,0.6022349812766942,0.29912328826096485,0.7008767117390351,0.4220924733714288,-1,-0.09696225340194431,-1.0969622534019443,0.5,0.7,15,1717,first_eligible,0,reduced_trade_flow,model_specific,validation
20260708_192052,536,validation,0.4346261852616884,0.5733311727028972,0.8249751108741419,0.8249751108741419,0.47298394776817443,1,0.4346261852616884,-0.5653738147383116,0.5,0.7,16,536,first_eligible,0,reduced_trade_flow,model_specific,validation
20260708_192052,1575,validation,-4.548843305632877,0.5189724026506172,0.28706247111973104,0.712937528880269,0.3699949023027869,-1,4.548843305632877,3.548843305632877,0.5,0.7,17,1575,first_eligible,0,reduced_trade_flow,model_specific,validation
20260708_192607,142,validation,0.9507855664314668,0.5274904037225031,0.28926788108093693,0.7107321189190631,0.37490437234716667,-1,-0.9507855664314668,-1.9507855664314668,0.5,0.7,18,142,first_eligible,0,reduced_trade_flow,model_specific,validation
20260708_192607,577,validation,-6.499701223410259,0.6102574628766053,0.2920620816214327,0.7079379183785672,0.4320243979438497,-1,6.499701223410259,5.499701223410259,0.5,0.7,19,577,first_eligible,0,reduced_trade_flow,model_specific,validation
20260708_192607,2531,validation,-1.2027788226987024,0.541035658736492,0.2992777231252943,0.7007222768747057,0.3791157386602409,-1,1.2027788226987024,0.2027788226987024,0.5,0.7,20,2531,first_eligible,0,reduced_trade_flow,model_specific,validation
20260708_193122,94,validation,-4.401913257270351,0.6431916561229212,0.2897328672437797,0.7102671327562202,0.456837893407152,-1,4.401913257270351,3.401913257270351,0.5,0.7,21,94,first_eligible,0,reduced_trade_flow,model_specific,validation
20260708_193122,1729,validation,3.122045351136027,0.5923199563211552,0.28639667443461114,0.7136033255653889,0.4226814906295222,-1,-3.122045351136027,-4.122045351136027,0.5,0.7,22,1729,first_eligible,0,reduced_trade_flow,model_specific,validation
20260708_193122,1805,validation,2.581434164152796,0.7358349733101891,0.2869794541102081,0.7130205458897919,0.5246654543544315,-1,-2.581434164152796,-3.581434164152796,0.5,0.7,23,1805,first_eligible,0,reduced_trade_flow,model_specific,validation
20260708_194153,50,validation,-2.3910052965614437,0.5141396168805364,0.2989497916954216,0.7010502083045784,0.3604376855117362,-1,2.3910052965614437,1.3910052965614437,0.5,0.7,24,50,first_eligible,0,reduced_trade_flow,model_specific,validation
20260708_194153,2233,validation,-1.9604936231298886,0.8180893056599167,0.2886659393285287,0.7113340606714713,0.581934787786973,-1,1.9604936231298886,0.9604936231298886,0.5,0.7,25,2233,first_eligible,0,reduced_trade_flow,model_specific,validation
20260708_194708,725,validation,1.3433844385901672,0.5788572935908795,0.2978449836892441,0.7021550163107559,0.406447552422904,-1,-1.3433844385901672,-2.343384438590167,0.5,0.7,26,725,first_eligible,0,reduced_trade_flow,model_specific,validation
20260708_194708,1366,validation,2.4777307872625443,0.5174160668976963,0.753333022920399,0.753333022920399,0.38978660978362495,1,2.4777307872625443,1.4777307872625443,0.5,0.7,27,1366,first_eligible,0,reduced_trade_flow,model_specific,validation
20260708_195223,409,validation,-0.22649232150562248,0.6377576520827886,0.295002211928887,0.704997788071113,0.4496177340437924,-1,0.22649232150562248,-0.7735076784943775,0.5,0.7,28,409,first_eligible,0,reduced_trade_flow,model_specific,validation
20260708_195223,798,validation,8.406003503040882,0.696361531579999,0.288804744036051,0.711195255963949,0.4952490176954849,-1,-8.406003503040882,-9.406003503040882,0.5,0.7,29,798,first_eligible,0,reduced_trade_flow,model_specific,validation
20260708_200805,2016,validation,0.09730331958390792,0.5492987959283308,0.2994312600387017,0.7005687399612983,0.384821565325769,-1,-0.09730331958390792,-1.097303319583908,0.5,0.7,30,2016,first_eligible,0,reduced_trade_flow,model_specific,validation
20260708_200805,2069,validation,-0.7541392514065492,0.5138027804515825,0.2923693565186838,0.7076306434813162,0.36358259215344274,-1,0.7541392514065492,-0.24586074859345075,0.5,0.7,31,2069,first_eligible,0,reduced_trade_flow,model_specific,validation
20260708_201318,565,validation,-3.4216059007297073,0.5949752012362264,0.29851662220405806,0.7014833777959419,0.4173652138680084,-1,3.4216059007297073,2.4216059007297073,0.5,0.7,32,565,first_eligible,0,reduced_trade_flow,model_specific,validation
20260708_201318,863,validation,1.8516397975854026,0.6798258831264,0.7695174310173049,0.7695174310173049,0.5231378671224979,1,1.8516397975854026,0.8516397975854026,0.5,0.7,33,863,first_eligible,0,reduced_trade_flow,model_specific,validation
20260708_201318,1120,validation,-0.9575738001321721,0.6050619666981737,0.2981469686949545,0.7018530313050455,0.4246645754545057,-1,0.9575738001321721,-0.04242619986782792,0.5,0.7,34,1120,first_eligible,0,reduced_trade_flow,model_specific,validation
20260708_201832,370,validation,0.36496113569484123,0.602311764685415,0.29109077836597913,0.7089092216340209,0.42698436428415115,-1,-0.36496113569484123,-1.3649611356948412,0.5,0.7,35,370,first_eligible,0,reduced_trade_flow,model_specific,validation
20260708_201832,1062,validation,-1.5742523721307133,0.5134982271151641,0.29290241284445734,0.7070975871555427,0.36309335740178145,-1,1.5742523721307133,0.5742523721307133,0.5,0.7,36,1062,first_eligible,0,reduced_trade_flow,model_specific,validation
20260708_202857,412,validation,-1.3382993702693025,0.5407519070055407,0.29509276478176544,0.7049072352182346,0.3811799317062636,-1,1.3382993702693025,0.33829937026930246,0.5,0.7,37,412,first_eligible,0,reduced_trade_flow,model_specific,validation
20260708_202857,1496,validation,-1.1364291286264372,0.5194016508536673,0.28632158659871354,0.7136784134012865,0.3706857460992542,-1,1.1364291286264372,0.1364291286264372,0.5,0.7,38,1496,first_eligible,0,reduced_trade_flow,model_specific,validation
20260708_202857,2842,validation,-2.6745487509449717,0.5930606933344654,0.29762925838119836,0.7023707416188016,0.4165484790022892,-1,2.6745487509449717,1.6745487509449717,0.5,0.7,39,2842,first_eligible,0,reduced_trade_flow,model_specific,validation
20260708_203410,2562,validation,2.5771002759444883,0.5373587336017588,0.2911940133946749,0.7088059866053251,0.3808830873315827,-1,-2.5771002759444883,-3.5771002759444883,0.5,0.7,40,2562,first_eligible,0,reduced_trade_flow,model_specific,validation
20260708_204438,1042,validation,-2.8235408662913297,0.552649108199314,0.29935604088159307,0.7006439591184069,0.38721025917202423,-1,2.8235408662913297,1.8235408662913297,0.5,0.7,41,1042,first_eligible,0,reduced_trade_flow,model_specific,validation
20260708_205506,350,validation,-0.40523465923425483,0.5270820881308348,0.29691568354600645,0.7030843164539935,0.37058314964861155,-1,0.40523465923425483,-0.5947653407657452,0.5,0.7,42,350,first_eligible,0,reduced_trade_flow,model_specific,validation
20260708_212631,627,validation,-8.093931568754487,0.5712406014698148,0.2846792384419483,0.7153207615580517,0.40862026207626745,-1,8.093931568754487,7.093931568754487,0.5,0.7,43,627,first_eligible,0,reduced_trade_flow,model_specific,validation
20260708_213144,2009,validation,-3.1760655578727537,0.7084985227063976,0.29212459449058364,0.7078754055094163,0.5015286790636135,-1,3.1760655578727537,2.1760655578727537,0.5,0.7,44,2009,first_eligible,0,reduced_trade_flow,model_specific,validation
20260708_213658,1594,validation,0.16166907149450793,0.7347428921518195,0.29229765358762605,0.707702346412374,0.5199792687856565,-1,-0.16166907149450793,-1.161669071494508,0.5,0.7,45,1594,first_eligible,0,reduced_trade_flow,model_specific,validation
20260708_213658,1756,validation,1.3744537556958925,0.6785131226975604,0.2916736297271243,0.7083263702728757,0.4806087373828773,-1,-1.3744537556958925,-2.3744537556958925,0.5,0.7,46,1756,first_eligible,0,reduced_trade_flow,model_specific,validation
20260708_214213,203,validation,1.1766061681561801,0.5337299128585185,0.29991347601218377,0.7000865239878162,0.37365711944144026,-1,-1.1766061681561801,-2.17660616815618,0.5,0.7,47,203,first_eligible,0,reduced_trade_flow,model_specific,validation
20260708_185955,304,validation,0.8235217179630716,0.7178157118886388,0.291361009249674,0.708638990750326,0.5086722016174918,-1,-0.8235217179630716,-1.8235217179630716,0.5,0.7,0,304,max_move_probability,0,reduced_trade_flow,model_specific,validation
20260708_185955,620,validation,-6.61734954597426,0.5947566833818863,0.290982786602492,0.709017213397508,0.42169272630096893,-1,6.61734954597426,5.61734954597426,0.5,0.7,1,620,max_move_probability,0,reduced_trade_flow,model_specific,validation
20260708_185955,822,validation,0.4195284016694778,0.5084202626897881,0.29087480508747277,0.7091251949125272,0.3605336178773743,-1,-0.4195284016694778,-1.4195284016694778,0.5,0.7,2,822,max_move_probability,0,reduced_trade_flow,model_specific,validation
20260708_185955,1169,validation,-9.195350379146427,0.5007007250595626,0.29364338248313543,0.7063566175168645,0.35367327054131426,-1,9.195350379146427,8.195350379146427,0.5,0.7,3,1169,max_move_probability,0,reduced_trade_flow,model_specific,validation
20260708_185955,1818,validation,1.1226426523447408,0.5343935489727895,0.2866538870263537,0.7133461129736463,0.38120756095793124,-1,-1.1226426523447408,-2.122642652344741,0.5,0.7,4,1818,max_move_probability,0,reduced_trade_flow,model_specific,validation
20260708_185955,2292,validation,0.032280843336174314,0.6082378042130286,0.2900177592389066,0.7099822407610934,0.4318380391507733,-1,-0.032280843336174314,-1.0322808433361743,0.5,0.7,5,2292,max_move_probability,0,reduced_trade_flow,model_specific,validation
20260708_190508,811,validation,-0.9199119789482513,0.5382012224796072,0.2894173454451251,0.7105826545548749,0.3824364533542381,-1,0.9199119789482513,-0.08008802105174873,0.5,0.7,6,811,max_move_probability,0,reduced_trade_flow,model_specific,validation
20260708_190508,1699,validation,-2.7278809610864485,0.5665342127590554,0.2885654307607133,0.7114345692392867,0.40305202361355696,-1,2.7278809610864485,1.7278809610864485,0.5,0.7,7,1699,max_move_probability,0,reduced_trade_flow,model_specific,validation
20260708_190508,2639,validation,9.341127824218365,0.7473778343284758,0.29404300983031967,0.7059569901696803,0.5276166064420648,-1,-9.341127824218365,-10.341127824218365,0.5,0.7,8,2639,max_move_probability,0,reduced_trade_flow,model_specific,validation
20260708_191023,45,validation,-3.612201177028984,0.7463537383631891,0.2934876894848154,0.7065123105151846,0.5273081041526223,-1,3.612201177028984,2.612201177028984,0.5,0.7,9,45,max_move_probability,0,reduced_trade_flow,model_specific,validation
20260708_191023,2074,validation,-1.6830434579540032,0.5046077487480713,0.28976408488239846,0.7102359151176015,0.3583905462075192,-1,1.6830434579540032,0.6830434579540032,0.5,0.7,10,2074,max_move_probability,0,reduced_trade_flow,model_specific,validation
20260708_191023,2581,validation,-2.273264076704251,0.5108039801188158,0.288427161522712,0.711572838477288,0.36347423803864193,-1,2.273264076704251,1.2732640767042511,0.5,0.7,11,2581,max_move_probability,0,reduced_trade_flow,model_specific,validation
20260708_191023,2838,validation,-0.44373876534109513,0.7040005884349574,0.2912101633389659,0.7087898366610341,0.4989884620860853,-1,0.44373876534109513,-0.5562612346589049,0.5,0.7,12,2838,max_move_probability,0,reduced_trade_flow,model_specific,validation
20260708_191538,315,validation,3.7957928078613534,0.6433318316973428,0.2996587663695413,0.7003412336304586,0.4505518086446596,-1,-3.7957928078613534,-4.795792807861353,0.5,0.7,13,292,max_move_probability,23,reduced_trade_flow,model_specific,validation
20260708_191538,484,validation,-2.9001289305241595,0.5245124873064978,0.2996673979241144,0.7003326020758855,0.3673331950566545,-1,2.9001289305241595,1.9001289305241595,0.5,0.7,14,484,max_move_probability,0,reduced_trade_flow,model_specific,validation
20260708_191538,1717,validation,0.09696225340194431,0.6022349812766942,0.29912328826096485,0.7008767117390351,0.4220924733714288,-1,-0.09696225340194431,-1.0969622534019443,0.5,0.7,15,1717,max_move_probability,0,reduced_trade_flow,model_specific,validation
20260708_192052,536,validation,0.4346261852616884,0.5733311727028972,0.8249751108741419,0.8249751108741419,0.47298394776817443,1,0.4346261852616884,-0.5653738147383116,0.5,0.7,16,536,max_move_probability,0,reduced_trade_flow,model_specific,validation
20260708_192052,1575,validation,-4.548843305632877,0.5189724026506172,0.28706247111973104,0.712937528880269,0.3699949023027869,-1,4.548843305632877,3.548843305632877,0.5,0.7,17,1575,max_move_probability,0,reduced_trade_flow,model_specific,validation
20260708_192607,142,validation,0.9507855664314668,0.5274904037225031,0.28926788108093693,0.7107321189190631,0.37490437234716667,-1,-0.9507855664314668,-1.9507855664314668,0.5,0.7,18,142,max_move_probability,0,reduced_trade_flow,model_specific,validation
20260708_192607,580,validation,-4.55759836345937,0.6387197848309353,0.2920418545400076,0.7079581454599924,0.4521868743375143,-1,4.55759836345937,3.5575983634593698,0.5,0.7,19,577,max_move_probability,3,reduced_trade_flow,model_specific,validation
20260708_192607,2531,validation,-1.2027788226987024,0.541035658736492,0.2992777231252943,0.7007222768747057,0.3791157386602409,-1,1.2027788226987024,0.2027788226987024,0.5,0.7,20,2531,max_move_probability,0,reduced_trade_flow,model_specific,validation
20260708_193122,94,validation,-4.401913257270351,0.6431916561229212,0.2897328672437797,0.7102671327562202,0.456837893407152,-1,4.401913257270351,3.401913257270351,0.5,0.7,21,94,max_move_probability,0,reduced_trade_flow,model_specific,validation
20260708_193122,1729,validation,3.122045351136027,0.5923199563211552,0.28639667443461114,0.7136033255653889,0.4226814906295222,-1,-3.122045351136027,-4.122045351136027,0.5,0.7,22,1729,max_move_probability,0,reduced_trade_flow,model_specific,validation
20260708_193122,1805,validation,2.581434164152796,0.7358349733101891,0.2869794541102081,0.7130205458897919,0.5246654543544315,-1,-2.581434164152796,-3.581434164152796,0.5,0.7,23,1805,max_move_probability,0,reduced_trade_flow,model_specific,validation
20260708_194153,50,validation,-2.3910052965614437,0.5141396168805364,0.2989497916954216,0.7010502083045784,0.3604376855117362,-1,2.3910052965614437,1.3910052965614437,0.5,0.7,24,50,max_move_probability,0,reduced_trade_flow,model_specific,validation
20260708_194153,2233,validation,-1.9604936231298886,0.8180893056599167,0.2886659393285287,0.7113340606714713,0.581934787786973,-1,1.9604936231298886,0.9604936231298886,0.5,0.7,25,2233,max_move_probability,0,reduced_trade_flow,model_specific,validation
20260708_194708,725,validation,1.3433844385901672,0.5788572935908795,0.2978449836892441,0.7021550163107559,0.406447552422904,-1,-1.3433844385901672,-2.343384438590167,0.5,0.7,26,725,max_move_probability,0,reduced_trade_flow,model_specific,validation
20260708_194708,1366,validation,2.4777307872625443,0.5174160668976963,0.753333022920399,0.753333022920399,0.38978660978362495,1,2.4777307872625443,1.4777307872625443,0.5,0.7,27,1366,max_move_probability,0,reduced_trade_flow,model_specific,validation
20260708_195223,409,validation,-0.22649232150562248,0.6377576520827886,0.295002211928887,0.704997788071113,0.4496177340437924,-1,0.22649232150562248,-0.7735076784943775,0.5,0.7,28,409,max_move_probability,0,reduced_trade_flow,model_specific,validation
20260708_195223,813,validation,0.008077009439055871,0.8935798646884523,0.2850044798262749,0.714995520173725,0.6389056001696868,-1,-0.008077009439055871,-1.0080770094390559,0.5,0.7,29,798,max_move_probability,15,reduced_trade_flow,model_specific,validation
20260708_200805,2016,validation,0.09730331958390792,0.5492987959283308,0.2994312600387017,0.7005687399612983,0.384821565325769,-1,-0.09730331958390792,-1.097303319583908,0.5,0.7,30,2016,max_move_probability,0,reduced_trade_flow,model_specific,validation
20260708_200805,2069,validation,-0.7541392514065492,0.5138027804515825,0.2923693565186838,0.7076306434813162,0.36358259215344274,-1,0.7541392514065492,-0.24586074859345075,0.5,0.7,31,2069,max_move_probability,0,reduced_trade_flow,model_specific,validation
20260708_201318,565,validation,-3.4216059007297073,0.5949752012362264,0.29851662220405806,0.7014833777959419,0.4173652138680084,-1,3.4216059007297073,2.4216059007297073,0.5,0.7,32,565,max_move_probability,0,reduced_trade_flow,model_specific,validation
20260708_201318,863,validation,1.8516397975854026,0.6798258831264,0.7695174310173049,0.7695174310173049,0.5231378671224979,1,1.8516397975854026,0.8516397975854026,0.5,0.7,33,863,max_move_probability,0,reduced_trade_flow,model_specific,validation
20260708_201318,1120,validation,-0.9575738001321721,0.6050619666981737,0.2981469686949545,0.7018530313050455,0.4246645754545057,-1,0.9575738001321721,-0.04242619986782792,0.5,0.7,34,1120,max_move_probability,0,reduced_trade_flow,model_specific,validation
20260708_201832,370,validation,0.36496113569484123,0.602311764685415,0.29109077836597913,0.7089092216340209,0.42698436428415115,-1,-0.36496113569484123,-1.3649611356948412,0.5,0.7,35,370,max_move_probability,0,reduced_trade_flow,model_specific,validation
20260708_201832,1062,validation,-1.5742523721307133,0.5134982271151641,0.29290241284445734,0.7070975871555427,0.36309335740178145,-1,1.5742523721307133,0.5742523721307133,0.5,0.7,36,1062,max_move_probability,0,reduced_trade_flow,model_specific,validation
20260708_202857,412,validation,-1.3382993702693025,0.5407519070055407,0.29509276478176544,0.7049072352182346,0.3811799317062636,-1,1.3382993702693025,0.33829937026930246,0.5,0.7,37,412,max_move_probability,0,reduced_trade_flow,model_specific,validation
20260708_202857,1496,validation,-1.1364291286264372,0.5194016508536673,0.28632158659871354,0.7136784134012865,0.3706857460992542,-1,1.1364291286264372,0.1364291286264372,0.5,0.7,38,1496,max_move_probability,0,reduced_trade_flow,model_specific,validation
20260708_202857,2842,validation,-2.6745487509449717,0.5930606933344654,0.29762925838119836,0.7023707416188016,0.4165484790022892,-1,2.6745487509449717,1.6745487509449717,0.5,0.7,39,2842,max_move_probability,0,reduced_trade_flow,model_specific,validation
20260708_203410,2562,validation,2.5771002759444883,0.5373587336017588,0.2911940133946749,0.7088059866053251,0.3808830873315827,-1,-2.5771002759444883,-3.5771002759444883,0.5,0.7,40,2562,max_move_probability,0,reduced_trade_flow,model_specific,validation
20260708_204438,1042,validation,-2.8235408662913297,0.552649108199314,0.29935604088159307,0.7006439591184069,0.38721025917202423,-1,2.8235408662913297,1.8235408662913297,0.5,0.7,41,1042,max_move_probability,0,reduced_trade_flow,model_specific,validation
20260708_205506,350,validation,-0.40523465923425483,0.5270820881308348,0.29691568354600645,0.7030843164539935,0.37058314964861155,-1,0.40523465923425483,-0.5947653407657452,0.5,0.7,42,350,max_move_probability,0,reduced_trade_flow,model_specific,validation
20260708_212631,627,validation,-8.093931568754487,0.5712406014698148,0.2846792384419483,0.7153207615580517,0.40862026207626745,-1,8.093931568754487,7.093931568754487,0.5,0.7,43,627,max_move_probability,0,reduced_trade_flow,model_specific,validation
20260708_213144,2009,validation,-3.1760655578727537,0.7084985227063976,0.29212459449058364,0.7078754055094163,0.5015286790636135,-1,3.1760655578727537,2.1760655578727537,0.5,0.7,44,2009,max_move_probability,0,reduced_trade_flow,model_specific,validation
20260708_213658,1597,validation,2.8137878840550634,0.7555450627820349,0.2914417379533131,0.7085582620466869,0.5353476965827936,-1,-2.8137878840550634,-3.8137878840550634,0.5,0.7,45,1594,max_move_probability,3,reduced_trade_flow,model_specific,validation
20260708_213658,1756,validation,1.3744537556958925,0.6785131226975604,0.2916736297271243,0.7083263702728757,0.4806087373828773,-1,-1.3744537556958925,-2.3744537556958925,0.5,0.7,46,1756,max_move_probability,0,reduced_trade_flow,model_specific,validation
20260708_214213,203,validation,1.1766061681561801,0.5337299128585185,0.29991347601218377,0.7000865239878162,0.37365711944144026,-1,-1.1766061681561801,-2.17660616815618,0.5,0.7,47,203,max_move_probability,0,reduced_trade_flow,model_specific,validation
20260708_185955,304,validation,0.8235217179630716,0.7178157118886388,0.291361009249674,0.708638990750326,0.5086722016174918,-1,-0.8235217179630716,-1.8235217179630716,0.5,0.7,0,304,max_joint_confidence,0,reduced_trade_flow,model_specific,validation
20260708_185955,620,validation,-6.61734954597426,0.5947566833818863,0.290982786602492,0.709017213397508,0.42169272630096893,-1,6.61734954597426,5.61734954597426,0.5,0.7,1,620,max_joint_confidence,0,reduced_trade_flow,model_specific,validation
20260708_185955,822,validation,0.4195284016694778,0.5084202626897881,0.29087480508747277,0.7091251949125272,0.3605336178773743,-1,-0.4195284016694778,-1.4195284016694778,0.5,0.7,2,822,max_joint_confidence,0,reduced_trade_flow,model_specific,validation
20260708_185955,1169,validation,-9.195350379146427,0.5007007250595626,0.29364338248313543,0.7063566175168645,0.35367327054131426,-1,9.195350379146427,8.195350379146427,0.5,0.7,3,1169,max_joint_confidence,0,reduced_trade_flow,model_specific,validation
20260708_185955,1818,validation,1.1226426523447408,0.5343935489727895,0.2866538870263537,0.7133461129736463,0.38120756095793124,-1,-1.1226426523447408,-2.122642652344741,0.5,0.7,4,1818,max_joint_confidence,0,reduced_trade_flow,model_specific,validation
20260708_185955,2292,validation,0.032280843336174314,0.6082378042130286,0.2900177592389066,0.7099822407610934,0.4318380391507733,-1,-0.032280843336174314,-1.0322808433361743,0.5,0.7,5,2292,max_joint_confidence,0,reduced_trade_flow,model_specific,validation
20260708_190508,811,validation,-0.9199119789482513,0.5382012224796072,0.2894173454451251,0.7105826545548749,0.3824364533542381,-1,0.9199119789482513,-0.08008802105174873,0.5,0.7,6,811,max_joint_confidence,0,reduced_trade_flow,model_specific,validation
20260708_190508,1699,validation,-2.7278809610864485,0.5665342127590554,0.2885654307607133,0.7114345692392867,0.40305202361355696,-1,2.7278809610864485,1.7278809610864485,0.5,0.7,7,1699,max_joint_confidence,0,reduced_trade_flow,model_specific,validation
20260708_190508,2639,validation,9.341127824218365,0.7473778343284758,0.29404300983031967,0.7059569901696803,0.5276166064420648,-1,-9.341127824218365,-10.341127824218365,0.5,0.7,8,2639,max_joint_confidence,0,reduced_trade_flow,model_specific,validation
20260708_191023,45,validation,-3.612201177028984,0.7463537383631891,0.2934876894848154,0.7065123105151846,0.5273081041526223,-1,3.612201177028984,2.612201177028984,0.5,0.7,9,45,max_joint_confidence,0,reduced_trade_flow,model_specific,validation
20260708_191023,2074,validation,-1.6830434579540032,0.5046077487480713,0.28976408488239846,0.7102359151176015,0.3583905462075192,-1,1.6830434579540032,0.6830434579540032,0.5,0.7,10,2074,max_joint_confidence,0,reduced_trade_flow,model_specific,validation
20260708_191023,2581,validation,-2.273264076704251,0.5108039801188158,0.288427161522712,0.711572838477288,0.36347423803864193,-1,2.273264076704251,1.2732640767042511,0.5,0.7,11,2581,max_joint_confidence,0,reduced_trade_flow,model_specific,validation
20260708_191023,2838,validation,-0.44373876534109513,0.7040005884349574,0.2912101633389659,0.7087898366610341,0.4989884620860853,-1,0.44373876534109513,-0.5562612346589049,0.5,0.7,12,2838,max_joint_confidence,0,reduced_trade_flow,model_specific,validation
20260708_191538,315,validation,3.7957928078613534,0.6433318316973428,0.2996587663695413,0.7003412336304586,0.4505518086446596,-1,-3.7957928078613534,-4.795792807861353,0.5,0.7,13,292,max_joint_confidence,23,reduced_trade_flow,model_specific,validation
20260708_191538,484,validation,-2.9001289305241595,0.5245124873064978,0.2996673979241144,0.7003326020758855,0.3673331950566545,-1,2.9001289305241595,1.9001289305241595,0.5,0.7,14,484,max_joint_confidence,0,reduced_trade_flow,model_specific,validation
20260708_191538,1717,validation,0.09696225340194431,0.6022349812766942,0.29912328826096485,0.7008767117390351,0.4220924733714288,-1,-0.09696225340194431,-1.0969622534019443,0.5,0.7,15,1717,max_joint_confidence,0,reduced_trade_flow,model_specific,validation
20260708_192052,536,validation,0.4346261852616884,0.5733311727028972,0.8249751108741419,0.8249751108741419,0.47298394776817443,1,0.4346261852616884,-0.5653738147383116,0.5,0.7,16,536,max_joint_confidence,0,reduced_trade_flow,model_specific,validation
20260708_192052,1575,validation,-4.548843305632877,0.5189724026506172,0.28706247111973104,0.712937528880269,0.3699949023027869,-1,4.548843305632877,3.548843305632877,0.5,0.7,17,1575,max_joint_confidence,0,reduced_trade_flow,model_specific,validation
20260708_192607,142,validation,0.9507855664314668,0.5274904037225031,0.28926788108093693,0.7107321189190631,0.37490437234716667,-1,-0.9507855664314668,-1.9507855664314668,0.5,0.7,18,142,max_joint_confidence,0,reduced_trade_flow,model_specific,validation
20260708_192607,580,validation,-4.55759836345937,0.6387197848309353,0.2920418545400076,0.7079581454599924,0.4521868743375143,-1,4.55759836345937,3.5575983634593698,0.5,0.7,19,577,max_joint_confidence,3,reduced_trade_flow,model_specific,validation
20260708_192607,2531,validation,-1.2027788226987024,0.541035658736492,0.2992777231252943,0.7007222768747057,0.3791157386602409,-1,1.2027788226987024,0.2027788226987024,0.5,0.7,20,2531,max_joint_confidence,0,reduced_trade_flow,model_specific,validation
20260708_193122,94,validation,-4.401913257270351,0.6431916561229212,0.2897328672437797,0.7102671327562202,0.456837893407152,-1,4.401913257270351,3.401913257270351,0.5,0.7,21,94,max_joint_confidence,0,reduced_trade_flow,model_specific,validation
20260708_193122,1729,validation,3.122045351136027,0.5923199563211552,0.28639667443461114,0.7136033255653889,0.4226814906295222,-1,-3.122045351136027,-4.122045351136027,0.5,0.7,22,1729,max_joint_confidence,0,reduced_trade_flow,model_specific,validation
20260708_193122,1805,validation,2.581434164152796,0.7358349733101891,0.2869794541102081,0.7130205458897919,0.5246654543544315,-1,-2.581434164152796,-3.581434164152796,0.5,0.7,23,1805,max_joint_confidence,0,reduced_trade_flow,model_specific,validation
20260708_194153,50,validation,-2.3910052965614437,0.5141396168805364,0.2989497916954216,0.7010502083045784,0.3604376855117362,-1,2.3910052965614437,1.3910052965614437,0.5,0.7,24,50,max_joint_confidence,0,reduced_trade_flow,model_specific,validation
20260708_194153,2233,validation,-1.9604936231298886,0.8180893056599167,0.2886659393285287,0.7113340606714713,0.581934787786973,-1,1.9604936231298886,0.9604936231298886,0.5,0.7,25,2233,max_joint_confidence,0,reduced_trade_flow,model_specific,validation
20260708_194708,725,validation,1.3433844385901672,0.5788572935908795,0.2978449836892441,0.7021550163107559,0.406447552422904,-1,-1.3433844385901672,-2.343384438590167,0.5,0.7,26,725,max_joint_confidence,0,reduced_trade_flow,model_specific,validation
20260708_194708,1366,validation,2.4777307872625443,0.5174160668976963,0.753333022920399,0.753333022920399,0.38978660978362495,1,2.4777307872625443,1.4777307872625443,0.5,0.7,27,1366,max_joint_confidence,0,reduced_trade_flow,model_specific,validation
20260708_195223,409,validation,-0.22649232150562248,0.6377576520827886,0.295002211928887,0.704997788071113,0.4496177340437924,-1,0.22649232150562248,-0.7735076784943775,0.5,0.7,28,409,max_joint_confidence,0,reduced_trade_flow,model_specific,validation
20260708_195223,813,validation,0.008077009439055871,0.8935798646884523,0.2850044798262749,0.714995520173725,0.6389056001696868,-1,-0.008077009439055871,-1.0080770094390559,0.5,0.7,29,798,max_joint_confidence,15,reduced_trade_flow,model_specific,validation
20260708_200805,2016,validation,0.09730331958390792,0.5492987959283308,0.2994312600387017,0.7005687399612983,0.384821565325769,-1,-0.09730331958390792,-1.097303319583908,0.5,0.7,30,2016,max_joint_confidence,0,reduced_trade_flow,model_specific,validation
20260708_200805,2069,validation,-0.7541392514065492,0.5138027804515825,0.2923693565186838,0.7076306434813162,0.36358259215344274,-1,0.7541392514065492,-0.24586074859345075,0.5,0.7,31,2069,max_joint_confidence,0,reduced_trade_flow,model_specific,validation
20260708_201318,565,validation,-3.4216059007297073,0.5949752012362264,0.29851662220405806,0.7014833777959419,0.4173652138680084,-1,3.4216059007297073,2.4216059007297073,0.5,0.7,32,565,max_joint_confidence,0,reduced_trade_flow,model_specific,validation
20260708_201318,863,validation,1.8516397975854026,0.6798258831264,0.7695174310173049,0.7695174310173049,0.5231378671224979,1,1.8516397975854026,0.8516397975854026,0.5,0.7,33,863,max_joint_confidence,0,reduced_trade_flow,model_specific,validation
20260708_201318,1120,validation,-0.9575738001321721,0.6050619666981737,0.2981469686949545,0.7018530313050455,0.4246645754545057,-1,0.9575738001321721,-0.04242619986782792,0.5,0.7,34,1120,max_joint_confidence,0,reduced_trade_flow,model_specific,validation
20260708_201832,370,validation,0.36496113569484123,0.602311764685415,0.29109077836597913,0.7089092216340209,0.42698436428415115,-1,-0.36496113569484123,-1.3649611356948412,0.5,0.7,35,370,max_joint_confidence,0,reduced_trade_flow,model_specific,validation
20260708_201832,1062,validation,-1.5742523721307133,0.5134982271151641,0.29290241284445734,0.7070975871555427,0.36309335740178145,-1,1.5742523721307133,0.5742523721307133,0.5,0.7,36,1062,max_joint_confidence,0,reduced_trade_flow,model_specific,validation
20260708_202857,412,validation,-1.3382993702693025,0.5407519070055407,0.29509276478176544,0.7049072352182346,0.3811799317062636,-1,1.3382993702693025,0.33829937026930246,0.5,0.7,37,412,max_joint_confidence,0,reduced_trade_flow,model_specific,validation
20260708_202857,1496,validation,-1.1364291286264372,0.5194016508536673,0.28632158659871354,0.7136784134012865,0.3706857460992542,-1,1.1364291286264372,0.1364291286264372,0.5,0.7,38,1496,max_joint_confidence,0,reduced_trade_flow,model_specific,validation
20260708_202857,2842,validation,-2.6745487509449717,0.5930606933344654,0.29762925838119836,0.7023707416188016,0.4165484790022892,-1,2.6745487509449717,1.6745487509449717,0.5,0.7,39,2842,max_joint_confidence,0,reduced_trade_flow,model_specific,validation
20260708_203410,2562,validation,2.5771002759444883,0.5373587336017588,0.2911940133946749,0.7088059866053251,0.3808830873315827,-1,-2.5771002759444883,-3.5771002759444883,0.5,0.7,40,2562,max_joint_confidence,0,reduced_trade_flow,model_specific,validation
20260708_204438,1042,validation,-2.8235408662913297,0.552649108199314,0.29935604088159307,0.7006439591184069,0.38721025917202423,-1,2.8235408662913297,1.8235408662913297,0.5,0.7,41,1042,max_joint_confidence,0,reduced_trade_flow,model_specific,validation
20260708_205506,350,validation,-0.40523465923425483,0.5270820881308348,0.29691568354600645,0.7030843164539935,0.37058314964861155,-1,0.40523465923425483,-0.5947653407657452,0.5,0.7,42,350,max_joint_confidence,0,reduced_trade_flow,model_specific,validation
20260708_212631,627,validation,-8.093931568754487,0.5712406014698148,0.2846792384419483,0.7153207615580517,0.40862026207626745,-1,8.093931568754487,7.093931568754487,0.5,0.7,43,627,max_joint_confidence,0,reduced_trade_flow,model_specific,validation
20260708_213144,2009,validation,-3.1760655578727537,0.7084985227063976,0.29212459449058364,0.7078754055094163,0.5015286790636135,-1,3.1760655578727537,2.1760655578727537,0.5,0.7,44,2009,max_joint_confidence,0,reduced_trade_flow,model_specific,validation
20260708_213658,1597,validation,2.8137878840550634,0.7555450627820349,0.2914417379533131,0.7085582620466869,0.5353476965827936,-1,-2.8137878840550634,-3.8137878840550634,0.5,0.7,45,1594,max_joint_confidence,3,reduced_trade_flow,model_specific,validation
20260708_213658,1756,validation,1.3744537556958925,0.6785131226975604,0.2916736297271243,0.7083263702728757,0.4806087373828773,-1,-1.3744537556958925,-2.3744537556958925,0.5,0.7,46,1756,max_joint_confidence,0,reduced_trade_flow,model_specific,validation
20260708_214213,203,validation,1.1766061681561801,0.5337299128585185,0.29991347601218377,0.7000865239878162,0.37365711944144026,-1,-1.1766061681561801,-2.17660616815618,0.5,0.7,47,203,max_joint_confidence,0,reduced_trade_flow,model_specific,validation
20260709_190039,383,test,2.356357404673659,0.6088645194918402,0.2983292043642532,0.7016707956357469,0.4272224518262162,-1,-2.356357404673659,-3.356357404673659,0.5,0.7,0,383,first_eligible,0,reduced_trade_flow,model_specific,test
20260709_190039,1133,test,0.2460118307889836,0.5166674078289735,0.28979301168437854,0.7102069883156215,0.36694080367505416,-1,-0.2460118307889836,-1.2460118307889836,0.5,0.7,1,1133,first_eligible,0,reduced_trade_flow,model_specific,test
20260709_190039,1328,test,0.031745301101171464,0.6044354925508433,0.2999075608749874,0.7000924391250126,0.42316071827364826,-1,-0.031745301101171464,-1.0317453011011715,0.5,0.7,2,1328,first_eligible,0,reduced_trade_flow,model_specific,test
20260709_190555,105,test,-3.3954860662110953,0.5388769610862069,0.2855036871543188,0.7144963128456812,0.3850256017735804,-1,3.3954860662110953,2.3954860662110953,0.5,0.7,3,105,first_eligible,0,reduced_trade_flow,model_specific,test
20260709_190555,478,test,1.540480900021901,0.548925073026088,0.2923960956752926,0.7076039043247073,0.38842152485498493,-1,-1.540480900021901,-2.540480900021901,0.5,0.7,4,478,first_eligible,0,reduced_trade_flow,model_specific,test
20260709_190555,2260,test,-1.0015635519899924,0.5051158294014196,0.29076360774906457,0.7092363922509355,0.35824652851350186,-1,1.0015635519899924,0.0015635519899923622,0.5,0.7,5,2260,first_eligible,0,reduced_trade_flow,model_specific,test
20260709_190555,2642,test,0.7316725955996972,0.5770794312008111,0.28443284254709744,0.7155671574529026,0.41293908820890224,-1,-0.7316725955996972,-1.7316725955996972,0.5,0.7,6,2642,first_eligible,0,reduced_trade_flow,model_specific,test
20260709_192139,1551,test,-5.604567842375507,0.568066310717346,0.28738463069266895,0.712615369307331,0.4048127838028946,-1,5.604567842375507,4.604567842375507,0.5,0.7,7,1551,first_eligible,0,reduced_trade_flow,model_specific,test
20260709_192139,1996,test,3.0212154692610405,0.5772957924204366,0.298776796907269,0.701223203092731,0.4048132046930149,-1,-3.0212154692610405,-4.0212154692610405,0.5,0.7,8,1996,first_eligible,0,reduced_trade_flow,model_specific,test
20260709_192139,2110,test,1.7529810638206023,0.6483806501971562,0.2877988427157516,0.7122011572842484,0.4617774494311281,-1,-1.7529810638206023,-2.7529810638206023,0.5,0.7,9,2110,first_eligible,0,reduced_trade_flow,model_specific,test
20260709_192655,2191,test,-0.6052675800372054,0.5599488116429571,0.2865828565808223,0.7134171434191777,0.3994770816632816,-1,0.6052675800372054,-0.3947324199627946,0.5,0.7,10,2191,first_eligible,0,reduced_trade_flow,model_specific,test
20260709_192655,2634,test,-2.317030251975938,0.5239878610515603,0.28760027433008906,0.7123997256699109,0.37328880846749496,-1,2.317030251975938,1.3170302519759378,0.5,0.7,11,2634,first_eligible,0,reduced_trade_flow,model_specific,test
20260709_193210,844,test,-3.139835023187043,0.5058554732146385,0.2934163845352728,0.7065836154647271,0.35742918916661975,-1,3.139835023187043,2.139835023187043,0.5,0.7,12,844,first_eligible,0,reduced_trade_flow,model_specific,test
20260709_194752,775,test,-0.27807306488991657,0.5278372796881204,0.29070204694768403,0.709297953052316,0.3743939020274867,-1,0.27807306488991657,-0.7219269351100834,0.5,0.7,13,775,first_eligible,0,reduced_trade_flow,model_specific,test
20260709_195819,2283,test,-2.1280633591169718,0.5108102878000845,0.2960672163886194,0.7039327836113807,0.359576107788444,-1,2.1280633591169718,1.1280633591169718,0.5,0.7,14,2283,first_eligible,0,reduced_trade_flow,model_specific,test
20260709_201919,1230,test,-1.1907077169770464,0.5518329935742906,0.2990626359178898,0.7009373640821102,0.3868003639295033,-1,1.1907077169770464,0.19070771697704636,0.5,0.7,15,1230,first_eligible,0,reduced_trade_flow,model_specific,test
20260709_201919,1969,test,9.026592817524826,0.8247874604166315,0.2924616462216026,0.7075383537783975,0.5835687619602486,-1,-9.026592817524826,-10.026592817524826,0.5,0.7,16,1969,first_eligible,0,reduced_trade_flow,model_specific,test
20260709_202431,2481,test,-8.859596824835059,0.7816861781781541,0.2878468333061883,0.7121531666938117,0.5566802871503556,-1,8.859596824835059,7.859596824835059,0.5,0.7,17,2481,first_eligible,0,reduced_trade_flow,model_specific,test
20260709_202947,1947,test,-0.9366856094139564,0.5378237939783076,0.2937640656614462,0.7062359343385538,0.37983048964977595,-1,0.9366856094139564,-0.0633143905860436,0.5,0.7,18,1947,first_eligible,0,reduced_trade_flow,model_specific,test
20260709_203501,315,test,-5.309218249404113,0.5745034590499216,0.29594361936185226,0.7040563806381477,0.4044828260427841,-1,5.309218249404113,4.309218249404113,0.5,0.7,19,315,first_eligible,0,reduced_trade_flow,model_specific,test
20260709_203501,1907,test,-0.6677737932181405,0.5483965300303307,0.29220892999151615,0.7077910700084838,0.3881501667791074,-1,0.6677737932181405,-0.33222620678185955,0.5,0.7,20,1907,first_eligible,0,reduced_trade_flow,model_specific,test
20260709_210627,2090,test,-1.8700721609121729,0.5626672523297237,0.2880275018123873,0.7119724981876128,0.40060360928955324,-1,1.8700721609121729,0.8700721609121729,0.5,0.7,21,2090,first_eligible,0,reduced_trade_flow,model_specific,test
20260709_212207,2113,test,-3.688089785029991,0.5454861383167929,0.29472788984941967,0.7052721101505803,0.3847161598285759,-1,3.688089785029991,2.688089785029991,0.5,0.7,22,2113,first_eligible,0,reduced_trade_flow,model_specific,test
20260709_212722,1551,test,-2.9354683547744287,0.7048688158952645,0.28660070736208476,0.7133992926379152,0.5028529146622066,-1,2.9354683547744287,1.9354683547744287,0.5,0.7,23,1551,first_eligible,0,reduced_trade_flow,model_specific,test
20260709_190039,383,test,2.356357404673659,0.6088645194918402,0.2983292043642532,0.7016707956357469,0.4272224518262162,-1,-2.356357404673659,-3.356357404673659,0.5,0.7,0,383,max_move_probability,0,reduced_trade_flow,model_specific,test
20260709_190039,1133,test,0.2460118307889836,0.5166674078289735,0.28979301168437854,0.7102069883156215,0.36694080367505416,-1,-0.2460118307889836,-1.2460118307889836,0.5,0.7,1,1133,max_move_probability,0,reduced_trade_flow,model_specific,test
20260709_190039,1328,test,0.031745301101171464,0.6044354925508433,0.2999075608749874,0.7000924391250126,0.42316071827364826,-1,-0.031745301101171464,-1.0317453011011715,0.5,0.7,2,1328,max_move_probability,0,reduced_trade_flow,model_specific,test
20260709_190555,105,test,-3.3954860662110953,0.5388769610862069,0.2855036871543188,0.7144963128456812,0.3850256017735804,-1,3.3954860662110953,2.3954860662110953,0.5,0.7,3,105,max_move_probability,0,reduced_trade_flow,model_specific,test
20260709_190555,478,test,1.540480900021901,0.548925073026088,0.2923960956752926,0.7076039043247073,0.38842152485498493,-1,-1.540480900021901,-2.540480900021901,0.5,0.7,4,478,max_move_probability,0,reduced_trade_flow,model_specific,test
20260709_190555,2260,test,-1.0015635519899924,0.5051158294014196,0.29076360774906457,0.7092363922509355,0.35824652851350186,-1,1.0015635519899924,0.0015635519899923622,0.5,0.7,5,2260,max_move_probability,0,reduced_trade_flow,model_specific,test
20260709_190555,2642,test,0.7316725955996972,0.5770794312008111,0.28443284254709744,0.7155671574529026,0.41293908820890224,-1,-0.7316725955996972,-1.7316725955996972,0.5,0.7,6,2642,max_move_probability,0,reduced_trade_flow,model_specific,test
20260709_192139,1551,test,-5.604567842375507,0.568066310717346,0.28738463069266895,0.712615369307331,0.4048127838028946,-1,5.604567842375507,4.604567842375507,0.5,0.7,7,1551,max_move_probability,0,reduced_trade_flow,model_specific,test
20260709_192139,1996,test,3.0212154692610405,0.5772957924204366,0.298776796907269,0.701223203092731,0.4048132046930149,-1,-3.0212154692610405,-4.0212154692610405,0.5,0.7,8,1996,max_move_probability,0,reduced_trade_flow,model_specific,test
20260709_192139,2110,test,1.7529810638206023,0.6483806501971562,0.2877988427157516,0.7122011572842484,0.4617774494311281,-1,-1.7529810638206023,-2.7529810638206023,0.5,0.7,9,2110,max_move_probability,0,reduced_trade_flow,model_specific,test
20260709_192655,2191,test,-0.6052675800372054,0.5599488116429571,0.2865828565808223,0.7134171434191777,0.3994770816632816,-1,0.6052675800372054,-0.3947324199627946,0.5,0.7,10,2191,max_move_probability,0,reduced_trade_flow,model_specific,test
20260709_192655,2634,test,-2.317030251975938,0.5239878610515603,0.28760027433008906,0.7123997256699109,0.37328880846749496,-1,2.317030251975938,1.3170302519759378,0.5,0.7,11,2634,max_move_probability,0,reduced_trade_flow,model_specific,test
20260709_193210,844,test,-3.139835023187043,0.5058554732146385,0.2934163845352728,0.7065836154647271,0.35742918916661975,-1,3.139835023187043,2.139835023187043,0.5,0.7,12,844,max_move_probability,0,reduced_trade_flow,model_specific,test
20260709_194752,775,test,-0.27807306488991657,0.5278372796881204,0.29070204694768403,0.709297953052316,0.3743939020274867,-1,0.27807306488991657,-0.7219269351100834,0.5,0.7,13,775,max_move_probability,0,reduced_trade_flow,model_specific,test
20260709_195819,2283,test,-2.1280633591169718,0.5108102878000845,0.2960672163886194,0.7039327836113807,0.359576107788444,-1,2.1280633591169718,1.1280633591169718,0.5,0.7,14,2283,max_move_probability,0,reduced_trade_flow,model_specific,test
20260709_201919,1230,test,-1.1907077169770464,0.5518329935742906,0.2990626359178898,0.7009373640821102,0.3868003639295033,-1,1.1907077169770464,0.19070771697704636,0.5,0.7,15,1230,max_move_probability,0,reduced_trade_flow,model_specific,test
20260709_201919,1969,test,9.026592817524826,0.8247874604166315,0.2924616462216026,0.7075383537783975,0.5835687619602486,-1,-9.026592817524826,-10.026592817524826,0.5,0.7,16,1969,max_move_probability,0,reduced_trade_flow,model_specific,test
20260709_202431,2494,test,-0.6117850457487695,0.8410481610391667,0.2930173176621036,0.7069826823378964,0.5946064848668251,-1,0.6117850457487695,-0.38821495425123054,0.5,0.7,17,2481,max_move_probability,13,reduced_trade_flow,model_specific,test
20260709_202947,1947,test,-0.9366856094139564,0.5378237939783076,0.2937640656614462,0.7062359343385538,0.37983048964977595,-1,0.9366856094139564,-0.0633143905860436,0.5,0.7,18,1947,max_move_probability,0,reduced_trade_flow,model_specific,test
20260709_203501,315,test,-5.309218249404113,0.5745034590499216,0.29594361936185226,0.7040563806381477,0.4044828260427841,-1,5.309218249404113,4.309218249404113,0.5,0.7,19,315,max_move_probability,0,reduced_trade_flow,model_specific,test
20260709_203501,1907,test,-0.6677737932181405,0.5483965300303307,0.29220892999151615,0.7077910700084838,0.3881501667791074,-1,0.6677737932181405,-0.33222620678185955,0.5,0.7,20,1907,max_move_probability,0,reduced_trade_flow,model_specific,test
20260709_210627,2090,test,-1.8700721609121729,0.5626672523297237,0.2880275018123873,0.7119724981876128,0.40060360928955324,-1,1.8700721609121729,0.8700721609121729,0.5,0.7,21,2090,max_move_probability,0,reduced_trade_flow,model_specific,test
20260709_212207,2118,test,0.6868279967053859,0.6730750825927507,0.29327645060100604,0.706723549398994,0.4756780113819698,-1,-0.6868279967053859,-1.6868279967053859,0.5,0.7,22,2113,max_move_probability,5,reduced_trade_flow,model_specific,test
20260709_212722,1551,test,-2.9354683547744287,0.7048688158952645,0.28660070736208476,0.7133992926379152,0.5028529146622066,-1,2.9354683547744287,1.9354683547744287,0.5,0.7,23,1551,max_move_probability,0,reduced_trade_flow,model_specific,test
20260709_190039,383,test,2.356357404673659,0.6088645194918402,0.2983292043642532,0.7016707956357469,0.4272224518262162,-1,-2.356357404673659,-3.356357404673659,0.5,0.7,0,383,max_joint_confidence,0,reduced_trade_flow,model_specific,test
20260709_190039,1133,test,0.2460118307889836,0.5166674078289735,0.28979301168437854,0.7102069883156215,0.36694080367505416,-1,-0.2460118307889836,-1.2460118307889836,0.5,0.7,1,1133,max_joint_confidence,0,reduced_trade_flow,model_specific,test
20260709_190039,1328,test,0.031745301101171464,0.6044354925508433,0.2999075608749874,0.7000924391250126,0.42316071827364826,-1,-0.031745301101171464,-1.0317453011011715,0.5,0.7,2,1328,max_joint_confidence,0,reduced_trade_flow,model_specific,test
20260709_190555,105,test,-3.3954860662110953,0.5388769610862069,0.2855036871543188,0.7144963128456812,0.3850256017735804,-1,3.3954860662110953,2.3954860662110953,0.5,0.7,3,105,max_joint_confidence,0,reduced_trade_flow,model_specific,test
20260709_190555,478,test,1.540480900021901,0.548925073026088,0.2923960956752926,0.7076039043247073,0.38842152485498493,-1,-1.540480900021901,-2.540480900021901,0.5,0.7,4,478,max_joint_confidence,0,reduced_trade_flow,model_specific,test
20260709_190555,2260,test,-1.0015635519899924,0.5051158294014196,0.29076360774906457,0.7092363922509355,0.35824652851350186,-1,1.0015635519899924,0.0015635519899923622,0.5,0.7,5,2260,max_joint_confidence,0,reduced_trade_flow,model_specific,test
20260709_190555,2642,test,0.7316725955996972,0.5770794312008111,0.28443284254709744,0.7155671574529026,0.41293908820890224,-1,-0.7316725955996972,-1.7316725955996972,0.5,0.7,6,2642,max_joint_confidence,0,reduced_trade_flow,model_specific,test
20260709_192139,1551,test,-5.604567842375507,0.568066310717346,0.28738463069266895,0.712615369307331,0.4048127838028946,-1,5.604567842375507,4.604567842375507,0.5,0.7,7,1551,max_joint_confidence,0,reduced_trade_flow,model_specific,test
20260709_192139,1996,test,3.0212154692610405,0.5772957924204366,0.298776796907269,0.701223203092731,0.4048132046930149,-1,-3.0212154692610405,-4.0212154692610405,0.5,0.7,8,1996,max_joint_confidence,0,reduced_trade_flow,model_specific,test
20260709_192139,2110,test,1.7529810638206023,0.6483806501971562,0.2877988427157516,0.7122011572842484,0.4617774494311281,-1,-1.7529810638206023,-2.7529810638206023,0.5,0.7,9,2110,max_joint_confidence,0,reduced_trade_flow,model_specific,test
20260709_192655,2191,test,-0.6052675800372054,0.5599488116429571,0.2865828565808223,0.7134171434191777,0.3994770816632816,-1,0.6052675800372054,-0.3947324199627946,0.5,0.7,10,2191,max_joint_confidence,0,reduced_trade_flow,model_specific,test
20260709_192655,2634,test,-2.317030251975938,0.5239878610515603,0.28760027433008906,0.7123997256699109,0.37328880846749496,-1,2.317030251975938,1.3170302519759378,0.5,0.7,11,2634,max_joint_confidence,0,reduced_trade_flow,model_specific,test
20260709_193210,844,test,-3.139835023187043,0.5058554732146385,0.2934163845352728,0.7065836154647271,0.35742918916661975,-1,3.139835023187043,2.139835023187043,0.5,0.7,12,844,max_joint_confidence,0,reduced_trade_flow,model_specific,test
20260709_194752,775,test,-0.27807306488991657,0.5278372796881204,0.29070204694768403,0.709297953052316,0.3743939020274867,-1,0.27807306488991657,-0.7219269351100834,0.5,0.7,13,775,max_joint_confidence,0,reduced_trade_flow,model_specific,test
20260709_195819,2283,test,-2.1280633591169718,0.5108102878000845,0.2960672163886194,0.7039327836113807,0.359576107788444,-1,2.1280633591169718,1.1280633591169718,0.5,0.7,14,2283,max_joint_confidence,0,reduced_trade_flow,model_specific,test
20260709_201919,1230,test,-1.1907077169770464,0.5518329935742906,0.2990626359178898,0.7009373640821102,0.3868003639295033,-1,1.1907077169770464,0.19070771697704636,0.5,0.7,15,1230,max_joint_confidence,0,reduced_trade_flow,model_specific,test
20260709_201919,1969,test,9.026592817524826,0.8247874604166315,0.2924616462216026,0.7075383537783975,0.5835687619602486,-1,-9.026592817524826,-10.026592817524826,0.5,0.7,16,1969,max_joint_confidence,0,reduced_trade_flow,model_specific,test
20260709_202431,2494,test,-0.6117850457487695,0.8410481610391667,0.2930173176621036,0.7069826823378964,0.5946064848668251,-1,0.6117850457487695,-0.38821495425123054,0.5,0.7,17,2481,max_joint_confidence,13,reduced_trade_flow,model_specific,test
20260709_202947,1947,test,-0.9366856094139564,0.5378237939783076,0.2937640656614462,0.7062359343385538,0.37983048964977595,-1,0.9366856094139564,-0.0633143905860436,0.5,0.7,18,1947,max_joint_confidence,0,reduced_trade_flow,model_specific,test
20260709_203501,315,test,-5.309218249404113,0.5745034590499216,0.29594361936185226,0.7040563806381477,0.4044828260427841,-1,5.309218249404113,4.309218249404113,0.5,0.7,19,315,max_joint_confidence,0,reduced_trade_flow,model_specific,test
20260709_203501,1907,test,-0.6677737932181405,0.5483965300303307,0.29220892999151615,0.7077910700084838,0.3881501667791074,-1,0.6677737932181405,-0.33222620678185955,0.5,0.7,20,1907,max_joint_confidence,0,reduced_trade_flow,model_specific,test
20260709_210627,2090,test,-1.8700721609121729,0.5626672523297237,0.2880275018123873,0.7119724981876128,0.40060360928955324,-1,1.8700721609121729,0.8700721609121729,0.5,0.7,21,2090,max_joint_confidence,0,reduced_trade_flow,model_specific,test
20260709_212207,2118,test,0.6868279967053859,0.6730750825927507,0.29327645060100604,0.706723549398994,0.4756780113819698,-1,-0.6868279967053859,-1.6868279967053859,0.5,0.7,22,2113,max_joint_confidence,5,reduced_trade_flow,model_specific,test
20260709_212722,1551,test,-2.9354683547744287,0.7048688158952645,0.28660070736208476,0.7133992926379152,0.5028529146622066,-1,2.9354683547744287,1.9354683547744287,0.5,0.7,23,1551,max_joint_confidence,0,reduced_trade_flow,model_specific,test
20260708_185955,304,validation,0.8235217179630716,0.7116308191808496,0.291361009249674,0.708638990750326,0.504289345491145,-1,-0.8235217179630716,-1.8235217179630716,0.65,0.65,0,304,first_eligible,0,full_trade_flow,fixed_common_0p65_0p65,validation
20260708_185955,624,validation,-2.733438908044672,0.6548330442471069,0.32954646687234035,0.6704535331276597,0.43903512812421386,-1,2.733438908044672,1.733438908044672,0.65,0.65,1,624,first_eligible,0,full_trade_flow,fixed_common_0p65_0p65,validation
20260708_185955,1086,validation,3.341018752476277,0.7009263414009517,0.3183973670981201,0.6816026329018798,0.47775323976917056,-1,-3.341018752476277,-4.341018752476277,0.65,0.65,2,1086,first_eligible,0,full_trade_flow,fixed_common_0p65_0p65,validation
20260708_185955,1240,validation,-3.9544735183438817,0.6758684917840179,0.6592768524187278,0.6592768524187278,0.44558445191236007,1,-3.9544735183438817,-4.954473518343882,0.65,0.65,3,1240,first_eligible,0,full_trade_flow,fixed_common_0p65_0p65,validation
20260708_185955,1967,validation,2.0989289811224054,0.7589199511615723,0.6525958922316634,0.6525958922316634,0.4952680426606967,1,2.0989289811224054,1.0989289811224054,0.65,0.65,4,1967,first_eligible,0,full_trade_flow,fixed_common_0p65_0p65,validation
20260708_190508,912,validation,0.6941389650072516,0.6623890601374469,0.31089069319777224,0.6891093068022278,0.45645846606469526,-1,-0.6941389650072516,-1.6941389650072516,0.65,0.65,5,912,first_eligible,0,full_trade_flow,fixed_common_0p65_0p65,validation
20260708_190508,1731,validation,0.9687865060947765,0.6656967771842636,0.3455071144581363,0.6544928855418637,0.43569380459524776,-1,-0.9687865060947765,-1.9687865060947765,0.65,0.65,6,1731,first_eligible,0,full_trade_flow,fixed_common_0p65_0p65,validation
20260708_190508,2639,validation,9.341127824218365,0.7847171510745926,0.29404300983031967,0.7059569901696803,0.5539765581071456,-1,-9.341127824218365,-10.341127824218365,0.65,0.65,7,2639,first_eligible,0,full_trade_flow,fixed_common_0p65_0p65,validation
20260708_190508,2692,validation,-5.012099142865933,0.8012710455012679,0.332965064171528,0.667034935828472,0.5344757804171509,-1,5.012099142865933,4.012099142865933,0.65,0.65,8,2692,first_eligible,0,full_trade_flow,fixed_common_0p65_0p65,validation
20260708_191023,20,validation,-4.2077601737910975,0.6657558587300074,0.3210352808968079,0.6789647191031921,0.4520247396139239,-1,4.2077601737910975,3.2077601737910975,0.65,0.65,9,20,first_eligible,0,full_trade_flow,fixed_common_0p65_0p65,validation
20260708_191023,1742,validation,1.4170703841154264,0.9082771144028084,0.934843815269349,0.934843815269349,0.8490972429501564,1,1.4170703841154264,0.4170703841154264,0.65,0.65,10,1742,first_eligible,0,full_trade_flow,fixed_common_0p65_0p65,validation
20260708_191023,2478,validation,-2.2879294802125028,0.7511907598281817,0.34256897787838525,0.6574310221216147,0.49385610904215393,-1,2.2879294802125028,1.2879294802125028,0.65,0.65,11,2478,first_eligible,0,full_trade_flow,fixed_common_0p65_0p65,validation
20260708_191023,2838,validation,-0.44373876534109513,0.6927171646323648,0.2912101633389659,0.7087898366610341,0.4909908859720685,-1,0.44373876534109513,-0.5562612346589049,0.65,0.65,12,2838,first_eligible,0,full_trade_flow,fixed_common_0p65_0p65,validation
20260708_191538,292,validation,0.145331116763181,0.654603531043094,0.29543656654158695,0.704563433458413,0.46120971138572314,-1,-0.145331116763181,-1.145331116763181,0.65,0.65,13,292,first_eligible,0,full_trade_flow,fixed_common_0p65_0p65,validation
20260708_191538,542,validation,-6.804463792898785,0.6596031534294019,0.3362252840785185,0.6637747159214815,0.4378278957885146,-1,6.804463792898785,5.804463792898785,0.65,0.65,14,542,first_eligible,0,full_trade_flow,fixed_common_0p65_0p65,validation
20260708_191538,890,validation,-3.718184265129043,0.7680285599891616,0.3461348405473091,0.653865159452691,0.5021871168415338,-1,3.718184265129043,2.718184265129043,0.65,0.65,15,890,first_eligible,0,full_trade_flow,fixed_common_0p65_0p65,validation
20260708_192052,70,validation,-0.3060027266443832,0.6671198198315195,0.3475936547485933,0.6524063452514067,0.43523320350105854,-1,0.3060027266443832,-0.6939972733556168,0.65,0.65,16,70,first_eligible,0,full_trade_flow,fixed_common_0p65_0p65,validation
20260708_192052,284,validation,-3.3311474354580373,0.7149016581713679,0.33721897668581613,0.6627810233141839,0.47382325257182606,-1,3.3311474354580373,2.3311474354580373,0.65,0.65,17,284,first_eligible,0,full_trade_flow,fixed_common_0p65_0p65,validation
20260708_192052,470,validation,-0.9980304994894329,0.9062271959465431,0.8534905416594931,0.8534905416594931,0.7734563403349787,1,-0.9980304994894329,-1.998030499489433,0.65,0.65,18,470,first_eligible,0,full_trade_flow,fixed_common_0p65_0p65,validation
20260708_192052,572,validation,1.2072949590602455,0.7281221479072557,0.8377591908858681,0.8377591908858681,0.6099910214968629,1,1.2072949590602455,0.20729495906024553,0.65,0.65,19,572,first_eligible,0,full_trade_flow,fixed_common_0p65_0p65,validation
20260708_192607,580,validation,-4.55759836345937,0.6626605523871896,0.2920418545400076,0.7079581454599924,0.4691359357375288,-1,4.55759836345937,3.5575983634593698,0.65,0.65,20,580,first_eligible,0,full_trade_flow,fixed_common_0p65_0p65,validation
20260708_193122,1795,validation,2.774970092436213,0.7437923473838809,0.3149456201028519,0.6850543798971481,0.5095382053093087,-1,-2.774970092436213,-3.774970092436213,0.65,0.65,21,1795,first_eligible,0,full_trade_flow,fixed_common_0p65_0p65,validation
20260708_194153,2187,validation,-10.981949785702216,0.7842634957451302,0.31461263826530955,0.6853873617346904,0.5375242882535803,-1,10.981949785702216,9.981949785702216,0.65,0.65,22,2187,first_eligible,0,full_trade_flow,fixed_common_0p65_0p65,validation
20260708_194153,2258,validation,-1.6363867608204519,0.6710206645737907,0.31871759127344634,0.6812824087265537,0.45715457466612497,-1,1.6363867608204519,0.6363867608204519,0.65,0.65,23,2258,first_eligible,0,full_trade_flow,fixed_common_0p65_0p65,validation
20260708_195223,10,validation,6.9981783676920095,0.6556679149426097,0.658743772244008,0.658743772244008,0.4319171556286581,1,6.9981783676920095,5.9981783676920095,0.65,0.65,24,10,first_eligible,0,full_trade_flow,fixed_common_0p65_0p65,validation
20260708_195223,798,validation,8.406003503040882,0.7357878801933448,0.288804744036051,0.711195255963949,0.5232888497892773,-1,-8.406003503040882,-9.406003503040882,0.65,0.65,25,798,first_eligible,0,full_trade_flow,fixed_common_0p65_0p65,validation
20260708_195223,852,validation,-3.3760399697291277,0.8599502714373284,0.33358748803394905,0.6664125119660509,0.5730816205544373,-1,3.3760399697291277,2.3760399697291277,0.65,0.65,26,852,first_eligible,0,full_trade_flow,fixed_common_0p65_0p65,validation
20260708_195223,1179,validation,0.8550393681105994,0.83902379733845,0.3443651046742083,0.6556348953257918,0.550093279543843,-1,-0.8550393681105994,-1.8550393681105994,0.65,0.65,27,1179,first_eligible,0,full_trade_flow,fixed_common_0p65_0p65,validation
20260708_195223,1263,validation,-1.4676247622158467,0.8035331703023683,0.32856722609708944,0.6714327739029106,0.539518505459119,-1,1.4676247622158467,0.4676247622158467,0.65,0.65,28,1263,first_eligible,0,full_trade_flow,fixed_common_0p65_0p65,validation
20260708_195223,1339,validation,-1.741787993758681,0.6741207132582603,0.33804092450953027,0.6619590754904697,0.44624032411741404,-1,1.741787993758681,0.7417879937586811,0.65,0.65,29,1339,first_eligible,0,full_trade_flow,fixed_common_0p65_0p65,validation
20260708_201318,565,validation,-3.4216059007297073,0.6638383145176379,0.29851662220405806,0.7014833777959419,0.4656715431781975,-1,3.4216059007297073,2.4216059007297073,0.65,0.65,30,565,first_eligible,0,full_trade_flow,fixed_common_0p65_0p65,validation
20260708_201318,621,validation,0.0,0.9339956614379518,0.7343193461448025,0.7343193461448025,0.6858510834091991,1,0.0,-1.0,0.65,0.65,31,621,first_eligible,0,full_trade_flow,fixed_common_0p65_0p65,validation
20260708_201318,708,validation,-3.6012156536080475,0.6859440764427714,0.6762827875874438,0.6762827875874438,0.4638921721458121,1,-3.6012156536080475,-4.6012156536080475,0.65,0.65,32,708,first_eligible,0,full_trade_flow,fixed_common_0p65_0p65,validation
20260708_201318,1018,validation,0.03246223627462186,0.7438539529907835,0.3407543980783874,0.6592456019216126,0.49038244698118,-1,-0.03246223627462186,-1.0324622362746219,0.65,0.65,33,1018,first_eligible,0,full_trade_flow,fixed_common_0p65_0p65,validation
20260708_202345,1356,validation,-2.468925245978637,0.7532281109322428,0.33050634096064696,0.669493659039353,0.504281444079327,-1,2.468925245978637,1.468925245978637,0.65,0.65,34,1356,first_eligible,0,full_trade_flow,fixed_common_0p65_0p65,validation
20260708_202345,1978,validation,4.078638092366305,0.6882691945210927,0.6576671300679195,0.6576671300679195,0.4526520258748457,1,4.078638092366305,3.0786380923663046,0.65,0.65,35,1978,first_eligible,0,full_trade_flow,fixed_common_0p65_0p65,validation
20260708_203410,743,validation,0.0,0.7637457345092227,0.9573641965100409,0.9573641965100409,0.731182821456393,1,0.0,-1.0,0.65,0.65,36,743,first_eligible,0,full_trade_flow,fixed_common_0p65_0p65,validation
20260708_203410,1105,validation,-1.701922118423349,0.7021446795899745,0.3275342677306581,0.6724657322693419,0.47216823611949466,-1,1.701922118423349,0.7019221184233491,0.65,0.65,37,1105,first_eligible,0,full_trade_flow,fixed_common_0p65_0p65,validation
20260708_210018,481,validation,0.29150670910693677,0.6722465121366331,0.33984192762507803,0.660158072374922,0.4437889616128843,-1,-0.29150670910693677,-1.2915067091069368,0.65,0.65,38,481,first_eligible,0,full_trade_flow,fixed_common_0p65_0p65,validation
20260708_210018,611,validation,1.1824476179755905,0.6791576234944348,0.3385684170798026,0.6614315829201973,0.44921630196024337,-1,-1.1824476179755905,-2.1824476179755905,0.65,0.65,39,611,first_eligible,0,full_trade_flow,fixed_common_0p65_0p65,validation
20260708_212631,628,validation,-6.8762413754419605,0.6555795158684288,0.30146756712828804,0.698532432871712,0.45794355416043264,-1,6.8762413754419605,5.8762413754419605,0.65,0.65,40,628,first_eligible,0,full_trade_flow,fixed_common_0p65_0p65,validation
20260708_213144,2009,validation,-3.1760655578727537,0.7124867948041851,0.29212459449058364,0.7078754055094163,0.5043518787921168,-1,3.1760655578727537,2.1760655578727537,0.65,0.65,41,2009,first_eligible,0,full_trade_flow,fixed_common_0p65_0p65,validation
20260708_213658,1594,validation,0.16166907149450793,0.7281125289914637,0.29229765358762605,0.707702346412374,0.5152869452195066,-1,-0.16166907149450793,-1.161669071494508,0.65,0.65,42,1594,first_eligible,0,full_trade_flow,fixed_common_0p65_0p65,validation
20260708_213658,1651,validation,-1.0989676976225216,0.6983130064247991,0.32314552637535504,0.6768544736246449,0.4726562823889007,-1,1.0989676976225216,0.09896769762252156,0.65,0.65,43,1651,first_eligible,0,full_trade_flow,fixed_common_0p65_0p65,validation
20260708_213658,1706,validation,-4.315538605886848,0.6535273903671042,0.3476264442541485,0.6523735557458514,0.42634398743109486,-1,4.315538605886848,3.3155386058868483,0.65,0.65,44,1706,first_eligible,0,full_trade_flow,fixed_common_0p65_0p65,validation
20260708_213658,2259,validation,-7.28653240854471,0.7829821268253212,0.3385391498487076,0.6614608501512924,0.517912023263144,-1,7.28653240854471,6.28653240854471,0.65,0.65,45,2259,first_eligible,0,full_trade_flow,fixed_common_0p65_0p65,validation
20260708_214213,1440,validation,-0.17730796539883187,0.6620079789120286,0.6529051478972202,0.6529051478972202,0.43222841738069784,1,-0.17730796539883187,-1.1773079653988319,0.65,0.65,46,1440,first_eligible,0,full_trade_flow,fixed_common_0p65_0p65,validation
20260708_215758,873,validation,-1.7877260527254801,0.9051894731996324,0.7269451062114674,0.7269451062114674,0.658023057736609,1,-1.7877260527254801,-2.78772605272548,0.65,0.65,47,873,first_eligible,0,full_trade_flow,fixed_common_0p65_0p65,validation
20260708_185955,318,validation,3.3747970479414136,0.7395155159785559,0.3429123028669733,0.6570876971330267,0.48592654738849134,-1,-3.3747970479414136,-4.3747970479414136,0.65,0.65,0,304,max_move_probability,14,full_trade_flow,fixed_common_0p65_0p65,validation
20260708_185955,650,validation,0.37101531567218515,0.7051229770937416,0.6586571229271705,0.6586571229271705,0.464434271402405,1,0.37101531567218515,-0.6289846843278148,0.65,0.65,1,624,max_move_probability,26,full_trade_flow,fixed_common_0p65_0p65,validation
20260708_185955,1093,validation,2.662739797874014,0.7334178772988058,0.32715779872588896,0.6728422012741111,0.49347449901551443,-1,-2.662739797874014,-3.662739797874014,0.65,0.65,2,1086,max_move_probability,7,full_trade_flow,fixed_common_0p65_0p65,validation
20260708_185955,1240,validation,-3.9544735183438817,0.6758684917840179,0.6592768524187278,0.6592768524187278,0.44558445191236007,1,-3.9544735183438817,-4.954473518343882,0.65,0.65,3,1240,max_move_probability,0,full_trade_flow,fixed_common_0p65_0p65,validation
20260708_185955,1967,validation,2.0989289811224054,0.7589199511615723,0.6525958922316634,0.6525958922316634,0.4952680426606967,1,2.0989289811224054,1.0989289811224054,0.65,0.65,4,1967,max_move_probability,0,full_trade_flow,fixed_common_0p65_0p65,validation
20260708_190508,912,validation,0.6941389650072516,0.6623890601374469,0.31089069319777224,0.6891093068022278,0.45645846606469526,-1,-0.6941389650072516,-1.6941389650072516,0.65,0.65,5,912,max_move_probability,0,full_trade_flow,fixed_common_0p65_0p65,validation
20260708_190508,1731,validation,0.9687865060947765,0.6656967771842636,0.3455071144581363,0.6544928855418637,0.43569380459524776,-1,-0.9687865060947765,-1.9687865060947765,0.65,0.65,6,1731,max_move_probability,0,full_trade_flow,fixed_common_0p65_0p65,validation
20260708_190508,2639,validation,9.341127824218365,0.7847171510745926,0.29404300983031967,0.7059569901696803,0.5539765581071456,-1,-9.341127824218365,-10.341127824218365,0.65,0.65,7,2639,max_move_probability,0,full_trade_flow,fixed_common_0p65_0p65,validation
20260708_190508,2692,validation,-5.012099142865933,0.8012710455012679,0.332965064171528,0.667034935828472,0.5344757804171509,-1,5.012099142865933,4.012099142865933,0.65,0.65,8,2692,max_move_probability,0,full_trade_flow,fixed_common_0p65_0p65,validation
20260708_191023,45,validation,-3.612201177028984,0.723727341268355,0.2934876894848154,0.7065123105151846,0.511322276062517,-1,3.612201177028984,2.612201177028984,0.65,0.65,9,20,max_move_probability,25,full_trade_flow,fixed_common_0p65_0p65,validation
20260708_191023,1769,validation,1.755234907596659,0.9993584009123954,0.8802784452536901,0.8802784452536901,0.8797136594063774,1,1.755234907596659,0.7552349075966589,0.65,0.65,10,1742,max_move_probability,27,full_trade_flow,fixed_common_0p65_0p65,validation
20260708_191023,2478,validation,-2.2879294802125028,0.7511907598281817,0.34256897787838525,0.6574310221216147,0.49385610904215393,-1,2.2879294802125028,1.2879294802125028,0.65,0.65,11,2478,max_move_probability,0,full_trade_flow,fixed_common_0p65_0p65,validation
20260708_191023,2838,validation,-0.44373876534109513,0.6927171646323648,0.2912101633389659,0.7087898366610341,0.4909908859720685,-1,0.44373876534109513,-0.5562612346589049,0.65,0.65,12,2838,max_move_probability,0,full_trade_flow,fixed_common_0p65_0p65,validation
20260708_191538,315,validation,3.7957928078613534,0.6713583883624257,0.2996587663695413,0.7003412336304586,0.4701799619138977,-1,-3.7957928078613534,-4.795792807861353,0.65,0.65,13,292,max_move_probability,23,full_trade_flow,fixed_common_0p65_0p65,validation
20260708_191538,542,validation,-6.804463792898785,0.6596031534294019,0.3362252840785185,0.6637747159214815,0.4378278957885146,-1,6.804463792898785,5.804463792898785,0.65,0.65,14,542,max_move_probability,0,full_trade_flow,fixed_common_0p65_0p65,validation
20260708_191538,890,validation,-3.718184265129043,0.7680285599891616,0.3461348405473091,0.653865159452691,0.5021871168415338,-1,3.718184265129043,2.718184265129043,0.65,0.65,15,890,max_move_probability,0,full_trade_flow,fixed_common_0p65_0p65,validation
20260708_192052,70,validation,-0.3060027266443832,0.6671198198315195,0.3475936547485933,0.6524063452514067,0.43523320350105854,-1,0.3060027266443832,-0.6939972733556168,0.65,0.65,16,70,max_move_probability,0,full_trade_flow,fixed_common_0p65_0p65,validation
20260708_192052,333,validation,1.0463610380218036,0.7311414997113257,0.6542624095530025,0.6542624095530025,0.47835839932532787,1,1.0463610380218036,0.04636103802180358,0.65,0.65,17,284,max_move_probability,49,full_trade_flow,fixed_common_0p65_0p65,validation
20260708_192052,470,validation,-0.9980304994894329,0.9062271959465431,0.8534905416594931,0.8534905416594931,0.7734563403349787,1,-0.9980304994894329,-1.998030499489433,0.65,0.65,18,470,max_move_probability,0,full_trade_flow,fixed_common_0p65_0p65,validation
20260708_192052,572,validation,1.2072949590602455,0.7281221479072557,0.8377591908858681,0.8377591908858681,0.6099910214968629,1,1.2072949590602455,0.20729495906024553,0.65,0.65,19,572,max_move_probability,0,full_trade_flow,fixed_common_0p65_0p65,validation
20260708_192607,580,validation,-4.55759836345937,0.6626605523871896,0.2920418545400076,0.7079581454599924,0.4691359357375288,-1,4.55759836345937,3.5575983634593698,0.65,0.65,20,580,max_move_probability,0,full_trade_flow,fixed_common_0p65_0p65,validation
20260708_193122,1795,validation,2.774970092436213,0.7437923473838809,0.3149456201028519,0.6850543798971481,0.5095382053093087,-1,-2.774970092436213,-3.774970092436213,0.65,0.65,21,1795,max_move_probability,0,full_trade_flow,fixed_common_0p65_0p65,validation
20260708_194153,2221,validation,-3.701609754753754,0.9309242456072556,0.3303273170637968,0.6696726829362032,0.6234145371661718,-1,3.701609754753754,2.701609754753754,0.65,0.65,22,2187,max_move_probability,34,full_trade_flow,fixed_common_0p65_0p65,validation
20260708_194153,2258,validation,-1.6363867608204519,0.6710206645737907,0.31871759127344634,0.6812824087265537,0.45715457466612497,-1,1.6363867608204519,0.6363867608204519,0.65,0.65,23,2258,max_move_probability,0,full_trade_flow,fixed_common_0p65_0p65,validation
20260708_195223,10,validation,6.9981783676920095,0.6556679149426097,0.658743772244008,0.658743772244008,0.4319171556286581,1,6.9981783676920095,5.9981783676920095,0.65,0.65,24,10,max_move_probability,0,full_trade_flow,fixed_common_0p65_0p65,validation
20260708_195223,813,validation,0.008077009439055871,0.9061758597498301,0.2850044798262749,0.714995520173725,0.6479116802107022,-1,-0.008077009439055871,-1.0080770094390559,0.65,0.65,25,798,max_move_probability,15,full_trade_flow,fixed_common_0p65_0p65,validation
20260708_195223,852,validation,-3.3760399697291277,0.8599502714373284,0.33358748803394905,0.6664125119660509,0.5730816205544373,-1,3.3760399697291277,2.3760399697291277,0.65,0.65,26,852,max_move_probability,0,full_trade_flow,fixed_common_0p65_0p65,validation
20260708_195223,1209,validation,7.099677045372399,0.8737475876077408,0.3350586933285435,0.6649413066714565,0.580990862604924,-1,-7.099677045372399,-8.099677045372399,0.65,0.65,27,1179,max_move_probability,30,full_trade_flow,fixed_common_0p65_0p65,validation
20260708_195223,1263,validation,-1.4676247622158467,0.8035331703023683,0.32856722609708944,0.6714327739029106,0.539518505459119,-1,1.4676247622158467,0.4676247622158467,0.65,0.65,28,1263,max_move_probability,0,full_trade_flow,fixed_common_0p65_0p65,validation
20260708_195223,1361,validation,-3.2903093132696792,0.7196823010403298,0.3486239911592683,0.6513760088407317,0.46878378488496397,-1,3.2903093132696792,2.2903093132696792,0.65,0.65,29,1339,max_move_probability,22,full_trade_flow,fixed_common_0p65_0p65,validation
20260708_201318,565,validation,-3.4216059007297073,0.6638383145176379,0.29851662220405806,0.7014833777959419,0.4656715431781975,-1,3.4216059007297073,2.4216059007297073,0.65,0.65,30,565,max_move_probability,0,full_trade_flow,fixed_common_0p65_0p65,validation
20260708_201318,621,validation,0.0,0.9339956614379518,0.7343193461448025,0.7343193461448025,0.6858510834091991,1,0.0,-1.0,0.65,0.65,31,621,max_move_probability,0,full_trade_flow,fixed_common_0p65_0p65,validation
20260708_201318,708,validation,-3.6012156536080475,0.6859440764427714,0.6762827875874438,0.6762827875874438,0.4638921721458121,1,-3.6012156536080475,-4.6012156536080475,0.65,0.65,32,708,max_move_probability,0,full_trade_flow,fixed_common_0p65_0p65,validation
20260708_201318,1018,validation,0.03246223627462186,0.7438539529907835,0.3407543980783874,0.6592456019216126,0.49038244698118,-1,-0.03246223627462186,-1.0324622362746219,0.65,0.65,33,1018,max_move_probability,0,full_trade_flow,fixed_common_0p65_0p65,validation
20260708_202345,1356,validation,-2.468925245978637,0.7532281109322428,0.33050634096064696,0.669493659039353,0.504281444079327,-1,2.468925245978637,1.468925245978637,0.65,0.65,34,1356,max_move_probability,0,full_trade_flow,fixed_common_0p65_0p65,validation
20260708_202345,1978,validation,4.078638092366305,0.6882691945210927,0.6576671300679195,0.6576671300679195,0.4526520258748457,1,4.078638092366305,3.0786380923663046,0.65,0.65,35,1978,max_move_probability,0,full_trade_flow,fixed_common_0p65_0p65,validation
20260708_203410,743,validation,0.0,0.7637457345092227,0.9573641965100409,0.9573641965100409,0.731182821456393,1,0.0,-1.0,0.65,0.65,36,743,max_move_probability,0,full_trade_flow,fixed_common_0p65_0p65,validation
20260708_203410,1105,validation,-1.701922118423349,0.7021446795899745,0.3275342677306581,0.6724657322693419,0.47216823611949466,-1,1.701922118423349,0.7019221184233491,0.65,0.65,37,1105,max_move_probability,0,full_trade_flow,fixed_common_0p65_0p65,validation
20260708_210018,481,validation,0.29150670910693677,0.6722465121366331,0.33984192762507803,0.660158072374922,0.4437889616128843,-1,-0.29150670910693677,-1.2915067091069368,0.65,0.65,38,481,max_move_probability,0,full_trade_flow,fixed_common_0p65_0p65,validation
20260708_210018,611,validation,1.1824476179755905,0.6791576234944348,0.3385684170798026,0.6614315829201973,0.44921630196024337,-1,-1.1824476179755905,-2.1824476179755905,0.65,0.65,39,611,max_move_probability,0,full_trade_flow,fixed_common_0p65_0p65,validation
20260708_212631,628,validation,-6.8762413754419605,0.6555795158684288,0.30146756712828804,0.698532432871712,0.45794355416043264,-1,6.8762413754419605,5.8762413754419605,0.65,0.65,40,628,max_move_probability,0,full_trade_flow,fixed_common_0p65_0p65,validation
20260708_213144,2028,validation,-1.1316542279005137,0.7499609637304432,0.3495560748545278,0.6504439251454722,0.4878075529547106,-1,1.1316542279005137,0.13165422790051373,0.65,0.65,41,2009,max_move_probability,19,full_trade_flow,fixed_common_0p65_0p65,validation
20260708_213658,1608,validation,8.604369628839592,0.8417395182851873,0.3306920293298203,0.6693079706701797,0.5633829688163533,-1,-8.604369628839592,-9.604369628839592,0.65,0.65,42,1594,max_move_probability,14,full_trade_flow,fixed_common_0p65_0p65,validation
20260708_213658,1677,validation,0.598123347583801,0.7418092594003814,0.34882389574936573,0.6511761042506343,0.4830484636333886,-1,-0.598123347583801,-1.598123347583801,0.65,0.65,43,1651,max_move_probability,26,full_trade_flow,fixed_common_0p65_0p65,validation
20260708_213658,1756,validation,1.3744537556958925,0.7451786840737764,0.2916736297271243,0.7083263702728757,0.527829712494696,-1,-1.3744537556958925,-2.3744537556958925,0.65,0.65,44,1706,max_move_probability,50,full_trade_flow,fixed_common_0p65_0p65,validation
20260708_213658,2280,validation,-4.77251162292025,0.8710850870709471,0.30481026691497976,0.6951897330850203,0.6055694091751934,-1,4.77251162292025,3.77251162292025,0.65,0.65,45,2259,max_move_probability,21,full_trade_flow,fixed_common_0p65_0p65,validation
20260708_214213,1441,validation,0.40297264863431437,0.6689486450957957,0.659994795319775,0.659994795319775,0.44150262409944047,1,0.40297264863431437,-0.5970273513656856,0.65,0.65,46,1440,max_move_probability,1,full_trade_flow,fixed_common_0p65_0p65,validation
20260708_215758,873,validation,-1.7877260527254801,0.9051894731996324,0.7269451062114674,0.7269451062114674,0.658023057736609,1,-1.7877260527254801,-2.78772605272548,0.65,0.65,47,873,max_move_probability,0,full_trade_flow,fixed_common_0p65_0p65,validation
20260708_185955,304,validation,0.8235217179630716,0.7116308191808496,0.291361009249674,0.708638990750326,0.504289345491145,-1,-0.8235217179630716,-1.8235217179630716,0.65,0.65,0,304,max_joint_confidence,0,full_trade_flow,fixed_common_0p65_0p65,validation
20260708_185955,650,validation,0.37101531567218515,0.7051229770937416,0.6586571229271705,0.6586571229271705,0.464434271402405,1,0.37101531567218515,-0.6289846843278148,0.65,0.65,1,624,max_joint_confidence,26,full_trade_flow,fixed_common_0p65_0p65,validation
20260708_185955,1093,validation,2.662739797874014,0.7334178772988058,0.32715779872588896,0.6728422012741111,0.49347449901551443,-1,-2.662739797874014,-3.662739797874014,0.65,0.65,2,1086,max_joint_confidence,7,full_trade_flow,fixed_common_0p65_0p65,validation
20260708_185955,1240,validation,-3.9544735183438817,0.6758684917840179,0.6592768524187278,0.6592768524187278,0.44558445191236007,1,-3.9544735183438817,-4.954473518343882,0.65,0.65,3,1240,max_joint_confidence,0,full_trade_flow,fixed_common_0p65_0p65,validation
20260708_185955,1967,validation,2.0989289811224054,0.7589199511615723,0.6525958922316634,0.6525958922316634,0.4952680426606967,1,2.0989289811224054,1.0989289811224054,0.65,0.65,4,1967,max_joint_confidence,0,full_trade_flow,fixed_common_0p65_0p65,validation
20260708_190508,912,validation,0.6941389650072516,0.6623890601374469,0.31089069319777224,0.6891093068022278,0.45645846606469526,-1,-0.6941389650072516,-1.6941389650072516,0.65,0.65,5,912,max_joint_confidence,0,full_trade_flow,fixed_common_0p65_0p65,validation
20260708_190508,1732,validation,0.9687865060947765,0.6648294434455608,0.3395387755483922,0.6604612244516078,0.43909406826953606,-1,-0.9687865060947765,-1.9687865060947765,0.65,0.65,6,1731,max_joint_confidence,1,full_trade_flow,fixed_common_0p65_0p65,validation
20260708_190508,2639,validation,9.341127824218365,0.7847171510745926,0.29404300983031967,0.7059569901696803,0.5539765581071456,-1,-9.341127824218365,-10.341127824218365,0.65,0.65,7,2639,max_joint_confidence,0,full_trade_flow,fixed_common_0p65_0p65,validation
20260708_190508,2708,validation,-2.5952233383119694,0.8010747233466301,0.31885200464658653,0.6811479953534134,0.5456504419358473,-1,2.5952233383119694,1.5952233383119694,0.65,0.65,8,2692,max_joint_confidence,16,full_trade_flow,fixed_common_0p65_0p65,validation
20260708_191023,45,validation,-3.612201177028984,0.723727341268355,0.2934876894848154,0.7065123105151846,0.511322276062517,-1,3.612201177028984,2.612201177028984,0.65,0.65,9,20,max_joint_confidence,25,full_trade_flow,fixed_common_0p65_0p65,validation
20260708_191023,1769,validation,1.755234907596659,0.9993584009123954,0.8802784452536901,0.8802784452536901,0.8797136594063774,1,1.755234907596659,0.7552349075966589,0.65,0.65,10,1742,max_joint_confidence,27,full_trade_flow,fixed_common_0p65_0p65,validation
20260708_191023,2478,validation,-2.2879294802125028,0.7511907598281817,0.34256897787838525,0.6574310221216147,0.49385610904215393,-1,2.2879294802125028,1.2879294802125028,0.65,0.65,11,2478,max_joint_confidence,0,full_trade_flow,fixed_common_0p65_0p65,validation
20260708_191023,2838,validation,-0.44373876534109513,0.6927171646323648,0.2912101633389659,0.7087898366610341,0.4909908859720685,-1,0.44373876534109513,-0.5562612346589049,0.65,0.65,12,2838,max_joint_confidence,0,full_trade_flow,fixed_common_0p65_0p65,validation
20260708_191538,315,validation,3.7957928078613534,0.6713583883624257,0.2996587663695413,0.7003412336304586,0.4701799619138977,-1,-3.7957928078613534,-4.795792807861353,0.65,0.65,13,292,max_joint_confidence,23,full_trade_flow,fixed_common_0p65_0p65,validation
20260708_191538,542,validation,-6.804463792898785,0.6596031534294019,0.3362252840785185,0.6637747159214815,0.4378278957885146,-1,6.804463792898785,5.804463792898785,0.65,0.65,14,542,max_joint_confidence,0,full_trade_flow,fixed_common_0p65_0p65,validation
20260708_191538,890,validation,-3.718184265129043,0.7680285599891616,0.3461348405473091,0.653865159452691,0.5021871168415338,-1,3.718184265129043,2.718184265129043,0.65,0.65,15,890,max_joint_confidence,0,full_trade_flow,fixed_common_0p65_0p65,validation
20260708_192052,70,validation,-0.3060027266443832,0.6671198198315195,0.3475936547485933,0.6524063452514067,0.43523320350105854,-1,0.3060027266443832,-0.6939972733556168,0.65,0.65,16,70,max_joint_confidence,0,full_trade_flow,fixed_common_0p65_0p65,validation
20260708_192052,333,validation,1.0463610380218036,0.7311414997113257,0.6542624095530025,0.6542624095530025,0.47835839932532787,1,1.0463610380218036,0.04636103802180358,0.65,0.65,17,284,max_joint_confidence,49,full_trade_flow,fixed_common_0p65_0p65,validation
20260708_192052,470,validation,-0.9980304994894329,0.9062271959465431,0.8534905416594931,0.8534905416594931,0.7734563403349787,1,-0.9980304994894329,-1.998030499489433,0.65,0.65,18,470,max_joint_confidence,0,full_trade_flow,fixed_common_0p65_0p65,validation
20260708_192052,572,validation,1.2072949590602455,0.7281221479072557,0.8377591908858681,0.8377591908858681,0.6099910214968629,1,1.2072949590602455,0.20729495906024553,0.65,0.65,19,572,max_joint_confidence,0,full_trade_flow,fixed_common_0p65_0p65,validation
20260708_192607,580,validation,-4.55759836345937,0.6626605523871896,0.2920418545400076,0.7079581454599924,0.4691359357375288,-1,4.55759836345937,3.5575983634593698,0.65,0.65,20,580,max_joint_confidence,0,full_trade_flow,fixed_common_0p65_0p65,validation
20260708_193122,1805,validation,2.581434164152796,0.7394994409780237,0.2869794541102081,0.7130205458897919,0.5272782950913464,-1,-2.581434164152796,-3.581434164152796,0.65,0.65,21,1795,max_joint_confidence,10,full_trade_flow,fixed_common_0p65_0p65,validation
20260708_194153,2221,validation,-3.701609754753754,0.9309242456072556,0.3303273170637968,0.6696726829362032,0.6234145371661718,-1,3.701609754753754,2.701609754753754,0.65,0.65,22,2187,max_joint_confidence,34,full_trade_flow,fixed_common_0p65_0p65,validation
20260708_194153,2258,validation,-1.6363867608204519,0.6710206645737907,0.31871759127344634,0.6812824087265537,0.45715457466612497,-1,1.6363867608204519,0.6363867608204519,0.65,0.65,23,2258,max_joint_confidence,0,full_trade_flow,fixed_common_0p65_0p65,validation
20260708_195223,10,validation,6.9981783676920095,0.6556679149426097,0.658743772244008,0.658743772244008,0.4319171556286581,1,6.9981783676920095,5.9981783676920095,0.65,0.65,24,10,max_joint_confidence,0,full_trade_flow,fixed_common_0p65_0p65,validation
20260708_195223,813,validation,0.008077009439055871,0.9061758597498301,0.2850044798262749,0.714995520173725,0.6479116802107022,-1,-0.008077009439055871,-1.0080770094390559,0.65,0.65,25,798,max_joint_confidence,15,full_trade_flow,fixed_common_0p65_0p65,validation
20260708_195223,852,validation,-3.3760399697291277,0.8599502714373284,0.33358748803394905,0.6664125119660509,0.5730816205544373,-1,3.3760399697291277,2.3760399697291277,0.65,0.65,26,852,max_joint_confidence,0,full_trade_flow,fixed_common_0p65_0p65,validation
20260708_195223,1207,validation,5.921346130108862,0.8728518158471792,0.31496505603399033,0.6850349439660097,0.5979339947595023,-1,-5.921346130108862,-6.921346130108862,0.65,0.65,27,1179,max_joint_confidence,28,full_trade_flow,fixed_common_0p65_0p65,validation
20260708_195223,1263,validation,-1.4676247622158467,0.8035331703023683,0.32856722609708944,0.6714327739029106,0.539518505459119,-1,1.4676247622158467,0.4676247622158467,0.65,0.65,28,1263,max_joint_confidence,0,full_trade_flow,fixed_common_0p65_0p65,validation
20260708_195223,1361,validation,-3.2903093132696792,0.7196823010403298,0.3486239911592683,0.6513760088407317,0.46878378488496397,-1,3.2903093132696792,2.2903093132696792,0.65,0.65,29,1339,max_joint_confidence,22,full_trade_flow,fixed_common_0p65_0p65,validation
20260708_201318,565,validation,-3.4216059007297073,0.6638383145176379,0.29851662220405806,0.7014833777959419,0.4656715431781975,-1,3.4216059007297073,2.4216059007297073,0.65,0.65,30,565,max_joint_confidence,0,full_trade_flow,fixed_common_0p65_0p65,validation
20260708_201318,621,validation,0.0,0.9339956614379518,0.7343193461448025,0.7343193461448025,0.6858510834091991,1,0.0,-1.0,0.65,0.65,31,621,max_joint_confidence,0,full_trade_flow,fixed_common_0p65_0p65,validation
20260708_201318,708,validation,-3.6012156536080475,0.6859440764427714,0.6762827875874438,0.6762827875874438,0.4638921721458121,1,-3.6012156536080475,-4.6012156536080475,0.65,0.65,32,708,max_joint_confidence,0,full_trade_flow,fixed_common_0p65_0p65,validation
20260708_201318,1018,validation,0.03246223627462186,0.7438539529907835,0.3407543980783874,0.6592456019216126,0.49038244698118,-1,-0.03246223627462186,-1.0324622362746219,0.65,0.65,33,1018,max_joint_confidence,0,full_trade_flow,fixed_common_0p65_0p65,validation
20260708_202345,1356,validation,-2.468925245978637,0.7532281109322428,0.33050634096064696,0.669493659039353,0.504281444079327,-1,2.468925245978637,1.468925245978637,0.65,0.65,34,1356,max_joint_confidence,0,full_trade_flow,fixed_common_0p65_0p65,validation
20260708_202345,1978,validation,4.078638092366305,0.6882691945210927,0.6576671300679195,0.6576671300679195,0.4526520258748457,1,4.078638092366305,3.0786380923663046,0.65,0.65,35,1978,max_joint_confidence,0,full_trade_flow,fixed_common_0p65_0p65,validation
20260708_203410,743,validation,0.0,0.7637457345092227,0.9573641965100409,0.9573641965100409,0.731182821456393,1,0.0,-1.0,0.65,0.65,36,743,max_joint_confidence,0,full_trade_flow,fixed_common_0p65_0p65,validation
20260708_203410,1105,validation,-1.701922118423349,0.7021446795899745,0.3275342677306581,0.6724657322693419,0.47216823611949466,-1,1.701922118423349,0.7019221184233491,0.65,0.65,37,1105,max_joint_confidence,0,full_trade_flow,fixed_common_0p65_0p65,validation
20260708_210018,481,validation,0.29150670910693677,0.6722465121366331,0.33984192762507803,0.660158072374922,0.4437889616128843,-1,-0.29150670910693677,-1.2915067091069368,0.65,0.65,38,481,max_joint_confidence,0,full_trade_flow,fixed_common_0p65_0p65,validation
20260708_210018,611,validation,1.1824476179755905,0.6791576234944348,0.3385684170798026,0.6614315829201973,0.44921630196024337,-1,-1.1824476179755905,-2.1824476179755905,0.65,0.65,39,611,max_joint_confidence,0,full_trade_flow,fixed_common_0p65_0p65,validation
20260708_212631,628,validation,-6.8762413754419605,0.6555795158684288,0.30146756712828804,0.698532432871712,0.45794355416043264,-1,6.8762413754419605,5.8762413754419605,0.65,0.65,40,628,max_joint_confidence,0,full_trade_flow,fixed_common_0p65_0p65,validation
20260708_213144,2009,validation,-3.1760655578727537,0.7124867948041851,0.29212459449058364,0.7078754055094163,0.5043518787921168,-1,3.1760655578727537,2.1760655578727537,0.65,0.65,41,2009,max_joint_confidence,0,full_trade_flow,fixed_common_0p65_0p65,validation
20260708_213658,1608,validation,8.604369628839592,0.8417395182851873,0.3306920293298203,0.6693079706701797,0.5633829688163533,-1,-8.604369628839592,-9.604369628839592,0.65,0.65,42,1594,max_joint_confidence,14,full_trade_flow,fixed_common_0p65_0p65,validation
20260708_213658,1677,validation,0.598123347583801,0.7418092594003814,0.34882389574936573,0.6511761042506343,0.4830484636333886,-1,-0.598123347583801,-1.598123347583801,0.65,0.65,43,1651,max_joint_confidence,26,full_trade_flow,fixed_common_0p65_0p65,validation
20260708_213658,1756,validation,1.3744537556958925,0.7451786840737764,0.2916736297271243,0.7083263702728757,0.527829712494696,-1,-1.3744537556958925,-2.3744537556958925,0.65,0.65,44,1706,max_joint_confidence,50,full_trade_flow,fixed_common_0p65_0p65,validation
20260708_213658,2280,validation,-4.77251162292025,0.8710850870709471,0.30481026691497976,0.6951897330850203,0.6055694091751934,-1,4.77251162292025,3.77251162292025,0.65,0.65,45,2259,max_joint_confidence,21,full_trade_flow,fixed_common_0p65_0p65,validation
20260708_214213,1441,validation,0.40297264863431437,0.6689486450957957,0.659994795319775,0.659994795319775,0.44150262409944047,1,0.40297264863431437,-0.5970273513656856,0.65,0.65,46,1440,max_joint_confidence,1,full_trade_flow,fixed_common_0p65_0p65,validation
20260708_215758,873,validation,-1.7877260527254801,0.9051894731996324,0.7269451062114674,0.7269451062114674,0.658023057736609,1,-1.7877260527254801,-2.78772605272548,0.65,0.65,47,873,max_joint_confidence,0,full_trade_flow,fixed_common_0p65_0p65,validation
20260709_190039,195,test,0.5078450152251612,0.6637975285074605,0.6620090585116163,0.6620090585116163,0.4394399768895617,1,0.5078450152251612,-0.49215498477483877,0.65,0.65,0,195,first_eligible,0,full_trade_flow,fixed_common_0p65_0p65,test
20260709_190555,1213,test,3.9102393432077776,0.687682072011605,0.6553252056900416,0.6553252056900416,0.4506553952903591,1,3.9102393432077776,2.9102393432077776,0.65,0.65,1,1213,first_eligible,0,full_trade_flow,fixed_common_0p65_0p65,test
20260709_190555,2522,test,1.336520829438026,0.7040953916092244,0.32358341613977737,0.6764165838602226,0.47626179950403724,-1,-1.336520829438026,-2.336520829438026,0.65,0.65,2,2522,first_eligible,0,full_trade_flow,fixed_common_0p65_0p65,test
20260709_192139,1550,test,-6.170256017792308,0.7236376281317883,0.319340649480998,0.680659350519002,0.4925507179752941,-1,6.170256017792308,5.170256017792308,0.65,0.65,3,1550,first_eligible,0,full_trade_flow,fixed_common_0p65_0p65,test
20260709_194752,2504,test,-0.07957481584441872,0.7673919395885564,0.3466724257606768,0.6533275742393232,0.5013583143822008,-1,0.07957481584441872,-0.9204251841555813,0.65,0.65,4,2504,first_eligible,0,full_trade_flow,fixed_common_0p65_0p65,test
20260709_200334,2576,test,-4.894642425778972,0.7599225797081433,0.3186456472730691,0.6813543527269309,0.5177765574196215,-1,4.894642425778972,3.8946424257789722,0.65,0.65,5,2576,first_eligible,0,full_trade_flow,fixed_common_0p65_0p65,test
20260709_200849,66,test,-0.9818337011258116,0.6517462803245395,0.6622989985150514,0.6622989985150514,0.43165090874485246,1,-0.9818337011258116,-1.9818337011258116,0.65,0.65,6,66,first_eligible,0,full_trade_flow,fixed_common_0p65_0p65,test
20260709_201919,1965,test,4.83023314189257,0.8255944433246833,0.6571214094565545,0.6571214094565545,0.5425157842370154,1,4.83023314189257,3.8302331418925704,0.65,0.65,7,1965,first_eligible,0,full_trade_flow,fixed_common_0p65_0p65,test
20260709_201919,2044,test,-1.3448164839691135,0.9589028682367992,0.3053242465992747,0.6946757534007253,0.6661265724305149,-1,1.3448164839691135,0.34481648396911346,0.65,0.65,8,2044,first_eligible,0,full_trade_flow,fixed_common_0p65_0p65,test
20260709_201919,2182,test,-10.597652224597631,0.7862607017615274,0.3078611734205215,0.6921388265794786,0.5442015595027809,-1,10.597652224597631,9.597652224597631,0.65,0.65,9,2182,first_eligible,0,full_trade_flow,fixed_common_0p65_0p65,test
20260709_202431,2480,test,-10.612189174773468,0.9038316019844322,0.32847993942160925,0.6715200605783908,0.6069410521172499,-1,10.612189174773468,9.612189174773468,0.65,0.65,10,2480,first_eligible,0,full_trade_flow,fixed_common_0p65_0p65,test
20260709_202947,1311,test,3.125185904935268,0.652165362924286,0.3121778891025425,0.6878221108974575,0.4485737565807888,-1,-3.125185904935268,-4.125185904935268,0.65,0.65,11,1311,first_eligible,0,full_trade_flow,fixed_common_0p65_0p65,test
20260709_205559,948,test,-5.665853128673515,0.6946799729066024,0.31215012690500993,0.68784987309499,0.4778355312054376,-1,5.665853128673515,4.665853128673515,0.65,0.65,12,948,first_eligible,0,full_trade_flow,fixed_common_0p65_0p65,test
20260709_211653,197,test,-3.4244148033468758,0.7333857391156222,0.3438160856538932,0.6561839143461068,0.48123592501850165,-1,3.4244148033468758,2.4244148033468758,0.65,0.65,13,197,first_eligible,0,full_trade_flow,fixed_common_0p65_0p65,test
20260709_211653,459,test,-1.0833243720109742,0.7019009309019287,0.3378418238301264,0.6621581761698736,0.4647694402579576,-1,1.0833243720109742,0.0833243720109742,0.65,0.65,14,459,first_eligible,0,full_trade_flow,fixed_common_0p65_0p65,test
20260709_211653,634,test,-5.361011980626884,0.7670193859997666,0.3151022942337698,0.6848977057662302,0.5253298177494627,-1,5.361011980626884,4.361011980626884,0.65,0.65,15,634,first_eligible,0,full_trade_flow,fixed_common_0p65_0p65,test
20260709_212207,2118,test,0.6868279967053859,0.7421933696657877,0.29327645060100604,0.706723549398994,0.5245255325506051,-1,-0.6868279967053859,-1.6868279967053859,0.65,0.65,16,2118,first_eligible,0,full_trade_flow,fixed_common_0p65_0p65,test
20260709_212207,2254,test,0.20768780369495587,0.6838531167799838,0.30851283994439077,0.6914871600556092,0.4728756496173679,-1,-0.20768780369495587,-1.2076878036949559,0.65,0.65,17,2254,first_eligible,0,full_trade_flow,fixed_common_0p65_0p65,test
20260709_212722,1551,test,-2.9354683547744287,0.7371595693975225,0.28660070736208476,0.7133992926379152,0.5258891153694627,-1,2.9354683547744287,1.9354683547744287,0.65,0.65,18,1551,first_eligible,0,full_trade_flow,fixed_common_0p65_0p65,test
20260709_213235,2604,test,2.878259968268626,0.6542705023626493,0.3040413457625612,0.6959586542374387,0.4553452183315624,-1,-2.878259968268626,-3.878259968268626,0.65,0.65,19,2604,first_eligible,0,full_trade_flow,fixed_common_0p65_0p65,test
20260709_190039,210,test,-0.5553964300708536,0.6860128022825738,0.32860501465524256,0.6713949853447574,0.4605855553348246,-1,0.5553964300708536,-0.4446035699291464,0.65,0.65,0,195,max_move_probability,15,full_trade_flow,fixed_common_0p65_0p65,test
20260709_190555,1213,test,3.9102393432077776,0.687682072011605,0.6553252056900416,0.6553252056900416,0.4506553952903591,1,3.9102393432077776,2.9102393432077776,0.65,0.65,1,1213,max_move_probability,0,full_trade_flow,fixed_common_0p65_0p65,test
20260709_190555,2522,test,1.336520829438026,0.7040953916092244,0.32358341613977737,0.6764165838602226,0.47626179950403724,-1,-1.336520829438026,-2.336520829438026,0.65,0.65,2,2522,max_move_probability,0,full_trade_flow,fixed_common_0p65_0p65,test
20260709_192139,1550,test,-6.170256017792308,0.7236376281317883,0.319340649480998,0.680659350519002,0.4925507179752941,-1,6.170256017792308,5.170256017792308,0.65,0.65,3,1550,max_move_probability,0,full_trade_flow,fixed_common_0p65_0p65,test
20260709_194752,2504,test,-0.07957481584441872,0.7673919395885564,0.3466724257606768,0.6533275742393232,0.5013583143822008,-1,0.07957481584441872,-0.9204251841555813,0.65,0.65,4,2504,max_move_probability,0,full_trade_flow,fixed_common_0p65_0p65,test
20260709_200334,2576,test,-4.894642425778972,0.7599225797081433,0.3186456472730691,0.6813543527269309,0.5177765574196215,-1,4.894642425778972,3.8946424257789722,0.65,0.65,5,2576,max_move_probability,0,full_trade_flow,fixed_common_0p65_0p65,test
20260709_200849,66,test,-0.9818337011258116,0.6517462803245395,0.6622989985150514,0.6622989985150514,0.43165090874485246,1,-0.9818337011258116,-1.9818337011258116,0.65,0.65,6,66,max_move_probability,0,full_trade_flow,fixed_common_0p65_0p65,test
20260709_201919,1969,test,9.026592817524826,0.8310599511630511,0.2924616462216026,0.7075383537783975,0.5880067897370606,-1,-9.026592817524826,-10.026592817524826,0.65,0.65,7,1965,max_move_probability,4,full_trade_flow,fixed_common_0p65_0p65,test
20260709_201919,2044,test,-1.3448164839691135,0.9589028682367992,0.3053242465992747,0.6946757534007253,0.6661265724305149,-1,1.3448164839691135,0.34481648396911346,0.65,0.65,8,2044,max_move_probability,0,full_trade_flow,fixed_common_0p65_0p65,test
20260709_201919,2224,test,-4.259237121547743,0.8442643756142115,0.31501240333426617,0.6849875966657338,0.5783106256024751,-1,4.259237121547743,3.259237121547743,0.65,0.65,9,2182,max_move_probability,42,full_trade_flow,fixed_common_0p65_0p65,test
20260709_202431,2480,test,-10.612189174773468,0.9038316019844322,0.32847993942160925,0.6715200605783908,0.6069410521172499,-1,10.612189174773468,9.612189174773468,0.65,0.65,10,2480,max_move_probability,0,full_trade_flow,fixed_common_0p65_0p65,test
20260709_202947,1311,test,3.125185904935268,0.652165362924286,0.3121778891025425,0.6878221108974575,0.4485737565807888,-1,-3.125185904935268,-4.125185904935268,0.65,0.65,11,1311,max_move_probability,0,full_trade_flow,fixed_common_0p65_0p65,test
20260709_205559,962,test,-1.8070860061503158,0.7671810315124771,0.3007537388589722,0.6992462611410277,0.5364484679034166,-1,1.8070860061503158,0.8070860061503158,0.65,0.65,12,948,max_move_probability,14,full_trade_flow,fixed_common_0p65_0p65,test
20260709_211653,197,test,-3.4244148033468758,0.7333857391156222,0.3438160856538932,0.6561839143461068,0.48123592501850165,-1,3.4244148033468758,2.4244148033468758,0.65,0.65,13,197,max_move_probability,0,full_trade_flow,fixed_common_0p65_0p65,test
20260709_211653,459,test,-1.0833243720109742,0.7019009309019287,0.3378418238301264,0.6621581761698736,0.4647694402579576,-1,1.0833243720109742,0.0833243720109742,0.65,0.65,14,459,max_move_probability,0,full_trade_flow,fixed_common_0p65_0p65,test
20260709_211653,634,test,-5.361011980626884,0.7670193859997666,0.3151022942337698,0.6848977057662302,0.5253298177494627,-1,5.361011980626884,4.361011980626884,0.65,0.65,15,634,max_move_probability,0,full_trade_flow,fixed_common_0p65_0p65,test
20260709_212207,2118,test,0.6868279967053859,0.7421933696657877,0.29327645060100604,0.706723549398994,0.5245255325506051,-1,-0.6868279967053859,-1.6868279967053859,0.65,0.65,16,2118,max_move_probability,0,full_trade_flow,fixed_common_0p65_0p65,test
20260709_212207,2254,test,0.20768780369495587,0.6838531167799838,0.30851283994439077,0.6914871600556092,0.4728756496173679,-1,-0.20768780369495587,-1.2076878036949559,0.65,0.65,17,2254,max_move_probability,0,full_trade_flow,fixed_common_0p65_0p65,test
20260709_212722,1551,test,-2.9354683547744287,0.7371595693975225,0.28660070736208476,0.7133992926379152,0.5258891153694627,-1,2.9354683547744287,1.9354683547744287,0.65,0.65,18,1551,max_move_probability,0,full_trade_flow,fixed_common_0p65_0p65,test
20260709_213235,2604,test,2.878259968268626,0.6542705023626493,0.3040413457625612,0.6959586542374387,0.4553452183315624,-1,-2.878259968268626,-3.878259968268626,0.65,0.65,19,2604,max_move_probability,0,full_trade_flow,fixed_common_0p65_0p65,test
20260709_190039,210,test,-0.5553964300708536,0.6860128022825738,0.32860501465524256,0.6713949853447574,0.4605855553348246,-1,0.5553964300708536,-0.4446035699291464,0.65,0.65,0,195,max_joint_confidence,15,full_trade_flow,fixed_common_0p65_0p65,test
20260709_190555,1213,test,3.9102393432077776,0.687682072011605,0.6553252056900416,0.6553252056900416,0.4506553952903591,1,3.9102393432077776,2.9102393432077776,0.65,0.65,1,1213,max_joint_confidence,0,full_trade_flow,fixed_common_0p65_0p65,test
20260709_190555,2522,test,1.336520829438026,0.7040953916092244,0.32358341613977737,0.6764165838602226,0.47626179950403724,-1,-1.336520829438026,-2.336520829438026,0.65,0.65,2,2522,max_joint_confidence,0,full_trade_flow,fixed_common_0p65_0p65,test
20260709_192139,1550,test,-6.170256017792308,0.7236376281317883,0.319340649480998,0.680659350519002,0.4925507179752941,-1,6.170256017792308,5.170256017792308,0.65,0.65,3,1550,max_joint_confidence,0,full_trade_flow,fixed_common_0p65_0p65,test
20260709_194752,2504,test,-0.07957481584441872,0.7673919395885564,0.3466724257606768,0.6533275742393232,0.5013583143822008,-1,0.07957481584441872,-0.9204251841555813,0.65,0.65,4,2504,max_joint_confidence,0,full_trade_flow,fixed_common_0p65_0p65,test
20260709_200334,2576,test,-4.894642425778972,0.7599225797081433,0.3186456472730691,0.6813543527269309,0.5177765574196215,-1,4.894642425778972,3.8946424257789722,0.65,0.65,5,2576,max_joint_confidence,0,full_trade_flow,fixed_common_0p65_0p65,test
20260709_200849,66,test,-0.9818337011258116,0.6517462803245395,0.6622989985150514,0.6622989985150514,0.43165090874485246,1,-0.9818337011258116,-1.9818337011258116,0.65,0.65,6,66,max_joint_confidence,0,full_trade_flow,fixed_common_0p65_0p65,test
20260709_201919,1969,test,9.026592817524826,0.8310599511630511,0.2924616462216026,0.7075383537783975,0.5880067897370606,-1,-9.026592817524826,-10.026592817524826,0.65,0.65,7,1965,max_joint_confidence,4,full_trade_flow,fixed_common_0p65_0p65,test
20260709_201919,2044,test,-1.3448164839691135,0.9589028682367992,0.3053242465992747,0.6946757534007253,0.6661265724305149,-1,1.3448164839691135,0.34481648396911346,0.65,0.65,8,2044,max_joint_confidence,0,full_trade_flow,fixed_common_0p65_0p65,test
20260709_201919,2224,test,-4.259237121547743,0.8442643756142115,0.31501240333426617,0.6849875966657338,0.5783106256024751,-1,4.259237121547743,3.259237121547743,0.65,0.65,9,2182,max_joint_confidence,42,full_trade_flow,fixed_common_0p65_0p65,test
20260709_202431,2494,test,-0.6117850457487695,0.8777970493312703,0.2930173176621036,0.7069826823378964,0.6205873124845123,-1,0.6117850457487695,-0.38821495425123054,0.65,0.65,10,2480,max_joint_confidence,14,full_trade_flow,fixed_common_0p65_0p65,test
20260709_202947,1311,test,3.125185904935268,0.652165362924286,0.3121778891025425,0.6878221108974575,0.4485737565807888,-1,-3.125185904935268,-4.125185904935268,0.65,0.65,11,1311,max_joint_confidence,0,full_trade_flow,fixed_common_0p65_0p65,test
20260709_205559,962,test,-1.8070860061503158,0.7671810315124771,0.3007537388589722,0.6992462611410277,0.5364484679034166,-1,1.8070860061503158,0.8070860061503158,0.65,0.65,12,948,max_joint_confidence,14,full_trade_flow,fixed_common_0p65_0p65,test
20260709_211653,197,test,-3.4244148033468758,0.7333857391156222,0.3438160856538932,0.6561839143461068,0.48123592501850165,-1,3.4244148033468758,2.4244148033468758,0.65,0.65,13,197,max_joint_confidence,0,full_trade_flow,fixed_common_0p65_0p65,test
20260709_211653,459,test,-1.0833243720109742,0.7019009309019287,0.3378418238301264,0.6621581761698736,0.4647694402579576,-1,1.0833243720109742,0.0833243720109742,0.65,0.65,14,459,max_joint_confidence,0,full_trade_flow,fixed_common_0p65_0p65,test
20260709_211653,634,test,-5.361011980626884,0.7670193859997666,0.3151022942337698,0.6848977057662302,0.5253298177494627,-1,5.361011980626884,4.361011980626884,0.65,0.65,15,634,max_joint_confidence,0,full_trade_flow,fixed_common_0p65_0p65,test
20260709_212207,2118,test,0.6868279967053859,0.7421933696657877,0.29327645060100604,0.706723549398994,0.5245255325506051,-1,-0.6868279967053859,-1.6868279967053859,0.65,0.65,16,2118,max_joint_confidence,0,full_trade_flow,fixed_common_0p65_0p65,test
20260709_212207,2254,test,0.20768780369495587,0.6838531167799838,0.30851283994439077,0.6914871600556092,0.4728756496173679,-1,-0.20768780369495587,-1.2076878036949559,0.65,0.65,17,2254,max_joint_confidence,0,full_trade_flow,fixed_common_0p65_0p65,test
20260709_212722,1551,test,-2.9354683547744287,0.7371595693975225,0.28660070736208476,0.7133992926379152,0.5258891153694627,-1,2.9354683547744287,1.9354683547744287,0.65,0.65,18,1551,max_joint_confidence,0,full_trade_flow,fixed_common_0p65_0p65,test
20260709_213235,2604,test,2.878259968268626,0.6542705023626493,0.3040413457625612,0.6959586542374387,0.4553452183315624,-1,-2.878259968268626,-3.878259968268626,0.65,0.65,19,2604,max_joint_confidence,0,full_trade_flow,fixed_common_0p65_0p65,test
20260708_185955,304,validation,0.8235217179630716,0.7066737179641679,0.291361009249674,0.708638990750326,0.5007765502879085,-1,-0.8235217179630716,-1.8235217179630716,0.65,0.65,0,304,first_eligible,0,medium_trade_flow,fixed_common_0p65_0p65,validation
20260708_185955,624,validation,-2.733438908044672,0.6567375962949135,0.32954646687234035,0.6704535331276597,0.4403120417736913,-1,2.733438908044672,1.733438908044672,0.65,0.65,1,624,first_eligible,0,medium_trade_flow,fixed_common_0p65_0p65,validation
20260708_185955,1086,validation,3.341018752476277,0.7003679723980161,0.3183973670981201,0.6816026329018798,0.47737265398663886,-1,-3.341018752476277,-4.341018752476277,0.65,0.65,2,1086,first_eligible,0,medium_trade_flow,fixed_common_0p65_0p65,validation
20260708_185955,1240,validation,-3.9544735183438817,0.6831628221202709,0.6592768524187278,0.6592768524187278,0.45039343505694746,1,-3.9544735183438817,-4.954473518343882,0.65,0.65,3,1240,first_eligible,0,medium_trade_flow,fixed_common_0p65_0p65,validation
20260708_185955,1967,validation,2.0989289811224054,0.755434477646148,0.6525958922316634,0.6525958922316634,0.4929934369620485,1,2.0989289811224054,1.0989289811224054,0.65,0.65,4,1967,first_eligible,0,medium_trade_flow,fixed_common_0p65_0p65,validation
20260708_190508,912,validation,0.6941389650072516,0.6632883799195124,0.31089069319777224,0.6891093068022278,0.4570781956963079,-1,-0.6941389650072516,-1.6941389650072516,0.65,0.65,5,912,first_eligible,0,medium_trade_flow,fixed_common_0p65_0p65,validation
20260708_190508,1731,validation,0.9687865060947765,0.6633672109186038,0.3455071144581363,0.6544928855418637,0.43416912004797514,-1,-0.9687865060947765,-1.9687865060947765,0.65,0.65,6,1731,first_eligible,0,medium_trade_flow,fixed_common_0p65_0p65,validation
20260708_190508,2639,validation,9.341127824218365,0.7759819640729758,0.29404300983031967,0.7059569901696803,0.547809891782915,-1,-9.341127824218365,-10.341127824218365,0.65,0.65,7,2639,first_eligible,0,medium_trade_flow,fixed_common_0p65_0p65,validation
20260708_190508,2692,validation,-5.012099142865933,0.7576718972172815,0.332965064171528,0.667034935828472,0.5053936253393659,-1,5.012099142865933,4.012099142865933,0.65,0.65,8,2692,first_eligible,0,medium_trade_flow,fixed_common_0p65_0p65,validation
20260708_191023,20,validation,-4.2077601737910975,0.6547303722925228,0.3210352808968079,0.6789647191031921,0.4445388233119212,-1,4.2077601737910975,3.2077601737910975,0.65,0.65,9,20,first_eligible,0,medium_trade_flow,fixed_common_0p65_0p65,validation
20260708_191023,1742,validation,1.4170703841154264,0.8887996379088849,0.934843815269349,0.934843815269349,0.8308888445127579,1,1.4170703841154264,0.4170703841154264,0.65,0.65,10,1742,first_eligible,0,medium_trade_flow,fixed_common_0p65_0p65,validation
20260708_191023,2478,validation,-2.2879294802125028,0.7436927364457382,0.34256897787838525,0.6574310221216147,0.4889266758659423,-1,2.2879294802125028,1.2879294802125028,0.65,0.65,11,2478,first_eligible,0,medium_trade_flow,fixed_common_0p65_0p65,validation
20260708_191023,2838,validation,-0.44373876534109513,0.6845705494564667,0.2912101633389659,0.7087898366610341,0.48521664793220337,-1,0.44373876534109513,-0.5562612346589049,0.65,0.65,12,2838,first_eligible,0,medium_trade_flow,fixed_common_0p65_0p65,validation
20260708_191538,292,validation,0.145331116763181,0.6543283185610345,0.29543656654158695,0.704563433458413,0.46101580673443265,-1,-0.145331116763181,-1.145331116763181,0.65,0.65,13,292,first_eligible,0,medium_trade_flow,fixed_common_0p65_0p65,validation
20260708_191538,542,validation,-6.804463792898785,0.6563693189663428,0.3362252840785185,0.6637747159214815,0.4356813582364605,-1,6.804463792898785,5.804463792898785,0.65,0.65,14,542,first_eligible,0,medium_trade_flow,fixed_common_0p65_0p65,validation
20260708_191538,890,validation,-3.718184265129043,0.7653099205483489,0.3461348405473091,0.653865159452691,0.5004094932300724,-1,3.718184265129043,2.718184265129043,0.65,0.65,15,890,first_eligible,0,medium_trade_flow,fixed_common_0p65_0p65,validation
20260708_192052,70,validation,-0.3060027266443832,0.6660431202122044,0.3475936547485933,0.6524063452514067,0.43453075783748757,-1,0.3060027266443832,-0.6939972733556168,0.65,0.65,16,70,first_eligible,0,medium_trade_flow,fixed_common_0p65_0p65,validation
20260708_192052,284,validation,-3.3311474354580373,0.7052246375018156,0.33721897668581613,0.6627810233141839,0.46740950690982774,-1,3.3311474354580373,2.3311474354580373,0.65,0.65,17,284,first_eligible,0,medium_trade_flow,fixed_common_0p65_0p65,validation
20260708_192052,470,validation,-0.9980304994894329,0.8884787336869814,0.8534905416594931,0.8534905416594931,0.7583081956674422,1,-0.9980304994894329,-1.998030499489433,0.65,0.65,18,470,first_eligible,0,medium_trade_flow,fixed_common_0p65_0p65,validation
20260708_192052,572,validation,1.2072949590602455,0.66984035254422,0.8377591908858681,0.8377591908858681,0.5611649117701505,1,1.2072949590602455,0.20729495906024553,0.65,0.65,19,572,first_eligible,0,medium_trade_flow,fixed_common_0p65_0p65,validation
20260708_192607,580,validation,-4.55759836345937,0.6630695173236446,0.2920418545400076,0.7079581454599924,0.4694254657954997,-1,4.55759836345937,3.5575983634593698,0.65,0.65,20,580,first_eligible,0,medium_trade_flow,fixed_common_0p65_0p65,validation
20260708_193122,1795,validation,2.774970092436213,0.7443838444131645,0.3149456201028519,0.6850543798971481,0.5099434129399156,-1,-2.774970092436213,-3.774970092436213,0.65,0.65,21,1795,first_eligible,0,medium_trade_flow,fixed_common_0p65_0p65,validation
20260708_194153,2187,validation,-10.981949785702216,0.7710866580357301,0.31461263826530955,0.6853873617346904,0.5284930502199284,-1,10.981949785702216,9.981949785702216,0.65,0.65,22,2187,first_eligible,0,medium_trade_flow,fixed_common_0p65_0p65,validation
20260708_195223,10,validation,6.9981783676920095,0.6502170211577778,0.658743772244008,0.658743772244008,0.42832641329473653,1,6.9981783676920095,5.9981783676920095,0.65,0.65,23,10,first_eligible,0,medium_trade_flow,fixed_common_0p65_0p65,validation
20260708_195223,798,validation,8.406003503040882,0.7302076953706205,0.288804744036051,0.711195255963949,0.5193202488159537,-1,-8.406003503040882,-9.406003503040882,0.65,0.65,24,798,first_eligible,0,medium_trade_flow,fixed_common_0p65_0p65,validation
20260708_195223,852,validation,-3.3760399697291277,0.8500964519929292,0.33358748803394905,0.6664125119660509,0.5665149119860353,-1,3.3760399697291277,2.3760399697291277,0.65,0.65,25,852,first_eligible,0,medium_trade_flow,fixed_common_0p65_0p65,validation
20260708_195223,1179,validation,0.8550393681105994,0.834586486180543,0.3443651046742083,0.6556348953257918,0.5471840235073007,-1,-0.8550393681105994,-1.8550393681105994,0.65,0.65,26,1179,first_eligible,0,medium_trade_flow,fixed_common_0p65_0p65,validation
20260708_195223,1263,validation,-1.4676247622158467,0.7985620182493525,0.32856722609708944,0.6714327739029106,0.5361807110466694,-1,1.4676247622158467,0.4676247622158467,0.65,0.65,27,1263,first_eligible,0,medium_trade_flow,fixed_common_0p65_0p65,validation
20260708_195223,1339,validation,-1.741787993758681,0.6773764484027565,0.33804092450953027,0.6619590754904697,0.44839548754370656,-1,1.741787993758681,0.7417879937586811,0.65,0.65,28,1339,first_eligible,0,medium_trade_flow,fixed_common_0p65_0p65,validation
20260708_201318,565,validation,-3.4216059007297073,0.6601803059789625,0.29851662220405806,0.7014833777959419,0.4631055109924811,-1,3.4216059007297073,2.4216059007297073,0.65,0.65,29,565,first_eligible,0,medium_trade_flow,fixed_common_0p65_0p65,validation
20260708_201318,621,validation,0.0,0.9207271842635687,0.7343193461448025,0.7343193461448025,0.6761077839261689,1,0.0,-1.0,0.65,0.65,30,621,first_eligible,0,medium_trade_flow,fixed_common_0p65_0p65,validation
20260708_201318,708,validation,-3.6012156536080475,0.6704665129997203,0.6762827875874438,0.6762827875874438,0.4534249623954839,1,-3.6012156536080475,-4.6012156536080475,0.65,0.65,31,708,first_eligible,0,medium_trade_flow,fixed_common_0p65_0p65,validation
20260708_201318,1018,validation,0.03246223627462186,0.7399418444272912,0.3407543980783874,0.6592456019216126,0.4878034066164578,-1,-0.03246223627462186,-1.0324622362746219,0.65,0.65,32,1018,first_eligible,0,medium_trade_flow,fixed_common_0p65_0p65,validation
20260708_202345,1356,validation,-2.468925245978637,0.750312290575185,0.33050634096064696,0.669493659039353,0.5023293208393789,-1,2.468925245978637,1.468925245978637,0.65,0.65,33,1356,first_eligible,0,medium_trade_flow,fixed_common_0p65_0p65,validation
20260708_202345,1978,validation,4.078638092366305,0.6753126533777684,0.6576671300679195,0.6576671300679195,0.4441309346455086,1,4.078638092366305,3.0786380923663046,0.65,0.65,34,1978,first_eligible,0,medium_trade_flow,fixed_common_0p65_0p65,validation
20260708_203410,743,validation,0.0,0.7395470968774426,0.9573641965100409,0.9573641965100409,0.7080159121834062,1,0.0,-1.0,0.65,0.65,35,743,first_eligible,0,medium_trade_flow,fixed_common_0p65_0p65,validation
20260708_203410,1105,validation,-1.701922118423349,0.7009481852749835,0.3275342677306581,0.6724657322693419,0.4713636346938081,-1,1.701922118423349,0.7019221184233491,0.65,0.65,36,1105,first_eligible,0,medium_trade_flow,fixed_common_0p65_0p65,validation
20260708_210018,481,validation,0.29150670910693677,0.66675351650075,0.33984192762507803,0.660158072374922,0.4401627162023358,-1,-0.29150670910693677,-1.2915067091069368,0.65,0.65,37,481,first_eligible,0,medium_trade_flow,fixed_common_0p65_0p65,validation
20260708_210018,611,validation,1.1824476179755905,0.6754604738952792,0.3385684170798026,0.6614315829201973,0.44677089044858115,-1,-1.1824476179755905,-2.1824476179755905,0.65,0.65,38,611,first_eligible,0,medium_trade_flow,fixed_common_0p65_0p65,validation
20260708_213144,2009,validation,-3.1760655578727537,0.6726462474868812,0.29212459449058364,0.7078754055094163,0.4761497352041632,-1,3.1760655578727537,2.1760655578727537,0.65,0.65,39,2009,first_eligible,0,medium_trade_flow,fixed_common_0p65_0p65,validation
20260708_213658,1594,validation,0.16166907149450793,0.6965340935515081,0.29229765358762605,0.707702346412374,0.4929388123626183,-1,-0.16166907149450793,-1.161669071494508,0.65,0.65,40,1594,first_eligible,0,medium_trade_flow,fixed_common_0p65_0p65,validation
20260708_213658,1651,validation,-1.0989676976225216,0.6909539660385767,0.32314552637535504,0.6768544736246449,0.46767528298190164,-1,1.0989676976225216,0.09896769762252156,0.65,0.65,41,1651,first_eligible,0,medium_trade_flow,fixed_common_0p65_0p65,validation
20260708_213658,1706,validation,-4.315538605886848,0.6501689429477955,0.3476264442541485,0.6523735557458514,0.42415302514637493,-1,4.315538605886848,3.3155386058868483,0.65,0.65,42,1706,first_eligible,0,medium_trade_flow,fixed_common_0p65_0p65,validation
20260708_213658,2259,validation,-7.28653240854471,0.7365020775668907,0.3385391498487076,0.6614608501512924,0.4871672903655886,-1,7.28653240854471,6.28653240854471,0.65,0.65,43,2259,first_eligible,0,medium_trade_flow,fixed_common_0p65_0p65,validation
20260708_214213,1440,validation,-0.17730796539883187,0.6610652258851961,0.6529051478972202,0.6529051478972202,0.43161288907628326,1,-0.17730796539883187,-1.1773079653988319,0.65,0.65,44,1440,first_eligible,0,medium_trade_flow,fixed_common_0p65_0p65,validation
20260708_215758,873,validation,-1.7877260527254801,0.8936249077267485,0.7269451062114674,0.7269451062114674,0.6496162534606339,1,-1.7877260527254801,-2.78772605272548,0.65,0.65,45,873,first_eligible,0,medium_trade_flow,fixed_common_0p65_0p65,validation
20260708_185955,318,validation,3.3747970479414136,0.7468245454535508,0.3429123028669733,0.6570876971330267,0.49072922073449315,-1,-3.3747970479414136,-4.3747970479414136,0.65,0.65,0,304,max_move_probability,14,medium_trade_flow,fixed_common_0p65_0p65,validation
20260708_185955,650,validation,0.37101531567218515,0.7055083713179119,0.6586571229271705,0.6586571229271705,0.46468811405328975,1,0.37101531567218515,-0.6289846843278148,0.65,0.65,1,624,max_move_probability,26,medium_trade_flow,fixed_common_0p65_0p65,validation
20260708_185955,1119,validation,0.5323907328502742,0.7252841543055888,0.32763839632313113,0.6723616036768689,0.48765321711032733,-1,-0.5323907328502742,-1.5323907328502742,0.65,0.65,2,1086,max_move_probability,33,medium_trade_flow,fixed_common_0p65_0p65,validation
20260708_185955,1240,validation,-3.9544735183438817,0.6831628221202709,0.6592768524187278,0.6592768524187278,0.45039343505694746,1,-3.9544735183438817,-4.954473518343882,0.65,0.65,3,1240,max_move_probability,0,medium_trade_flow,fixed_common_0p65_0p65,validation
20260708_185955,1967,validation,2.0989289811224054,0.755434477646148,0.6525958922316634,0.6525958922316634,0.4929934369620485,1,2.0989289811224054,1.0989289811224054,0.65,0.65,4,1967,max_move_probability,0,medium_trade_flow,fixed_common_0p65_0p65,validation
20260708_190508,912,validation,0.6941389650072516,0.6632883799195124,0.31089069319777224,0.6891093068022278,0.4570781956963079,-1,-0.6941389650072516,-1.6941389650072516,0.65,0.65,5,912,max_move_probability,0,medium_trade_flow,fixed_common_0p65_0p65,validation
20260708_190508,1731,validation,0.9687865060947765,0.6633672109186038,0.3455071144581363,0.6544928855418637,0.43416912004797514,-1,-0.9687865060947765,-1.9687865060947765,0.65,0.65,6,1731,max_move_probability,0,medium_trade_flow,fixed_common_0p65_0p65,validation
20260708_190508,2639,validation,9.341127824218365,0.7759819640729758,0.29404300983031967,0.7059569901696803,0.547809891782915,-1,-9.341127824218365,-10.341127824218365,0.65,0.65,7,2639,max_move_probability,0,medium_trade_flow,fixed_common_0p65_0p65,validation
20260708_190508,2708,validation,-2.5952233383119694,0.8010175083983915,0.31885200464658653,0.6811479953534134,0.5456114700885504,-1,2.5952233383119694,1.5952233383119694,0.65,0.65,8,2692,max_move_probability,16,medium_trade_flow,fixed_common_0p65_0p65,validation
20260708_191023,45,validation,-3.612201177028984,0.7217559935677887,0.2934876894848154,0.7065123105151846,0.5099294946437611,-1,3.612201177028984,2.612201177028984,0.65,0.65,9,20,max_move_probability,25,medium_trade_flow,fixed_common_0p65_0p65,validation
20260708_191023,1769,validation,1.755234907596659,0.998875819952408,0.8802784452536901,0.8802784452536901,0.8792888537892106,1,1.755234907596659,0.7552349075966589,0.65,0.65,10,1742,max_move_probability,27,medium_trade_flow,fixed_common_0p65_0p65,validation
20260708_191023,2478,validation,-2.2879294802125028,0.7436927364457382,0.34256897787838525,0.6574310221216147,0.4889266758659423,-1,2.2879294802125028,1.2879294802125028,0.65,0.65,11,2478,max_move_probability,0,medium_trade_flow,fixed_common_0p65_0p65,validation
20260708_191023,2838,validation,-0.44373876534109513,0.6845705494564667,0.2912101633389659,0.7087898366610341,0.48521664793220337,-1,0.44373876534109513,-0.5562612346589049,0.65,0.65,12,2838,max_move_probability,0,medium_trade_flow,fixed_common_0p65_0p65,validation
20260708_191538,315,validation,3.7957928078613534,0.668062799241186,0.2996587663695413,0.7003412336304586,0.4678719249631896,-1,-3.7957928078613534,-4.795792807861353,0.65,0.65,13,292,max_move_probability,23,medium_trade_flow,fixed_common_0p65_0p65,validation
20260708_191538,542,validation,-6.804463792898785,0.6563693189663428,0.3362252840785185,0.6637747159214815,0.4356813582364605,-1,6.804463792898785,5.804463792898785,0.65,0.65,14,542,max_move_probability,0,medium_trade_flow,fixed_common_0p65_0p65,validation
20260708_191538,890,validation,-3.718184265129043,0.7653099205483489,0.3461348405473091,0.653865159452691,0.5004094932300724,-1,3.718184265129043,2.718184265129043,0.65,0.65,15,890,max_move_probability,0,medium_trade_flow,fixed_common_0p65_0p65,validation
20260708_192052,70,validation,-0.3060027266443832,0.6660431202122044,0.3475936547485933,0.6524063452514067,0.43453075783748757,-1,0.3060027266443832,-0.6939972733556168,0.65,0.65,16,70,max_move_probability,0,medium_trade_flow,fixed_common_0p65_0p65,validation
20260708_192052,333,validation,1.0463610380218036,0.7292649031455751,0.6542624095530025,0.6542624095530025,0.477130612734461,1,1.0463610380218036,0.04636103802180358,0.65,0.65,17,284,max_move_probability,49,medium_trade_flow,fixed_common_0p65_0p65,validation
20260708_192052,470,validation,-0.9980304994894329,0.8884787336869814,0.8534905416594931,0.8534905416594931,0.7583081956674422,1,-0.9980304994894329,-1.998030499489433,0.65,0.65,18,470,max_move_probability,0,medium_trade_flow,fixed_common_0p65_0p65,validation
20260708_192052,572,validation,1.2072949590602455,0.66984035254422,0.8377591908858681,0.8377591908858681,0.5611649117701505,1,1.2072949590602455,0.20729495906024553,0.65,0.65,19,572,max_move_probability,0,medium_trade_flow,fixed_common_0p65_0p65,validation
20260708_192607,580,validation,-4.55759836345937,0.6630695173236446,0.2920418545400076,0.7079581454599924,0.4694254657954997,-1,4.55759836345937,3.5575983634593698,0.65,0.65,20,580,max_move_probability,0,medium_trade_flow,fixed_common_0p65_0p65,validation
20260708_193122,1795,validation,2.774970092436213,0.7443838444131645,0.3149456201028519,0.6850543798971481,0.5099434129399156,-1,-2.774970092436213,-3.774970092436213,0.65,0.65,21,1795,max_move_probability,0,medium_trade_flow,fixed_common_0p65_0p65,validation
20260708_194153,2221,validation,-3.701609754753754,0.9186605824117686,0.3303273170637968,0.6696726829362032,0.6152018969314241,-1,3.701609754753754,2.701609754753754,0.65,0.65,22,2187,max_move_probability,34,medium_trade_flow,fixed_common_0p65_0p65,validation
20260708_195223,10,validation,6.9981783676920095,0.6502170211577778,0.658743772244008,0.658743772244008,0.42832641329473653,1,6.9981783676920095,5.9981783676920095,0.65,0.65,23,10,max_move_probability,0,medium_trade_flow,fixed_common_0p65_0p65,validation
20260708_195223,813,validation,0.008077009439055871,0.8951154199522756,0.2850044798262749,0.714995520173725,0.6400035153042997,-1,-0.008077009439055871,-1.0080770094390559,0.65,0.65,24,798,max_move_probability,15,medium_trade_flow,fixed_common_0p65_0p65,validation
20260708_195223,852,validation,-3.3760399697291277,0.8500964519929292,0.33358748803394905,0.6664125119660509,0.5665149119860353,-1,3.3760399697291277,2.3760399697291277,0.65,0.65,25,852,max_move_probability,0,medium_trade_flow,fixed_common_0p65_0p65,validation
20260708_195223,1209,validation,7.099677045372399,0.8707659496681653,0.3350586933285435,0.6649413066714565,0.5790082483773615,-1,-7.099677045372399,-8.099677045372399,0.65,0.65,26,1179,max_move_probability,30,medium_trade_flow,fixed_common_0p65_0p65,validation
20260708_195223,1263,validation,-1.4676247622158467,0.7985620182493525,0.32856722609708944,0.6714327739029106,0.5361807110466694,-1,1.4676247622158467,0.4676247622158467,0.65,0.65,27,1263,max_move_probability,0,medium_trade_flow,fixed_common_0p65_0p65,validation
20260708_195223,1361,validation,-3.2903093132696792,0.7176010884522397,0.3486239911592683,0.6513760088407317,0.4674281329357847,-1,3.2903093132696792,2.2903093132696792,0.65,0.65,28,1339,max_move_probability,22,medium_trade_flow,fixed_common_0p65_0p65,validation
20260708_201318,565,validation,-3.4216059007297073,0.6601803059789625,0.29851662220405806,0.7014833777959419,0.4631055109924811,-1,3.4216059007297073,2.4216059007297073,0.65,0.65,29,565,max_move_probability,0,medium_trade_flow,fixed_common_0p65_0p65,validation
20260708_201318,621,validation,0.0,0.9207271842635687,0.7343193461448025,0.7343193461448025,0.6761077839261689,1,0.0,-1.0,0.65,0.65,30,621,max_move_probability,0,medium_trade_flow,fixed_common_0p65_0p65,validation
20260708_201318,708,validation,-3.6012156536080475,0.6704665129997203,0.6762827875874438,0.6762827875874438,0.4534249623954839,1,-3.6012156536080475,-4.6012156536080475,0.65,0.65,31,708,max_move_probability,0,medium_trade_flow,fixed_common_0p65_0p65,validation
20260708_201318,1018,validation,0.03246223627462186,0.7399418444272912,0.3407543980783874,0.6592456019216126,0.4878034066164578,-1,-0.03246223627462186,-1.0324622362746219,0.65,0.65,32,1018,max_move_probability,0,medium_trade_flow,fixed_common_0p65_0p65,validation
20260708_202345,1356,validation,-2.468925245978637,0.750312290575185,0.33050634096064696,0.669493659039353,0.5023293208393789,-1,2.468925245978637,1.468925245978637,0.65,0.65,33,1356,max_move_probability,0,medium_trade_flow,fixed_common_0p65_0p65,validation
20260708_202345,1978,validation,4.078638092366305,0.6753126533777684,0.6576671300679195,0.6576671300679195,0.4441309346455086,1,4.078638092366305,3.0786380923663046,0.65,0.65,34,1978,max_move_probability,0,medium_trade_flow,fixed_common_0p65_0p65,validation
20260708_203410,743,validation,0.0,0.7395470968774426,0.9573641965100409,0.9573641965100409,0.7080159121834062,1,0.0,-1.0,0.65,0.65,35,743,max_move_probability,0,medium_trade_flow,fixed_common_0p65_0p65,validation
20260708_203410,1105,validation,-1.701922118423349,0.7009481852749835,0.3275342677306581,0.6724657322693419,0.4713636346938081,-1,1.701922118423349,0.7019221184233491,0.65,0.65,36,1105,max_move_probability,0,medium_trade_flow,fixed_common_0p65_0p65,validation
20260708_210018,481,validation,0.29150670910693677,0.66675351650075,0.33984192762507803,0.660158072374922,0.4401627162023358,-1,-0.29150670910693677,-1.2915067091069368,0.65,0.65,37,481,max_move_probability,0,medium_trade_flow,fixed_common_0p65_0p65,validation
20260708_210018,611,validation,1.1824476179755905,0.6754604738952792,0.3385684170798026,0.6614315829201973,0.44677089044858115,-1,-1.1824476179755905,-2.1824476179755905,0.65,0.65,38,611,max_move_probability,0,medium_trade_flow,fixed_common_0p65_0p65,validation
20260708_213144,2033,validation,-1.1316542279005137,0.7502749085985069,0.3499085935525369,0.6500914064474631,0.4877472705530452,-1,1.1316542279005137,0.13165422790051373,0.65,0.65,39,2009,max_move_probability,24,medium_trade_flow,fixed_common_0p65_0p65,validation
20260708_213658,1608,validation,8.604369628839592,0.8439769531253777,0.3306920293298203,0.6693079706701797,0.5648805017887479,-1,-8.604369628839592,-9.604369628839592,0.65,0.65,40,1594,max_move_probability,14,medium_trade_flow,fixed_common_0p65_0p65,validation
20260708_213658,1677,validation,0.598123347583801,0.7377416068151005,0.34882389574936573,0.6511761042506343,0.48039970546946037,-1,-0.598123347583801,-1.598123347583801,0.65,0.65,41,1651,max_move_probability,26,medium_trade_flow,fixed_common_0p65_0p65,validation
20260708_213658,1756,validation,1.3744537556958925,0.7446956110416801,0.2916736297271243,0.7083263702728757,0.5274875391272945,-1,-1.3744537556958925,-2.3744537556958925,0.65,0.65,42,1706,max_move_probability,50,medium_trade_flow,fixed_common_0p65_0p65,validation
20260708_213658,2280,validation,-4.77251162292025,0.8590591983685028,0.30481026691497976,0.6951897330850203,0.597209134818031,-1,4.77251162292025,3.77251162292025,0.65,0.65,43,2259,max_move_probability,21,medium_trade_flow,fixed_common_0p65_0p65,validation
20260708_214213,1441,validation,0.40297264863431437,0.6665702182402438,0.659994795319775,0.659994795319775,0.43993287475372744,1,0.40297264863431437,-0.5970273513656856,0.65,0.65,44,1440,max_move_probability,1,medium_trade_flow,fixed_common_0p65_0p65,validation
20260708_215758,873,validation,-1.7877260527254801,0.8936249077267485,0.7269451062114674,0.7269451062114674,0.6496162534606339,1,-1.7877260527254801,-2.78772605272548,0.65,0.65,45,873,max_move_probability,0,medium_trade_flow,fixed_common_0p65_0p65,validation
20260708_185955,304,validation,0.8235217179630716,0.7066737179641679,0.291361009249674,0.708638990750326,0.5007765502879085,-1,-0.8235217179630716,-1.8235217179630716,0.65,0.65,0,304,max_joint_confidence,0,medium_trade_flow,fixed_common_0p65_0p65,validation
20260708_185955,650,validation,0.37101531567218515,0.7055083713179119,0.6586571229271705,0.6586571229271705,0.46468811405328975,1,0.37101531567218515,-0.6289846843278148,0.65,0.65,1,624,max_joint_confidence,26,medium_trade_flow,fixed_common_0p65_0p65,validation
20260708_185955,1119,validation,0.5323907328502742,0.7252841543055888,0.32763839632313113,0.6723616036768689,0.48765321711032733,-1,-0.5323907328502742,-1.5323907328502742,0.65,0.65,2,1086,max_joint_confidence,33,medium_trade_flow,fixed_common_0p65_0p65,validation
20260708_185955,1240,validation,-3.9544735183438817,0.6831628221202709,0.6592768524187278,0.6592768524187278,0.45039343505694746,1,-3.9544735183438817,-4.954473518343882,0.65,0.65,3,1240,max_joint_confidence,0,medium_trade_flow,fixed_common_0p65_0p65,validation
20260708_185955,1967,validation,2.0989289811224054,0.755434477646148,0.6525958922316634,0.6525958922316634,0.4929934369620485,1,2.0989289811224054,1.0989289811224054,0.65,0.65,4,1967,max_joint_confidence,0,medium_trade_flow,fixed_common_0p65_0p65,validation
20260708_190508,912,validation,0.6941389650072516,0.6632883799195124,0.31089069319777224,0.6891093068022278,0.4570781956963079,-1,-0.6941389650072516,-1.6941389650072516,0.65,0.65,5,912,max_joint_confidence,0,medium_trade_flow,fixed_common_0p65_0p65,validation
20260708_190508,1732,validation,0.9687865060947765,0.6619187938839675,0.3395387755483922,0.6604612244516078,0.43717169709613657,-1,-0.9687865060947765,-1.9687865060947765,0.65,0.65,6,1731,max_joint_confidence,1,medium_trade_flow,fixed_common_0p65_0p65,validation
20260708_190508,2639,validation,9.341127824218365,0.7759819640729758,0.29404300983031967,0.7059569901696803,0.547809891782915,-1,-9.341127824218365,-10.341127824218365,0.65,0.65,7,2639,max_joint_confidence,0,medium_trade_flow,fixed_common_0p65_0p65,validation
20260708_190508,2708,validation,-2.5952233383119694,0.8010175083983915,0.31885200464658653,0.6811479953534134,0.5456114700885504,-1,2.5952233383119694,1.5952233383119694,0.65,0.65,8,2692,max_joint_confidence,16,medium_trade_flow,fixed_common_0p65_0p65,validation
20260708_191023,45,validation,-3.612201177028984,0.7217559935677887,0.2934876894848154,0.7065123105151846,0.5099294946437611,-1,3.612201177028984,2.612201177028984,0.65,0.65,9,20,max_joint_confidence,25,medium_trade_flow,fixed_common_0p65_0p65,validation
20260708_191023,1769,validation,1.755234907596659,0.998875819952408,0.8802784452536901,0.8802784452536901,0.8792888537892106,1,1.755234907596659,0.7552349075966589,0.65,0.65,10,1742,max_joint_confidence,27,medium_trade_flow,fixed_common_0p65_0p65,validation
20260708_191023,2478,validation,-2.2879294802125028,0.7436927364457382,0.34256897787838525,0.6574310221216147,0.4889266758659423,-1,2.2879294802125028,1.2879294802125028,0.65,0.65,11,2478,max_joint_confidence,0,medium_trade_flow,fixed_common_0p65_0p65,validation
20260708_191023,2838,validation,-0.44373876534109513,0.6845705494564667,0.2912101633389659,0.7087898366610341,0.48521664793220337,-1,0.44373876534109513,-0.5562612346589049,0.65,0.65,12,2838,max_joint_confidence,0,medium_trade_flow,fixed_common_0p65_0p65,validation
20260708_191538,315,validation,3.7957928078613534,0.668062799241186,0.2996587663695413,0.7003412336304586,0.4678719249631896,-1,-3.7957928078613534,-4.795792807861353,0.65,0.65,13,292,max_joint_confidence,23,medium_trade_flow,fixed_common_0p65_0p65,validation
20260708_191538,542,validation,-6.804463792898785,0.6563693189663428,0.3362252840785185,0.6637747159214815,0.4356813582364605,-1,6.804463792898785,5.804463792898785,0.65,0.65,14,542,max_joint_confidence,0,medium_trade_flow,fixed_common_0p65_0p65,validation
20260708_191538,890,validation,-3.718184265129043,0.7653099205483489,0.3461348405473091,0.653865159452691,0.5004094932300724,-1,3.718184265129043,2.718184265129043,0.65,0.65,15,890,max_joint_confidence,0,medium_trade_flow,fixed_common_0p65_0p65,validation
20260708_192052,70,validation,-0.3060027266443832,0.6660431202122044,0.3475936547485933,0.6524063452514067,0.43453075783748757,-1,0.3060027266443832,-0.6939972733556168,0.65,0.65,16,70,max_joint_confidence,0,medium_trade_flow,fixed_common_0p65_0p65,validation
20260708_192052,333,validation,1.0463610380218036,0.7292649031455751,0.6542624095530025,0.6542624095530025,0.477130612734461,1,1.0463610380218036,0.04636103802180358,0.65,0.65,17,284,max_joint_confidence,49,medium_trade_flow,fixed_common_0p65_0p65,validation
20260708_192052,470,validation,-0.9980304994894329,0.8884787336869814,0.8534905416594931,0.8534905416594931,0.7583081956674422,1,-0.9980304994894329,-1.998030499489433,0.65,0.65,18,470,max_joint_confidence,0,medium_trade_flow,fixed_common_0p65_0p65,validation
20260708_192052,572,validation,1.2072949590602455,0.66984035254422,0.8377591908858681,0.8377591908858681,0.5611649117701505,1,1.2072949590602455,0.20729495906024553,0.65,0.65,19,572,max_joint_confidence,0,medium_trade_flow,fixed_common_0p65_0p65,validation
20260708_192607,580,validation,-4.55759836345937,0.6630695173236446,0.2920418545400076,0.7079581454599924,0.4694254657954997,-1,4.55759836345937,3.5575983634593698,0.65,0.65,20,580,max_joint_confidence,0,medium_trade_flow,fixed_common_0p65_0p65,validation
20260708_193122,1805,validation,2.581434164152796,0.7361679838233864,0.2869794541102081,0.7130205458897919,0.5249028976923386,-1,-2.581434164152796,-3.581434164152796,0.65,0.65,21,1795,max_joint_confidence,10,medium_trade_flow,fixed_common_0p65_0p65,validation
20260708_194153,2221,validation,-3.701609754753754,0.9186605824117686,0.3303273170637968,0.6696726829362032,0.6152018969314241,-1,3.701609754753754,2.701609754753754,0.65,0.65,22,2187,max_joint_confidence,34,medium_trade_flow,fixed_common_0p65_0p65,validation
20260708_195223,10,validation,6.9981783676920095,0.6502170211577778,0.658743772244008,0.658743772244008,0.42832641329473653,1,6.9981783676920095,5.9981783676920095,0.65,0.65,23,10,max_joint_confidence,0,medium_trade_flow,fixed_common_0p65_0p65,validation
20260708_195223,813,validation,0.008077009439055871,0.8951154199522756,0.2850044798262749,0.714995520173725,0.6400035153042997,-1,-0.008077009439055871,-1.0080770094390559,0.65,0.65,24,798,max_joint_confidence,15,medium_trade_flow,fixed_common_0p65_0p65,validation
20260708_195223,852,validation,-3.3760399697291277,0.8500964519929292,0.33358748803394905,0.6664125119660509,0.5665149119860353,-1,3.3760399697291277,2.3760399697291277,0.65,0.65,25,852,max_joint_confidence,0,medium_trade_flow,fixed_common_0p65_0p65,validation
20260708_195223,1207,validation,5.921346130108862,0.8669505767414954,0.31496505603399033,0.6850349439660097,0.5938914397594102,-1,-5.921346130108862,-6.921346130108862,0.65,0.65,26,1179,max_joint_confidence,28,medium_trade_flow,fixed_common_0p65_0p65,validation
20260708_195223,1263,validation,-1.4676247622158467,0.7985620182493525,0.32856722609708944,0.6714327739029106,0.5361807110466694,-1,1.4676247622158467,0.4676247622158467,0.65,0.65,27,1263,max_joint_confidence,0,medium_trade_flow,fixed_common_0p65_0p65,validation
20260708_195223,1361,validation,-3.2903093132696792,0.7176010884522397,0.3486239911592683,0.6513760088407317,0.4674281329357847,-1,3.2903093132696792,2.2903093132696792,0.65,0.65,28,1339,max_joint_confidence,22,medium_trade_flow,fixed_common_0p65_0p65,validation
20260708_201318,565,validation,-3.4216059007297073,0.6601803059789625,0.29851662220405806,0.7014833777959419,0.4631055109924811,-1,3.4216059007297073,2.4216059007297073,0.65,0.65,29,565,max_joint_confidence,0,medium_trade_flow,fixed_common_0p65_0p65,validation
20260708_201318,621,validation,0.0,0.9207271842635687,0.7343193461448025,0.7343193461448025,0.6761077839261689,1,0.0,-1.0,0.65,0.65,30,621,max_joint_confidence,0,medium_trade_flow,fixed_common_0p65_0p65,validation
20260708_201318,708,validation,-3.6012156536080475,0.6704665129997203,0.6762827875874438,0.6762827875874438,0.4534249623954839,1,-3.6012156536080475,-4.6012156536080475,0.65,0.65,31,708,max_joint_confidence,0,medium_trade_flow,fixed_common_0p65_0p65,validation
20260708_201318,1018,validation,0.03246223627462186,0.7399418444272912,0.3407543980783874,0.6592456019216126,0.4878034066164578,-1,-0.03246223627462186,-1.0324622362746219,0.65,0.65,32,1018,max_joint_confidence,0,medium_trade_flow,fixed_common_0p65_0p65,validation
20260708_202345,1356,validation,-2.468925245978637,0.750312290575185,0.33050634096064696,0.669493659039353,0.5023293208393789,-1,2.468925245978637,1.468925245978637,0.65,0.65,33,1356,max_joint_confidence,0,medium_trade_flow,fixed_common_0p65_0p65,validation
20260708_202345,1978,validation,4.078638092366305,0.6753126533777684,0.6576671300679195,0.6576671300679195,0.4441309346455086,1,4.078638092366305,3.0786380923663046,0.65,0.65,34,1978,max_joint_confidence,0,medium_trade_flow,fixed_common_0p65_0p65,validation
20260708_203410,743,validation,0.0,0.7395470968774426,0.9573641965100409,0.9573641965100409,0.7080159121834062,1,0.0,-1.0,0.65,0.65,35,743,max_joint_confidence,0,medium_trade_flow,fixed_common_0p65_0p65,validation
20260708_203410,1105,validation,-1.701922118423349,0.7009481852749835,0.3275342677306581,0.6724657322693419,0.4713636346938081,-1,1.701922118423349,0.7019221184233491,0.65,0.65,36,1105,max_joint_confidence,0,medium_trade_flow,fixed_common_0p65_0p65,validation
20260708_210018,481,validation,0.29150670910693677,0.66675351650075,0.33984192762507803,0.660158072374922,0.4401627162023358,-1,-0.29150670910693677,-1.2915067091069368,0.65,0.65,37,481,max_joint_confidence,0,medium_trade_flow,fixed_common_0p65_0p65,validation
20260708_210018,611,validation,1.1824476179755905,0.6754604738952792,0.3385684170798026,0.6614315829201973,0.44677089044858115,-1,-1.1824476179755905,-2.1824476179755905,0.65,0.65,38,611,max_joint_confidence,0,medium_trade_flow,fixed_common_0p65_0p65,validation
20260708_213144,2033,validation,-1.1316542279005137,0.7502749085985069,0.3499085935525369,0.6500914064474631,0.4877472705530452,-1,1.1316542279005137,0.13165422790051373,0.65,0.65,39,2009,max_joint_confidence,24,medium_trade_flow,fixed_common_0p65_0p65,validation
20260708_213658,1608,validation,8.604369628839592,0.8439769531253777,0.3306920293298203,0.6693079706701797,0.5648805017887479,-1,-8.604369628839592,-9.604369628839592,0.65,0.65,40,1594,max_joint_confidence,14,medium_trade_flow,fixed_common_0p65_0p65,validation
20260708_213658,1677,validation,0.598123347583801,0.7377416068151005,0.34882389574936573,0.6511761042506343,0.48039970546946037,-1,-0.598123347583801,-1.598123347583801,0.65,0.65,41,1651,max_joint_confidence,26,medium_trade_flow,fixed_common_0p65_0p65,validation
20260708_213658,1756,validation,1.3744537556958925,0.7446956110416801,0.2916736297271243,0.7083263702728757,0.5274875391272945,-1,-1.3744537556958925,-2.3744537556958925,0.65,0.65,42,1706,max_joint_confidence,50,medium_trade_flow,fixed_common_0p65_0p65,validation
20260708_213658,2280,validation,-4.77251162292025,0.8590591983685028,0.30481026691497976,0.6951897330850203,0.597209134818031,-1,4.77251162292025,3.77251162292025,0.65,0.65,43,2259,max_joint_confidence,21,medium_trade_flow,fixed_common_0p65_0p65,validation
20260708_214213,1441,validation,0.40297264863431437,0.6665702182402438,0.659994795319775,0.659994795319775,0.43993287475372744,1,0.40297264863431437,-0.5970273513656856,0.65,0.65,44,1440,max_joint_confidence,1,medium_trade_flow,fixed_common_0p65_0p65,validation
20260708_215758,873,validation,-1.7877260527254801,0.8936249077267485,0.7269451062114674,0.7269451062114674,0.6496162534606339,1,-1.7877260527254801,-2.78772605272548,0.65,0.65,45,873,max_joint_confidence,0,medium_trade_flow,fixed_common_0p65_0p65,validation
20260709_190039,195,test,0.5078450152251612,0.6656484801286906,0.6620090585116163,0.6620090585116163,0.4406653236296828,1,0.5078450152251612,-0.49215498477483877,0.65,0.65,0,195,first_eligible,0,medium_trade_flow,fixed_common_0p65_0p65,test
20260709_190555,1213,test,3.9102393432077776,0.673557106701712,0.6553252056900416,0.6553252056900416,0.44139894949328873,1,3.9102393432077776,2.9102393432077776,0.65,0.65,1,1213,first_eligible,0,medium_trade_flow,fixed_common_0p65_0p65,test
20260709_190555,2522,test,1.336520829438026,0.7025015569049738,0.32358341613977737,0.6764165838602226,0.4751837032781502,-1,-1.336520829438026,-2.336520829438026,0.65,0.65,2,2522,first_eligible,0,medium_trade_flow,fixed_common_0p65_0p65,test
20260709_192139,1550,test,-6.170256017792308,0.7212194595536093,0.319340649480998,0.680659350519002,0.4909047689214253,-1,6.170256017792308,5.170256017792308,0.65,0.65,3,1550,first_eligible,0,medium_trade_flow,fixed_common_0p65_0p65,test
20260709_192139,2110,test,1.7529810638206023,0.6502231308371655,0.2877988427157516,0.7122011572842484,0.4630896662752165,-1,-1.7529810638206023,-2.7529810638206023,0.65,0.65,4,2110,first_eligible,0,medium_trade_flow,fixed_common_0p65_0p65,test
20260709_194752,2504,test,-0.07957481584441872,0.7641377391651774,0.3466724257606768,0.6533275742393232,0.499232255513506,-1,0.07957481584441872,-0.9204251841555813,0.65,0.65,5,2504,first_eligible,0,medium_trade_flow,fixed_common_0p65_0p65,test
20260709_200334,2576,test,-4.894642425778972,0.7601011374728092,0.3186456472730691,0.6813543527269309,0.5178982185297898,-1,4.894642425778972,3.8946424257789722,0.65,0.65,6,2576,first_eligible,0,medium_trade_flow,fixed_common_0p65_0p65,test
20260709_201919,1965,test,4.83023314189257,0.8358266777960622,0.6571214094565545,0.6571214094565545,0.5492396045747379,1,4.83023314189257,3.8302331418925704,0.65,0.65,7,1965,first_eligible,0,medium_trade_flow,fixed_common_0p65_0p65,test
20260709_201919,2044,test,-1.3448164839691135,0.9575026611171551,0.3053242465992747,0.6946757534007253,0.665153882494759,-1,1.3448164839691135,0.34481648396911346,0.65,0.65,8,2044,first_eligible,0,medium_trade_flow,fixed_common_0p65_0p65,test
20260709_201919,2182,test,-10.597652224597631,0.7812899689185009,0.3078611734205215,0.6921388265794786,0.5407611223055685,-1,10.597652224597631,9.597652224597631,0.65,0.65,9,2182,first_eligible,0,medium_trade_flow,fixed_common_0p65_0p65,test
20260709_201919,2320,test,-4.275693553125182,0.6618862819534046,0.34893702536706206,0.6510629746329379,0.43092965159731905,-1,4.275693553125182,3.2756935531251816,0.65,0.65,10,2320,first_eligible,0,medium_trade_flow,fixed_common_0p65_0p65,test
20260709_202431,2480,test,-10.612189174773468,0.9012794382708776,0.32847993942160925,0.6715200605783908,0.6052272229857177,-1,10.612189174773468,9.612189174773468,0.65,0.65,11,2480,first_eligible,0,medium_trade_flow,fixed_common_0p65_0p65,test
20260709_202947,1311,test,3.125185904935268,0.651974535134761,0.3121778891025425,0.6878221108974575,0.4484425010077799,-1,-3.125185904935268,-4.125185904935268,0.65,0.65,12,1311,first_eligible,0,medium_trade_flow,fixed_common_0p65_0p65,test
20260709_205559,948,test,-5.665853128673515,0.6635645113305584,0.31215012690500993,0.68784987309499,0.45643276490906365,-1,5.665853128673515,4.665853128673515,0.65,0.65,13,948,first_eligible,0,medium_trade_flow,fixed_common_0p65_0p65,test
20260709_211653,197,test,-3.4244148033468758,0.7295686804887282,0.3438160856538932,0.6561839143461068,0.4787312325474178,-1,3.4244148033468758,2.4244148033468758,0.65,0.65,14,197,first_eligible,0,medium_trade_flow,fixed_common_0p65_0p65,test
20260709_211653,459,test,-1.0833243720109742,0.6855120289808087,0.3378418238301264,0.6621581761698736,0.4539173948524418,-1,1.0833243720109742,0.0833243720109742,0.65,0.65,15,459,first_eligible,0,medium_trade_flow,fixed_common_0p65_0p65,test
20260709_211653,634,test,-5.361011980626884,0.757113713539011,0.3151022942337698,0.6848977057662302,0.5185454454070195,-1,5.361011980626884,4.361011980626884,0.65,0.65,16,634,first_eligible,0,medium_trade_flow,fixed_common_0p65_0p65,test
20260709_212207,2118,test,0.6868279967053859,0.7431949603961395,0.29327645060100604,0.706723549398994,0.5252333803066045,-1,-0.6868279967053859,-1.6868279967053859,0.65,0.65,17,2118,first_eligible,0,medium_trade_flow,fixed_common_0p65_0p65,test
20260709_212207,2254,test,0.20768780369495587,0.6812206775631051,0.30851283994439077,0.6914871600556092,0.4710553516992694,-1,-0.20768780369495587,-1.2076878036949559,0.65,0.65,18,2254,first_eligible,0,medium_trade_flow,fixed_common_0p65_0p65,test
20260709_212722,1551,test,-2.9354683547744287,0.7327412856316288,0.28660070736208476,0.7133992926379152,0.5227371148562006,-1,2.9354683547744287,1.9354683547744287,0.65,0.65,19,1551,first_eligible,0,medium_trade_flow,fixed_common_0p65_0p65,test
20260709_213235,2604,test,2.878259968268626,0.6589928776172417,0.3040413457625612,0.6959586542374387,0.4586317962585527,-1,-2.878259968268626,-3.878259968268626,0.65,0.65,20,2604,first_eligible,0,medium_trade_flow,fixed_common_0p65_0p65,test
20260709_190039,210,test,-0.5553964300708536,0.688313281002503,0.32860501465524256,0.6713949853447574,0.46213008521127735,-1,0.5553964300708536,-0.4446035699291464,0.65,0.65,0,195,max_move_probability,15,medium_trade_flow,fixed_common_0p65_0p65,test
20260709_190555,1213,test,3.9102393432077776,0.673557106701712,0.6553252056900416,0.6553252056900416,0.44139894949328873,1,3.9102393432077776,2.9102393432077776,0.65,0.65,1,1213,max_move_probability,0,medium_trade_flow,fixed_common_0p65_0p65,test
20260709_190555,2522,test,1.336520829438026,0.7025015569049738,0.32358341613977737,0.6764165838602226,0.4751837032781502,-1,-1.336520829438026,-2.336520829438026,0.65,0.65,2,2522,max_move_probability,0,medium_trade_flow,fixed_common_0p65_0p65,test
20260709_192139,1550,test,-6.170256017792308,0.7212194595536093,0.319340649480998,0.680659350519002,0.4909047689214253,-1,6.170256017792308,5.170256017792308,0.65,0.65,3,1550,max_move_probability,0,medium_trade_flow,fixed_common_0p65_0p65,test
20260709_192139,2110,test,1.7529810638206023,0.6502231308371655,0.2877988427157516,0.7122011572842484,0.4630896662752165,-1,-1.7529810638206023,-2.7529810638206023,0.65,0.65,4,2110,max_move_probability,0,medium_trade_flow,fixed_common_0p65_0p65,test
20260709_194752,2504,test,-0.07957481584441872,0.7641377391651774,0.3466724257606768,0.6533275742393232,0.499232255513506,-1,0.07957481584441872,-0.9204251841555813,0.65,0.65,5,2504,max_move_probability,0,medium_trade_flow,fixed_common_0p65_0p65,test
20260709_200334,2576,test,-4.894642425778972,0.7601011374728092,0.3186456472730691,0.6813543527269309,0.5178982185297898,-1,4.894642425778972,3.8946424257789722,0.65,0.65,6,2576,max_move_probability,0,medium_trade_flow,fixed_common_0p65_0p65,test
20260709_201919,1965,test,4.83023314189257,0.8358266777960622,0.6571214094565545,0.6571214094565545,0.5492396045747379,1,4.83023314189257,3.8302331418925704,0.65,0.65,7,1965,max_move_probability,0,medium_trade_flow,fixed_common_0p65_0p65,test
20260709_201919,2044,test,-1.3448164839691135,0.9575026611171551,0.3053242465992747,0.6946757534007253,0.665153882494759,-1,1.3448164839691135,0.34481648396911346,0.65,0.65,8,2044,max_move_probability,0,medium_trade_flow,fixed_common_0p65_0p65,test
20260709_201919,2224,test,-4.259237121547743,0.8479701517491965,0.31501240333426617,0.6849875966657338,0.5808490362909597,-1,4.259237121547743,3.259237121547743,0.65,0.65,9,2182,max_move_probability,42,medium_trade_flow,fixed_common_0p65_0p65,test
20260709_201919,2320,test,-4.275693553125182,0.6618862819534046,0.34893702536706206,0.6510629746329379,0.43092965159731905,-1,4.275693553125182,3.2756935531251816,0.65,0.65,10,2320,max_move_probability,0,medium_trade_flow,fixed_common_0p65_0p65,test
20260709_202431,2480,test,-10.612189174773468,0.9012794382708776,0.32847993942160925,0.6715200605783908,0.6052272229857177,-1,10.612189174773468,9.612189174773468,0.65,0.65,11,2480,max_move_probability,0,medium_trade_flow,fixed_common_0p65_0p65,test
20260709_202947,1311,test,3.125185904935268,0.651974535134761,0.3121778891025425,0.6878221108974575,0.4484425010077799,-1,-3.125185904935268,-4.125185904935268,0.65,0.65,12,1311,max_move_probability,0,medium_trade_flow,fixed_common_0p65_0p65,test
20260709_205559,962,test,-1.8070860061503158,0.7600453951754925,0.3007537388589722,0.6992462611410277,0.531458900873918,-1,1.8070860061503158,0.8070860061503158,0.65,0.65,13,948,max_move_probability,14,medium_trade_flow,fixed_common_0p65_0p65,test
20260709_211653,197,test,-3.4244148033468758,0.7295686804887282,0.3438160856538932,0.6561839143461068,0.4787312325474178,-1,3.4244148033468758,2.4244148033468758,0.65,0.65,14,197,max_move_probability,0,medium_trade_flow,fixed_common_0p65_0p65,test
20260709_211653,459,test,-1.0833243720109742,0.6855120289808087,0.3378418238301264,0.6621581761698736,0.4539173948524418,-1,1.0833243720109742,0.0833243720109742,0.65,0.65,15,459,max_move_probability,0,medium_trade_flow,fixed_common_0p65_0p65,test
20260709_211653,634,test,-5.361011980626884,0.757113713539011,0.3151022942337698,0.6848977057662302,0.5185454454070195,-1,5.361011980626884,4.361011980626884,0.65,0.65,16,634,max_move_probability,0,medium_trade_flow,fixed_common_0p65_0p65,test
20260709_212207,2118,test,0.6868279967053859,0.7431949603961395,0.29327645060100604,0.706723549398994,0.5252333803066045,-1,-0.6868279967053859,-1.6868279967053859,0.65,0.65,17,2118,max_move_probability,0,medium_trade_flow,fixed_common_0p65_0p65,test
20260709_212207,2254,test,0.20768780369495587,0.6812206775631051,0.30851283994439077,0.6914871600556092,0.4710553516992694,-1,-0.20768780369495587,-1.2076878036949559,0.65,0.65,18,2254,max_move_probability,0,medium_trade_flow,fixed_common_0p65_0p65,test
20260709_212722,1551,test,-2.9354683547744287,0.7327412856316288,0.28660070736208476,0.7133992926379152,0.5227371148562006,-1,2.9354683547744287,1.9354683547744287,0.65,0.65,19,1551,max_move_probability,0,medium_trade_flow,fixed_common_0p65_0p65,test
20260709_213235,2604,test,2.878259968268626,0.6589928776172417,0.3040413457625612,0.6959586542374387,0.4586317962585527,-1,-2.878259968268626,-3.878259968268626,0.65,0.65,20,2604,max_move_probability,0,medium_trade_flow,fixed_common_0p65_0p65,test
20260709_190039,210,test,-0.5553964300708536,0.688313281002503,0.32860501465524256,0.6713949853447574,0.46213008521127735,-1,0.5553964300708536,-0.4446035699291464,0.65,0.65,0,195,max_joint_confidence,15,medium_trade_flow,fixed_common_0p65_0p65,test
20260709_190555,1213,test,3.9102393432077776,0.673557106701712,0.6553252056900416,0.6553252056900416,0.44139894949328873,1,3.9102393432077776,2.9102393432077776,0.65,0.65,1,1213,max_joint_confidence,0,medium_trade_flow,fixed_common_0p65_0p65,test
20260709_190555,2522,test,1.336520829438026,0.7025015569049738,0.32358341613977737,0.6764165838602226,0.4751837032781502,-1,-1.336520829438026,-2.336520829438026,0.65,0.65,2,2522,max_joint_confidence,0,medium_trade_flow,fixed_common_0p65_0p65,test
20260709_192139,1550,test,-6.170256017792308,0.7212194595536093,0.319340649480998,0.680659350519002,0.4909047689214253,-1,6.170256017792308,5.170256017792308,0.65,0.65,3,1550,max_joint_confidence,0,medium_trade_flow,fixed_common_0p65_0p65,test
20260709_192139,2110,test,1.7529810638206023,0.6502231308371655,0.2877988427157516,0.7122011572842484,0.4630896662752165,-1,-1.7529810638206023,-2.7529810638206023,0.65,0.65,4,2110,max_joint_confidence,0,medium_trade_flow,fixed_common_0p65_0p65,test
20260709_194752,2504,test,-0.07957481584441872,0.7641377391651774,0.3466724257606768,0.6533275742393232,0.499232255513506,-1,0.07957481584441872,-0.9204251841555813,0.65,0.65,5,2504,max_joint_confidence,0,medium_trade_flow,fixed_common_0p65_0p65,test
20260709_200334,2576,test,-4.894642425778972,0.7601011374728092,0.3186456472730691,0.6813543527269309,0.5178982185297898,-1,4.894642425778972,3.8946424257789722,0.65,0.65,6,2576,max_joint_confidence,0,medium_trade_flow,fixed_common_0p65_0p65,test
20260709_201919,1969,test,9.026592817524826,0.8171214926383271,0.2924616462216026,0.7075383537783975,0.5781447957382689,-1,-9.026592817524826,-10.026592817524826,0.65,0.65,7,1965,max_joint_confidence,4,medium_trade_flow,fixed_common_0p65_0p65,test
20260709_201919,2044,test,-1.3448164839691135,0.9575026611171551,0.3053242465992747,0.6946757534007253,0.665153882494759,-1,1.3448164839691135,0.34481648396911346,0.65,0.65,8,2044,max_joint_confidence,0,medium_trade_flow,fixed_common_0p65_0p65,test
20260709_201919,2224,test,-4.259237121547743,0.8479701517491965,0.31501240333426617,0.6849875966657338,0.5808490362909597,-1,4.259237121547743,3.259237121547743,0.65,0.65,9,2182,max_joint_confidence,42,medium_trade_flow,fixed_common_0p65_0p65,test
20260709_201919,2320,test,-4.275693553125182,0.6618862819534046,0.34893702536706206,0.6510629746329379,0.43092965159731905,-1,4.275693553125182,3.2756935531251816,0.65,0.65,10,2320,max_joint_confidence,0,medium_trade_flow,fixed_common_0p65_0p65,test
20260709_202431,2494,test,-0.6117850457487695,0.8768004060548448,0.2930173176621036,0.7069826823378964,0.6198827029476109,-1,0.6117850457487695,-0.38821495425123054,0.65,0.65,11,2480,max_joint_confidence,14,medium_trade_flow,fixed_common_0p65_0p65,test
20260709_202947,1311,test,3.125185904935268,0.651974535134761,0.3121778891025425,0.6878221108974575,0.4484425010077799,-1,-3.125185904935268,-4.125185904935268,0.65,0.65,12,1311,max_joint_confidence,0,medium_trade_flow,fixed_common_0p65_0p65,test
20260709_205559,962,test,-1.8070860061503158,0.7600453951754925,0.3007537388589722,0.6992462611410277,0.531458900873918,-1,1.8070860061503158,0.8070860061503158,0.65,0.65,13,948,max_joint_confidence,14,medium_trade_flow,fixed_common_0p65_0p65,test
20260709_211653,197,test,-3.4244148033468758,0.7295686804887282,0.3438160856538932,0.6561839143461068,0.4787312325474178,-1,3.4244148033468758,2.4244148033468758,0.65,0.65,14,197,max_joint_confidence,0,medium_trade_flow,fixed_common_0p65_0p65,test
20260709_211653,459,test,-1.0833243720109742,0.6855120289808087,0.3378418238301264,0.6621581761698736,0.4539173948524418,-1,1.0833243720109742,0.0833243720109742,0.65,0.65,15,459,max_joint_confidence,0,medium_trade_flow,fixed_common_0p65_0p65,test
20260709_211653,634,test,-5.361011980626884,0.757113713539011,0.3151022942337698,0.6848977057662302,0.5185454454070195,-1,5.361011980626884,4.361011980626884,0.65,0.65,16,634,max_joint_confidence,0,medium_trade_flow,fixed_common_0p65_0p65,test
20260709_212207,2118,test,0.6868279967053859,0.7431949603961395,0.29327645060100604,0.706723549398994,0.5252333803066045,-1,-0.6868279967053859,-1.6868279967053859,0.65,0.65,17,2118,max_joint_confidence,0,medium_trade_flow,fixed_common_0p65_0p65,test
20260709_212207,2254,test,0.20768780369495587,0.6812206775631051,0.30851283994439077,0.6914871600556092,0.4710553516992694,-1,-0.20768780369495587,-1.2076878036949559,0.65,0.65,18,2254,max_joint_confidence,0,medium_trade_flow,fixed_common_0p65_0p65,test
20260709_212722,1551,test,-2.9354683547744287,0.7327412856316288,0.28660070736208476,0.7133992926379152,0.5227371148562006,-1,2.9354683547744287,1.9354683547744287,0.65,0.65,19,1551,max_joint_confidence,0,medium_trade_flow,fixed_common_0p65_0p65,test
20260709_213235,2604,test,2.878259968268626,0.6589928776172417,0.3040413457625612,0.6959586542374387,0.4586317962585527,-1,-2.878259968268626,-3.878259968268626,0.65,0.65,20,2604,max_joint_confidence,0,medium_trade_flow,fixed_common_0p65_0p65,test
20260708_185955,304,validation,0.8235217179630716,0.7178157118886388,0.291361009249674,0.708638990750326,0.5086722016174918,-1,-0.8235217179630716,-1.8235217179630716,0.65,0.65,0,304,first_eligible,0,reduced_trade_flow,fixed_common_0p65_0p65,validation
20260708_185955,624,validation,-2.733438908044672,0.6570483783730384,0.32954646687234035,0.6704535331276597,0.44052040671600295,-1,2.733438908044672,1.733438908044672,0.65,0.65,1,624,first_eligible,0,reduced_trade_flow,fixed_common_0p65_0p65,validation
20260708_185955,1086,validation,3.341018752476277,0.6638928233977407,0.3183973670981201,0.6816026329018798,0.4525110963925628,-1,-3.341018752476277,-4.341018752476277,0.65,0.65,2,1086,first_eligible,0,reduced_trade_flow,fixed_common_0p65_0p65,validation
20260708_185955,1240,validation,-3.9544735183438817,0.6646000915485182,0.6592768524187278,0.6592768524187278,0.4381554564733054,1,-3.9544735183438817,-4.954473518343882,0.65,0.65,3,1240,first_eligible,0,reduced_trade_flow,fixed_common_0p65_0p65,validation
20260708_185955,1926,validation,1.097803827299071,0.6594572637977921,0.3408353056323865,0.6591646943676135,0.4346909457397743,-1,-1.097803827299071,-2.097803827299071,0.65,0.65,4,1926,first_eligible,0,reduced_trade_flow,fixed_common_0p65_0p65,validation
20260708_190508,2639,validation,9.341127824218365,0.7473778343284758,0.29404300983031967,0.7059569901696803,0.5276166064420648,-1,-9.341127824218365,-10.341127824218365,0.65,0.65,5,2639,first_eligible,0,reduced_trade_flow,fixed_common_0p65_0p65,validation
20260708_190508,2692,validation,-5.012099142865933,0.7912253929876918,0.332965064171528,0.667034935828472,0.5277749792374025,-1,5.012099142865933,4.012099142865933,0.65,0.65,6,2692,first_eligible,0,reduced_trade_flow,fixed_common_0p65_0p65,validation
20260708_191023,39,validation,-5.70737145717759,0.6966983856384219,0.337297249999207,0.6627027500007929,0.46170393608369514,-1,5.70737145717759,4.70737145717759,0.65,0.65,7,39,first_eligible,0,reduced_trade_flow,fixed_common_0p65_0p65,validation
20260708_191023,2478,validation,-2.2879294802125028,0.68805918817624,0.34256897787838525,0.6574310221216147,0.4523514553628739,-1,2.2879294802125028,1.2879294802125028,0.65,0.65,8,2478,first_eligible,0,reduced_trade_flow,fixed_common_0p65_0p65,validation
20260708_191023,2838,validation,-0.44373876534109513,0.7040005884349574,0.2912101633389659,0.7087898366610341,0.4989884620860853,-1,0.44373876534109513,-0.5562612346589049,0.65,0.65,9,2838,first_eligible,0,reduced_trade_flow,fixed_common_0p65_0p65,validation
20260708_191538,890,validation,-3.718184265129043,0.7577482142838271,0.3461348405473091,0.653865159452691,0.49546515695768645,-1,3.718184265129043,2.718184265129043,0.65,0.65,10,890,first_eligible,0,reduced_trade_flow,fixed_common_0p65_0p65,validation
20260708_192052,70,validation,-0.3060027266443832,0.6609543750926782,0.3475936547485933,0.6524063452514067,0.4312108282321416,-1,0.3060027266443832,-0.6939972733556168,0.65,0.65,11,70,first_eligible,0,reduced_trade_flow,fixed_common_0p65_0p65,validation
20260708_192052,284,validation,-3.3311474354580373,0.7338008246140221,0.33721897668581613,0.6627810233141839,0.4863492614464735,-1,3.3311474354580373,2.3311474354580373,0.65,0.65,12,284,first_eligible,0,reduced_trade_flow,fixed_common_0p65_0p65,validation
20260708_193122,1795,validation,2.774970092436213,0.7045850715787819,0.3149456201028519,0.6850543798971481,0.48267908929519016,-1,-2.774970092436213,-3.774970092436213,0.65,0.65,13,1795,first_eligible,0,reduced_trade_flow,fixed_common_0p65_0p65,validation
20260708_194153,2187,validation,-10.981949785702216,0.7232857961562006,0.31461263826530955,0.6853873617346904,0.4957309436076734,-1,10.981949785702216,9.981949785702216,0.65,0.65,14,2187,first_eligible,0,reduced_trade_flow,fixed_common_0p65_0p65,validation
20260708_194153,2258,validation,-1.6363867608204519,0.7018475015879956,0.31871759127344634,0.6812824087265537,0.4781563564405833,-1,1.6363867608204519,0.6363867608204519,0.65,0.65,15,2258,first_eligible,0,reduced_trade_flow,fixed_common_0p65_0p65,validation
20260708_195223,798,validation,8.406003503040882,0.696361531579999,0.288804744036051,0.711195255963949,0.4952490176954849,-1,-8.406003503040882,-9.406003503040882,0.65,0.65,16,798,first_eligible,0,reduced_trade_flow,fixed_common_0p65_0p65,validation
20260708_195223,852,validation,-3.3760399697291277,0.856902160344327,0.33358748803394905,0.6664125119660509,0.5710503211841986,-1,3.3760399697291277,2.3760399697291277,0.65,0.65,17,852,first_eligible,0,reduced_trade_flow,fixed_common_0p65_0p65,validation
20260708_195223,1179,validation,0.8550393681105994,0.8263487866716819,0.3443651046742083,0.6556348953257918,0.5417831002520832,-1,-0.8550393681105994,-1.8550393681105994,0.65,0.65,18,1179,first_eligible,0,reduced_trade_flow,fixed_common_0p65_0p65,validation
20260708_195223,1263,validation,-1.4676247622158467,0.7827690405377364,0.32856722609708944,0.6714327739029106,0.5255767882135722,-1,1.4676247622158467,0.4676247622158467,0.65,0.65,19,1263,first_eligible,0,reduced_trade_flow,fixed_common_0p65_0p65,validation
20260708_195223,1339,validation,-1.741787993758681,0.6766165562715523,0.33804092450953027,0.6619590754904697,0.44789247005106214,-1,1.741787993758681,0.7417879937586811,0.65,0.65,20,1339,first_eligible,0,reduced_trade_flow,fixed_common_0p65_0p65,validation
20260708_201318,863,validation,1.8516397975854026,0.6798258831264,0.7695174310173049,0.7695174310173049,0.5231378671224979,1,1.8516397975854026,0.8516397975854026,0.65,0.65,21,863,first_eligible,0,reduced_trade_flow,fixed_common_0p65_0p65,validation
20260708_201318,1018,validation,0.03246223627462186,0.7390677980894164,0.3407543980783874,0.6592456019216126,0.48722719541233817,-1,-0.03246223627462186,-1.0324622362746219,0.65,0.65,22,1018,first_eligible,0,reduced_trade_flow,fixed_common_0p65_0p65,validation
20260708_202345,1356,validation,-2.468925245978637,0.7134111777836866,0.33050634096064696,0.669493659039353,0.4776242598139747,-1,2.468925245978637,1.468925245978637,0.65,0.65,23,1356,first_eligible,0,reduced_trade_flow,fixed_common_0p65_0p65,validation
20260708_203410,1105,validation,-1.701922118423349,0.6612967571495996,0.3275342677306581,0.6724657322693419,0.44469940804394664,-1,1.701922118423349,0.7019221184233491,0.65,0.65,24,1105,first_eligible,0,reduced_trade_flow,fixed_common_0p65_0p65,validation
20260708_210018,481,validation,0.29150670910693677,0.656120384029656,0.33984192762507803,0.660158072374922,0.43314316796691127,-1,-0.29150670910693677,-1.2915067091069368,0.65,0.65,25,481,first_eligible,0,reduced_trade_flow,fixed_common_0p65_0p65,validation
20260708_212631,673,validation,-1.3243332506962524,0.6543187354397302,0.33955571983815686,0.6604442801618431,0.43214106622390003,-1,1.3243332506962524,0.3243332506962524,0.65,0.65,26,673,first_eligible,0,reduced_trade_flow,fixed_common_0p65_0p65,validation
20260708_213144,2009,validation,-3.1760655578727537,0.7084985227063976,0.29212459449058364,0.7078754055094163,0.5015286790636135,-1,3.1760655578727537,2.1760655578727537,0.65,0.65,27,2009,first_eligible,0,reduced_trade_flow,fixed_common_0p65_0p65,validation
20260708_213658,1594,validation,0.16166907149450793,0.7347428921518195,0.29229765358762605,0.707702346412374,0.5199792687856565,-1,-0.16166907149450793,-1.161669071494508,0.65,0.65,28,1594,first_eligible,0,reduced_trade_flow,fixed_common_0p65_0p65,validation
20260708_213658,1651,validation,-1.0989676976225216,0.726956261708421,0.32314552637535504,0.6768544736246449,0.49204359786679286,-1,1.0989676976225216,0.09896769762252156,0.65,0.65,29,1651,first_eligible,0,reduced_trade_flow,fixed_common_0p65_0p65,validation
20260708_213658,1756,validation,1.3744537556958925,0.6785131226975604,0.2916736297271243,0.7083263702728757,0.4806087373828773,-1,-1.3744537556958925,-2.3744537556958925,0.65,0.65,30,1756,first_eligible,0,reduced_trade_flow,fixed_common_0p65_0p65,validation
20260708_213658,2259,validation,-7.28653240854471,0.7790296440869608,0.3385391498487076,0.6614608501512924,0.5152976106708199,-1,7.28653240854471,6.28653240854471,0.65,0.65,31,2259,first_eligible,0,reduced_trade_flow,fixed_common_0p65_0p65,validation
20260708_214213,1441,validation,0.40297264863431437,0.6520504345771505,0.659994795319775,0.659994795319775,0.4303498931069168,1,0.40297264863431437,-0.5970273513656856,0.65,0.65,32,1441,first_eligible,0,reduced_trade_flow,fixed_common_0p65_0p65,validation
20260708_185955,318,validation,3.3747970479414136,0.7402862262641966,0.3429123028669733,0.6570876971330267,0.4864329716352397,-1,-3.3747970479414136,-4.3747970479414136,0.65,0.65,0,304,max_move_probability,14,reduced_trade_flow,fixed_common_0p65_0p65,validation
20260708_185955,650,validation,0.37101531567218515,0.6955157826841873,0.6586571229271705,0.6586571229271705,0.458106424373206,1,0.37101531567218515,-0.6289846843278148,0.65,0.65,1,624,max_move_probability,26,reduced_trade_flow,fixed_common_0p65_0p65,validation
20260708_185955,1119,validation,0.5323907328502742,0.7409821897176915,0.32763839632313113,0.6723616036768689,0.498207973374585,-1,-0.5323907328502742,-1.5323907328502742,0.65,0.65,2,1086,max_move_probability,33,reduced_trade_flow,fixed_common_0p65_0p65,validation
20260708_185955,1240,validation,-3.9544735183438817,0.6646000915485182,0.6592768524187278,0.6592768524187278,0.4381554564733054,1,-3.9544735183438817,-4.954473518343882,0.65,0.65,3,1240,max_move_probability,0,reduced_trade_flow,fixed_common_0p65_0p65,validation
20260708_185955,1967,validation,2.0989289811224054,0.7534909114075241,0.6525958922316634,0.6525958922316634,0.4917250736184424,1,2.0989289811224054,1.0989289811224054,0.65,0.65,4,1926,max_move_probability,41,reduced_trade_flow,fixed_common_0p65_0p65,validation
20260708_190508,2639,validation,9.341127824218365,0.7473778343284758,0.29404300983031967,0.7059569901696803,0.5276166064420648,-1,-9.341127824218365,-10.341127824218365,0.65,0.65,5,2639,max_move_probability,0,reduced_trade_flow,fixed_common_0p65_0p65,validation
20260708_190508,2692,validation,-5.012099142865933,0.7912253929876918,0.332965064171528,0.667034935828472,0.5277749792374025,-1,5.012099142865933,4.012099142865933,0.65,0.65,6,2692,max_move_probability,0,reduced_trade_flow,fixed_common_0p65_0p65,validation
20260708_191023,45,validation,-3.612201177028984,0.7463537383631891,0.2934876894848154,0.7065123105151846,0.5273081041526223,-1,3.612201177028984,2.612201177028984,0.65,0.65,7,39,max_move_probability,6,reduced_trade_flow,fixed_common_0p65_0p65,validation
20260708_191023,2478,validation,-2.2879294802125028,0.68805918817624,0.34256897787838525,0.6574310221216147,0.4523514553628739,-1,2.2879294802125028,1.2879294802125028,0.65,0.65,8,2478,max_move_probability,0,reduced_trade_flow,fixed_common_0p65_0p65,validation
20260708_191023,2838,validation,-0.44373876534109513,0.7040005884349574,0.2912101633389659,0.7087898366610341,0.4989884620860853,-1,0.44373876534109513,-0.5562612346589049,0.65,0.65,9,2838,max_move_probability,0,reduced_trade_flow,fixed_common_0p65_0p65,validation
20260708_191538,890,validation,-3.718184265129043,0.7577482142838271,0.3461348405473091,0.653865159452691,0.49546515695768645,-1,3.718184265129043,2.718184265129043,0.65,0.65,10,890,max_move_probability,0,reduced_trade_flow,fixed_common_0p65_0p65,validation
20260708_192052,70,validation,-0.3060027266443832,0.6609543750926782,0.3475936547485933,0.6524063452514067,0.4312108282321416,-1,0.3060027266443832,-0.6939972733556168,0.65,0.65,11,70,max_move_probability,0,reduced_trade_flow,fixed_common_0p65_0p65,validation
20260708_192052,284,validation,-3.3311474354580373,0.7338008246140221,0.33721897668581613,0.6627810233141839,0.4863492614464735,-1,3.3311474354580373,2.3311474354580373,0.65,0.65,12,284,max_move_probability,0,reduced_trade_flow,fixed_common_0p65_0p65,validation
20260708_193122,1805,validation,2.581434164152796,0.7358349733101891,0.2869794541102081,0.7130205458897919,0.5246654543544315,-1,-2.581434164152796,-3.581434164152796,0.65,0.65,13,1795,max_move_probability,10,reduced_trade_flow,fixed_common_0p65_0p65,validation
20260708_194153,2221,validation,-3.701609754753754,0.960744576608832,0.3303273170637968,0.6696726829362032,0.6433843982340431,-1,3.701609754753754,2.701609754753754,0.65,0.65,14,2187,max_move_probability,34,reduced_trade_flow,fixed_common_0p65_0p65,validation
20260708_194153,2258,validation,-1.6363867608204519,0.7018475015879956,0.31871759127344634,0.6812824087265537,0.4781563564405833,-1,1.6363867608204519,0.6363867608204519,0.65,0.65,15,2258,max_move_probability,0,reduced_trade_flow,fixed_common_0p65_0p65,validation
20260708_195223,813,validation,0.008077009439055871,0.8935798646884523,0.2850044798262749,0.714995520173725,0.6389056001696868,-1,-0.008077009439055871,-1.0080770094390559,0.65,0.65,16,798,max_move_probability,15,reduced_trade_flow,fixed_common_0p65_0p65,validation
20260708_195223,852,validation,-3.3760399697291277,0.856902160344327,0.33358748803394905,0.6664125119660509,0.5710503211841986,-1,3.3760399697291277,2.3760399697291277,0.65,0.65,17,852,max_move_probability,0,reduced_trade_flow,fixed_common_0p65_0p65,validation
20260708_195223,1209,validation,7.099677045372399,0.864241901048783,0.3350586933285435,0.6649413066714565,0.5746701389636013,-1,-7.099677045372399,-8.099677045372399,0.65,0.65,18,1179,max_move_probability,30,reduced_trade_flow,fixed_common_0p65_0p65,validation
20260708_195223,1263,validation,-1.4676247622158467,0.7827690405377364,0.32856722609708944,0.6714327739029106,0.5255767882135722,-1,1.4676247622158467,0.4676247622158467,0.65,0.65,19,1263,max_move_probability,0,reduced_trade_flow,fixed_common_0p65_0p65,validation
20260708_195223,1361,validation,-3.2903093132696792,0.7213283895139583,0.3486239911592683,0.6513760088407317,0.4698560074251148,-1,3.2903093132696792,2.2903093132696792,0.65,0.65,20,1339,max_move_probability,22,reduced_trade_flow,fixed_common_0p65_0p65,validation
20260708_201318,863,validation,1.8516397975854026,0.6798258831264,0.7695174310173049,0.7695174310173049,0.5231378671224979,1,1.8516397975854026,0.8516397975854026,0.65,0.65,21,863,max_move_probability,0,reduced_trade_flow,fixed_common_0p65_0p65,validation
20260708_201318,1018,validation,0.03246223627462186,0.7390677980894164,0.3407543980783874,0.6592456019216126,0.48722719541233817,-1,-0.03246223627462186,-1.0324622362746219,0.65,0.65,22,1018,max_move_probability,0,reduced_trade_flow,fixed_common_0p65_0p65,validation
20260708_202345,1356,validation,-2.468925245978637,0.7134111777836866,0.33050634096064696,0.669493659039353,0.4776242598139747,-1,2.468925245978637,1.468925245978637,0.65,0.65,23,1356,max_move_probability,0,reduced_trade_flow,fixed_common_0p65_0p65,validation
20260708_203410,1105,validation,-1.701922118423349,0.6612967571495996,0.3275342677306581,0.6724657322693419,0.44469940804394664,-1,1.701922118423349,0.7019221184233491,0.65,0.65,24,1105,max_move_probability,0,reduced_trade_flow,fixed_common_0p65_0p65,validation
20260708_210018,481,validation,0.29150670910693677,0.656120384029656,0.33984192762507803,0.660158072374922,0.43314316796691127,-1,-0.29150670910693677,-1.2915067091069368,0.65,0.65,25,481,max_move_probability,0,reduced_trade_flow,fixed_common_0p65_0p65,validation
20260708_212631,673,validation,-1.3243332506962524,0.6543187354397302,0.33955571983815686,0.6604442801618431,0.43214106622390003,-1,1.3243332506962524,0.3243332506962524,0.65,0.65,26,673,max_move_probability,0,reduced_trade_flow,fixed_common_0p65_0p65,validation
20260708_213144,2028,validation,-1.1316542279005137,0.742077045766245,0.3495560748545278,0.6504439251454722,0.4826795064085526,-1,1.1316542279005137,0.13165422790051373,0.65,0.65,27,2009,max_move_probability,19,reduced_trade_flow,fixed_common_0p65_0p65,validation
20260708_213658,1615,validation,8.022365578874702,0.8352835915763132,0.6524041754799492,0.6524041754799492,0.5449425028542753,1,8.022365578874702,7.022365578874702,0.65,0.65,28,1594,max_move_probability,21,reduced_trade_flow,fixed_common_0p65_0p65,validation
20260708_213658,1677,validation,0.598123347583801,0.7464083716652338,0.34882389574936573,0.6511761042506343,0.4860432956410265,-1,-0.598123347583801,-1.598123347583801,0.65,0.65,29,1651,max_move_probability,26,reduced_trade_flow,fixed_common_0p65_0p65,validation
20260708_213658,1756,validation,1.3744537556958925,0.6785131226975604,0.2916736297271243,0.7083263702728757,0.4806087373828773,-1,-1.3744537556958925,-2.3744537556958925,0.65,0.65,30,1756,max_move_probability,0,reduced_trade_flow,fixed_common_0p65_0p65,validation
20260708_213658,2280,validation,-4.77251162292025,0.8722084272086048,0.30481026691497976,0.6951897330850203,0.6063503437056553,-1,4.77251162292025,3.77251162292025,0.65,0.65,31,2259,max_move_probability,21,reduced_trade_flow,fixed_common_0p65_0p65,validation
20260708_214213,1442,validation,0.40297264863431437,0.6531016409955148,0.6606362020176337,0.6606362020176337,0.43146258763876105,1,0.40297264863431437,-0.5970273513656856,0.65,0.65,32,1441,max_move_probability,1,reduced_trade_flow,fixed_common_0p65_0p65,validation
20260708_185955,304,validation,0.8235217179630716,0.7178157118886388,0.291361009249674,0.708638990750326,0.5086722016174918,-1,-0.8235217179630716,-1.8235217179630716,0.65,0.65,0,304,max_joint_confidence,0,reduced_trade_flow,fixed_common_0p65_0p65,validation
20260708_185955,650,validation,0.37101531567218515,0.6955157826841873,0.6586571229271705,0.6586571229271705,0.458106424373206,1,0.37101531567218515,-0.6289846843278148,0.65,0.65,1,624,max_joint_confidence,26,reduced_trade_flow,fixed_common_0p65_0p65,validation
20260708_185955,1119,validation,0.5323907328502742,0.7409821897176915,0.32763839632313113,0.6723616036768689,0.498207973374585,-1,-0.5323907328502742,-1.5323907328502742,0.65,0.65,2,1086,max_joint_confidence,33,reduced_trade_flow,fixed_common_0p65_0p65,validation
20260708_185955,1240,validation,-3.9544735183438817,0.6646000915485182,0.6592768524187278,0.6592768524187278,0.4381554564733054,1,-3.9544735183438817,-4.954473518343882,0.65,0.65,3,1240,max_joint_confidence,0,reduced_trade_flow,fixed_common_0p65_0p65,validation
20260708_185955,1967,validation,2.0989289811224054,0.7534909114075241,0.6525958922316634,0.6525958922316634,0.4917250736184424,1,2.0989289811224054,1.0989289811224054,0.65,0.65,4,1926,max_joint_confidence,41,reduced_trade_flow,fixed_common_0p65_0p65,validation
20260708_190508,2639,validation,9.341127824218365,0.7473778343284758,0.29404300983031967,0.7059569901696803,0.5276166064420648,-1,-9.341127824218365,-10.341127824218365,0.65,0.65,5,2639,max_joint_confidence,0,reduced_trade_flow,fixed_common_0p65_0p65,validation
20260708_190508,2708,validation,-2.5952233383119694,0.7848905912791924,0.31885200464658653,0.6811479953534134,0.5346266528215772,-1,2.5952233383119694,1.5952233383119694,0.65,0.65,6,2692,max_joint_confidence,16,reduced_trade_flow,fixed_common_0p65_0p65,validation
20260708_191023,45,validation,-3.612201177028984,0.7463537383631891,0.2934876894848154,0.7065123105151846,0.5273081041526223,-1,3.612201177028984,2.612201177028984,0.65,0.65,7,39,max_joint_confidence,6,reduced_trade_flow,fixed_common_0p65_0p65,validation
20260708_191023,2478,validation,-2.2879294802125028,0.68805918817624,0.34256897787838525,0.6574310221216147,0.4523514553628739,-1,2.2879294802125028,1.2879294802125028,0.65,0.65,8,2478,max_joint_confidence,0,reduced_trade_flow,fixed_common_0p65_0p65,validation
20260708_191023,2838,validation,-0.44373876534109513,0.7040005884349574,0.2912101633389659,0.7087898366610341,0.4989884620860853,-1,0.44373876534109513,-0.5562612346589049,0.65,0.65,9,2838,max_joint_confidence,0,reduced_trade_flow,fixed_common_0p65_0p65,validation
20260708_191538,890,validation,-3.718184265129043,0.7577482142838271,0.3461348405473091,0.653865159452691,0.49546515695768645,-1,3.718184265129043,2.718184265129043,0.65,0.65,10,890,max_joint_confidence,0,reduced_trade_flow,fixed_common_0p65_0p65,validation
20260708_192052,70,validation,-0.3060027266443832,0.6609543750926782,0.3475936547485933,0.6524063452514067,0.4312108282321416,-1,0.3060027266443832,-0.6939972733556168,0.65,0.65,11,70,max_joint_confidence,0,reduced_trade_flow,fixed_common_0p65_0p65,validation
20260708_192052,284,validation,-3.3311474354580373,0.7338008246140221,0.33721897668581613,0.6627810233141839,0.4863492614464735,-1,3.3311474354580373,2.3311474354580373,0.65,0.65,12,284,max_joint_confidence,0,reduced_trade_flow,fixed_common_0p65_0p65,validation
20260708_193122,1805,validation,2.581434164152796,0.7358349733101891,0.2869794541102081,0.7130205458897919,0.5246654543544315,-1,-2.581434164152796,-3.581434164152796,0.65,0.65,13,1795,max_joint_confidence,10,reduced_trade_flow,fixed_common_0p65_0p65,validation
20260708_194153,2221,validation,-3.701609754753754,0.960744576608832,0.3303273170637968,0.6696726829362032,0.6433843982340431,-1,3.701609754753754,2.701609754753754,0.65,0.65,14,2187,max_joint_confidence,34,reduced_trade_flow,fixed_common_0p65_0p65,validation
20260708_194153,2258,validation,-1.6363867608204519,0.7018475015879956,0.31871759127344634,0.6812824087265537,0.4781563564405833,-1,1.6363867608204519,0.6363867608204519,0.65,0.65,15,2258,max_joint_confidence,0,reduced_trade_flow,fixed_common_0p65_0p65,validation
20260708_195223,813,validation,0.008077009439055871,0.8935798646884523,0.2850044798262749,0.714995520173725,0.6389056001696868,-1,-0.008077009439055871,-1.0080770094390559,0.65,0.65,16,798,max_joint_confidence,15,reduced_trade_flow,fixed_common_0p65_0p65,validation
20260708_195223,852,validation,-3.3760399697291277,0.856902160344327,0.33358748803394905,0.6664125119660509,0.5710503211841986,-1,3.3760399697291277,2.3760399697291277,0.65,0.65,17,852,max_joint_confidence,0,reduced_trade_flow,fixed_common_0p65_0p65,validation
20260708_195223,1207,validation,5.921346130108862,0.8597744808083032,0.31496505603399033,0.6850349439660097,0.5889755632839211,-1,-5.921346130108862,-6.921346130108862,0.65,0.65,18,1179,max_joint_confidence,28,reduced_trade_flow,fixed_common_0p65_0p65,validation
20260708_195223,1263,validation,-1.4676247622158467,0.7827690405377364,0.32856722609708944,0.6714327739029106,0.5255767882135722,-1,1.4676247622158467,0.4676247622158467,0.65,0.65,19,1263,max_joint_confidence,0,reduced_trade_flow,fixed_common_0p65_0p65,validation
20260708_195223,1361,validation,-3.2903093132696792,0.7213283895139583,0.3486239911592683,0.6513760088407317,0.4698560074251148,-1,3.2903093132696792,2.2903093132696792,0.65,0.65,20,1339,max_joint_confidence,22,reduced_trade_flow,fixed_common_0p65_0p65,validation
20260708_201318,863,validation,1.8516397975854026,0.6798258831264,0.7695174310173049,0.7695174310173049,0.5231378671224979,1,1.8516397975854026,0.8516397975854026,0.65,0.65,21,863,max_joint_confidence,0,reduced_trade_flow,fixed_common_0p65_0p65,validation
20260708_201318,1018,validation,0.03246223627462186,0.7390677980894164,0.3407543980783874,0.6592456019216126,0.48722719541233817,-1,-0.03246223627462186,-1.0324622362746219,0.65,0.65,22,1018,max_joint_confidence,0,reduced_trade_flow,fixed_common_0p65_0p65,validation
20260708_202345,1356,validation,-2.468925245978637,0.7134111777836866,0.33050634096064696,0.669493659039353,0.4776242598139747,-1,2.468925245978637,1.468925245978637,0.65,0.65,23,1356,max_joint_confidence,0,reduced_trade_flow,fixed_common_0p65_0p65,validation
20260708_203410,1105,validation,-1.701922118423349,0.6612967571495996,0.3275342677306581,0.6724657322693419,0.44469940804394664,-1,1.701922118423349,0.7019221184233491,0.65,0.65,24,1105,max_joint_confidence,0,reduced_trade_flow,fixed_common_0p65_0p65,validation
20260708_210018,481,validation,0.29150670910693677,0.656120384029656,0.33984192762507803,0.660158072374922,0.43314316796691127,-1,-0.29150670910693677,-1.2915067091069368,0.65,0.65,25,481,max_joint_confidence,0,reduced_trade_flow,fixed_common_0p65_0p65,validation
20260708_212631,673,validation,-1.3243332506962524,0.6543187354397302,0.33955571983815686,0.6604442801618431,0.43214106622390003,-1,1.3243332506962524,0.3243332506962524,0.65,0.65,26,673,max_joint_confidence,0,reduced_trade_flow,fixed_common_0p65_0p65,validation
20260708_213144,2009,validation,-3.1760655578727537,0.7084985227063976,0.29212459449058364,0.7078754055094163,0.5015286790636135,-1,3.1760655578727537,2.1760655578727537,0.65,0.65,27,2009,max_joint_confidence,0,reduced_trade_flow,fixed_common_0p65_0p65,validation
20260708_213658,1608,validation,8.604369628839592,0.8302847515015871,0.3306920293298203,0.6693079706701797,0.5557162021059217,-1,-8.604369628839592,-9.604369628839592,0.65,0.65,28,1594,max_joint_confidence,14,reduced_trade_flow,fixed_common_0p65_0p65,validation
20260708_213658,1651,validation,-1.0989676976225216,0.726956261708421,0.32314552637535504,0.6768544736246449,0.49204359786679286,-1,1.0989676976225216,0.09896769762252156,0.65,0.65,29,1651,max_joint_confidence,0,reduced_trade_flow,fixed_common_0p65_0p65,validation
20260708_213658,1756,validation,1.3744537556958925,0.6785131226975604,0.2916736297271243,0.7083263702728757,0.4806087373828773,-1,-1.3744537556958925,-2.3744537556958925,0.65,0.65,30,1756,max_joint_confidence,0,reduced_trade_flow,fixed_common_0p65_0p65,validation
20260708_213658,2280,validation,-4.77251162292025,0.8722084272086048,0.30481026691497976,0.6951897330850203,0.6063503437056553,-1,4.77251162292025,3.77251162292025,0.65,0.65,31,2259,max_joint_confidence,21,reduced_trade_flow,fixed_common_0p65_0p65,validation
20260708_214213,1442,validation,0.40297264863431437,0.6531016409955148,0.6606362020176337,0.6606362020176337,0.43146258763876105,1,0.40297264863431437,-0.5970273513656856,0.65,0.65,32,1441,max_joint_confidence,1,reduced_trade_flow,fixed_common_0p65_0p65,validation
20260709_190039,195,test,0.5078450152251612,0.6647145921084382,0.6620090585116163,0.6620090585116163,0.44004708130064024,1,0.5078450152251612,-0.49215498477483877,0.65,0.65,0,195,first_eligible,0,reduced_trade_flow,fixed_common_0p65_0p65,test
20260709_190555,1213,test,3.9102393432077776,0.6978376816882229,0.6553252056900416,0.6553252056900416,0.45731062229059644,1,3.9102393432077776,2.9102393432077776,0.65,0.65,1,1213,first_eligible,0,reduced_trade_flow,fixed_common_0p65_0p65,test
20260709_190555,2522,test,1.336520829438026,0.6724108244461797,0.32358341613977737,0.6764165838602226,0.45482983282252076,-1,-1.336520829438026,-2.336520829438026,0.65,0.65,2,2522,first_eligible,0,reduced_trade_flow,fixed_common_0p65_0p65,test
20260709_192139,1550,test,-6.170256017792308,0.6526510299012865,0.319340649480998,0.680659350519002,0.4442330261281674,-1,6.170256017792308,5.170256017792308,0.65,0.65,3,1550,first_eligible,0,reduced_trade_flow,fixed_common_0p65_0p65,test
20260709_193725,1378,test,-0.7788712883405324,0.6518397708635387,0.33674736250072645,0.6632526374992735,0.4323344472521642,-1,0.7788712883405324,-0.22112871165946757,0.65,0.65,4,1378,first_eligible,0,reduced_trade_flow,fixed_common_0p65_0p65,test
20260709_194752,2504,test,-0.07957481584441872,0.7126141581358572,0.3466724257606768,0.6533275742393232,0.46557047930349704,-1,0.07957481584441872,-0.9204251841555813,0.65,0.65,5,2504,first_eligible,0,reduced_trade_flow,fixed_common_0p65_0p65,test
20260709_200334,2576,test,-4.894642425778972,0.7581476378302828,0.3186456472730691,0.6813543527269309,0.516567193045304,-1,4.894642425778972,3.8946424257789722,0.65,0.65,6,2576,first_eligible,0,reduced_trade_flow,fixed_common_0p65_0p65,test
20260709_201919,1965,test,4.83023314189257,0.7923501126272595,0.6571214094565545,0.6571214094565545,0.5206702227926845,1,4.83023314189257,3.8302331418925704,0.65,0.65,7,1965,first_eligible,0,reduced_trade_flow,fixed_common_0p65_0p65,test
20260709_201919,2044,test,-1.3448164839691135,0.9495925945327888,0.3053242465992747,0.6946757534007253,0.6596589510308145,-1,1.3448164839691135,0.34481648396911346,0.65,0.65,8,2044,first_eligible,0,reduced_trade_flow,fixed_common_0p65_0p65,test
20260709_201919,2182,test,-10.597652224597631,0.7560623130403229,0.3078611734205215,0.6921388265794786,0.5233000821686955,-1,10.597652224597631,9.597652224597631,0.65,0.65,9,2182,first_eligible,0,reduced_trade_flow,fixed_common_0p65_0p65,test
20260709_202431,2480,test,-10.612189174773468,0.873969444481478,0.32847993942160925,0.6715200605783908,0.5868880143018645,-1,10.612189174773468,9.612189174773468,0.65,0.65,10,2480,first_eligible,0,reduced_trade_flow,fixed_common_0p65_0p65,test
20260709_205559,948,test,-5.665853128673515,0.7487240959277183,0.31215012690500993,0.68784987309499,0.5150097743670421,-1,5.665853128673515,4.665853128673515,0.65,0.65,11,948,first_eligible,0,reduced_trade_flow,fixed_common_0p65_0p65,test
20260709_211653,197,test,-3.4244148033468758,0.7000297163184607,0.3438160856538932,0.6561839143461068,0.45934823941244224,-1,3.4244148033468758,2.4244148033468758,0.65,0.65,12,197,first_eligible,0,reduced_trade_flow,fixed_common_0p65_0p65,test
20260709_211653,634,test,-5.361011980626884,0.7966996207473563,0.3151022942337698,0.6848977057662302,0.5456577424346901,-1,5.361011980626884,4.361011980626884,0.65,0.65,13,634,first_eligible,0,reduced_trade_flow,fixed_common_0p65_0p65,test
20260709_212207,2118,test,0.6868279967053859,0.6730750825927507,0.29327645060100604,0.706723549398994,0.4756780113819698,-1,-0.6868279967053859,-1.6868279967053859,0.65,0.65,14,2118,first_eligible,0,reduced_trade_flow,fixed_common_0p65_0p65,test
20260709_212207,2254,test,0.20768780369495587,0.6622736015901346,0.30851283994439077,0.6914871600556092,0.45795369194336216,-1,-0.20768780369495587,-1.2076878036949559,0.65,0.65,15,2254,first_eligible,0,reduced_trade_flow,fixed_common_0p65_0p65,test
20260709_212722,1551,test,-2.9354683547744287,0.7048688158952645,0.28660070736208476,0.7133992926379152,0.5028529146622066,-1,2.9354683547744287,1.9354683547744287,0.65,0.65,16,1551,first_eligible,0,reduced_trade_flow,fixed_common_0p65_0p65,test
20260709_190039,210,test,-0.5553964300708536,0.6767926635306781,0.32860501465524256,0.6713949853447574,0.45439520041261894,-1,0.5553964300708536,-0.4446035699291464,0.65,0.65,0,195,max_move_probability,15,reduced_trade_flow,fixed_common_0p65_0p65,test
20260709_190555,1213,test,3.9102393432077776,0.6978376816882229,0.6553252056900416,0.6553252056900416,0.45731062229059644,1,3.9102393432077776,2.9102393432077776,0.65,0.65,1,1213,max_move_probability,0,reduced_trade_flow,fixed_common_0p65_0p65,test
20260709_190555,2522,test,1.336520829438026,0.6724108244461797,0.32358341613977737,0.6764165838602226,0.45482983282252076,-1,-1.336520829438026,-2.336520829438026,0.65,0.65,2,2522,max_move_probability,0,reduced_trade_flow,fixed_common_0p65_0p65,test
20260709_192139,1567,test,-0.047851659854547535,0.7012129597143673,0.3478276676635618,0.6521723323364381,0.4573116914014557,-1,0.047851659854547535,-0.9521483401454525,0.65,0.65,3,1550,max_move_probability,17,reduced_trade_flow,fixed_common_0p65_0p65,test
20260709_193725,1378,test,-0.7788712883405324,0.6518397708635387,0.33674736250072645,0.6632526374992735,0.4323344472521642,-1,0.7788712883405324,-0.22112871165946757,0.65,0.65,4,1378,max_move_probability,0,reduced_trade_flow,fixed_common_0p65_0p65,test
20260709_194752,2504,test,-0.07957481584441872,0.7126141581358572,0.3466724257606768,0.6533275742393232,0.46557047930349704,-1,0.07957481584441872,-0.9204251841555813,0.65,0.65,5,2504,max_move_probability,0,reduced_trade_flow,fixed_common_0p65_0p65,test
20260709_200334,2576,test,-4.894642425778972,0.7581476378302828,0.3186456472730691,0.6813543527269309,0.516567193045304,-1,4.894642425778972,3.8946424257789722,0.65,0.65,6,2576,max_move_probability,0,reduced_trade_flow,fixed_common_0p65_0p65,test
20260709_201919,1969,test,9.026592817524826,0.8247874604166315,0.2924616462216026,0.7075383537783975,0.5835687619602486,-1,-9.026592817524826,-10.026592817524826,0.65,0.65,7,1965,max_move_probability,4,reduced_trade_flow,fixed_common_0p65_0p65,test
20260709_201919,2044,test,-1.3448164839691135,0.9495925945327888,0.3053242465992747,0.6946757534007253,0.6596589510308145,-1,1.3448164839691135,0.34481648396911346,0.65,0.65,8,2044,max_move_probability,0,reduced_trade_flow,fixed_common_0p65_0p65,test
20260709_201919,2224,test,-4.259237121547743,0.8337410935818922,0.31501240333426617,0.6849875966657338,0.571102307934121,-1,4.259237121547743,3.259237121547743,0.65,0.65,9,2182,max_move_probability,42,reduced_trade_flow,fixed_common_0p65_0p65,test
20260709_202431,2480,test,-10.612189174773468,0.873969444481478,0.32847993942160925,0.6715200605783908,0.5868880143018645,-1,10.612189174773468,9.612189174773468,0.65,0.65,10,2480,max_move_probability,0,reduced_trade_flow,fixed_common_0p65_0p65,test
20260709_205559,962,test,-1.8070860061503158,0.7615044481379695,0.3007537388589722,0.6992462611410277,0.5324791382027368,-1,1.8070860061503158,0.8070860061503158,0.65,0.65,11,948,max_move_probability,14,reduced_trade_flow,fixed_common_0p65_0p65,test
20260709_211653,197,test,-3.4244148033468758,0.7000297163184607,0.3438160856538932,0.6561839143461068,0.45934823941244224,-1,3.4244148033468758,2.4244148033468758,0.65,0.65,12,197,max_move_probability,0,reduced_trade_flow,fixed_common_0p65_0p65,test
20260709_211653,634,test,-5.361011980626884,0.7966996207473563,0.3151022942337698,0.6848977057662302,0.5456577424346901,-1,5.361011980626884,4.361011980626884,0.65,0.65,13,634,max_move_probability,0,reduced_trade_flow,fixed_common_0p65_0p65,test
20260709_212207,2118,test,0.6868279967053859,0.6730750825927507,0.29327645060100604,0.706723549398994,0.4756780113819698,-1,-0.6868279967053859,-1.6868279967053859,0.65,0.65,14,2118,max_move_probability,0,reduced_trade_flow,fixed_common_0p65_0p65,test
20260709_212207,2254,test,0.20768780369495587,0.6622736015901346,0.30851283994439077,0.6914871600556092,0.45795369194336216,-1,-0.20768780369495587,-1.2076878036949559,0.65,0.65,15,2254,max_move_probability,0,reduced_trade_flow,fixed_common_0p65_0p65,test
20260709_212722,1551,test,-2.9354683547744287,0.7048688158952645,0.28660070736208476,0.7133992926379152,0.5028529146622066,-1,2.9354683547744287,1.9354683547744287,0.65,0.65,16,1551,max_move_probability,0,reduced_trade_flow,fixed_common_0p65_0p65,test
20260709_190039,210,test,-0.5553964300708536,0.6767926635306781,0.32860501465524256,0.6713949853447574,0.45439520041261894,-1,0.5553964300708536,-0.4446035699291464,0.65,0.65,0,195,max_joint_confidence,15,reduced_trade_flow,fixed_common_0p65_0p65,test
20260709_190555,1213,test,3.9102393432077776,0.6978376816882229,0.6553252056900416,0.6553252056900416,0.45731062229059644,1,3.9102393432077776,2.9102393432077776,0.65,0.65,1,1213,max_joint_confidence,0,reduced_trade_flow,fixed_common_0p65_0p65,test
20260709_190555,2522,test,1.336520829438026,0.6724108244461797,0.32358341613977737,0.6764165838602226,0.45482983282252076,-1,-1.336520829438026,-2.336520829438026,0.65,0.65,2,2522,max_joint_confidence,0,reduced_trade_flow,fixed_common_0p65_0p65,test
20260709_192139,1567,test,-0.047851659854547535,0.7012129597143673,0.3478276676635618,0.6521723323364381,0.4573116914014557,-1,0.047851659854547535,-0.9521483401454525,0.65,0.65,3,1550,max_joint_confidence,17,reduced_trade_flow,fixed_common_0p65_0p65,test
20260709_193725,1378,test,-0.7788712883405324,0.6518397708635387,0.33674736250072645,0.6632526374992735,0.4323344472521642,-1,0.7788712883405324,-0.22112871165946757,0.65,0.65,4,1378,max_joint_confidence,0,reduced_trade_flow,fixed_common_0p65_0p65,test
20260709_194752,2504,test,-0.07957481584441872,0.7126141581358572,0.3466724257606768,0.6533275742393232,0.46557047930349704,-1,0.07957481584441872,-0.9204251841555813,0.65,0.65,5,2504,max_joint_confidence,0,reduced_trade_flow,fixed_common_0p65_0p65,test
20260709_200334,2576,test,-4.894642425778972,0.7581476378302828,0.3186456472730691,0.6813543527269309,0.516567193045304,-1,4.894642425778972,3.8946424257789722,0.65,0.65,6,2576,max_joint_confidence,0,reduced_trade_flow,fixed_common_0p65_0p65,test
20260709_201919,1969,test,9.026592817524826,0.8247874604166315,0.2924616462216026,0.7075383537783975,0.5835687619602486,-1,-9.026592817524826,-10.026592817524826,0.65,0.65,7,1965,max_joint_confidence,4,reduced_trade_flow,fixed_common_0p65_0p65,test
20260709_201919,2044,test,-1.3448164839691135,0.9495925945327888,0.3053242465992747,0.6946757534007253,0.6596589510308145,-1,1.3448164839691135,0.34481648396911346,0.65,0.65,8,2044,max_joint_confidence,0,reduced_trade_flow,fixed_common_0p65_0p65,test
20260709_201919,2224,test,-4.259237121547743,0.8337410935818922,0.31501240333426617,0.6849875966657338,0.571102307934121,-1,4.259237121547743,3.259237121547743,0.65,0.65,9,2182,max_joint_confidence,42,reduced_trade_flow,fixed_common_0p65_0p65,test
20260709_202431,2494,test,-0.6117850457487695,0.8410481610391667,0.2930173176621036,0.7069826823378964,0.5946064848668251,-1,0.6117850457487695,-0.38821495425123054,0.65,0.65,10,2480,max_joint_confidence,14,reduced_trade_flow,fixed_common_0p65_0p65,test
20260709_205559,962,test,-1.8070860061503158,0.7615044481379695,0.3007537388589722,0.6992462611410277,0.5324791382027368,-1,1.8070860061503158,0.8070860061503158,0.65,0.65,11,948,max_joint_confidence,14,reduced_trade_flow,fixed_common_0p65_0p65,test
20260709_211653,197,test,-3.4244148033468758,0.7000297163184607,0.3438160856538932,0.6561839143461068,0.45934823941244224,-1,3.4244148033468758,2.4244148033468758,0.65,0.65,12,197,max_joint_confidence,0,reduced_trade_flow,fixed_common_0p65_0p65,test
20260709_211653,634,test,-5.361011980626884,0.7966996207473563,0.3151022942337698,0.6848977057662302,0.5456577424346901,-1,5.361011980626884,4.361011980626884,0.65,0.65,13,634,max_joint_confidence,0,reduced_trade_flow,fixed_common_0p65_0p65,test
20260709_212207,2118,test,0.6868279967053859,0.6730750825927507,0.29327645060100604,0.706723549398994,0.4756780113819698,-1,-0.6868279967053859,-1.6868279967053859,0.65,0.65,14,2118,max_joint_confidence,0,reduced_trade_flow,fixed_common_0p65_0p65,test
20260709_212207,2254,test,0.20768780369495587,0.6622736015901346,0.30851283994439077,0.6914871600556092,0.45795369194336216,-1,-0.20768780369495587,-1.2076878036949559,0.65,0.65,15,2254,max_joint_confidence,0,reduced_trade_flow,fixed_common_0p65_0p65,test
20260709_212722,1551,test,-2.9354683547744287,0.7048688158952645,0.28660070736208476,0.7133992926379152,0.5028529146622066,-1,2.9354683547744287,1.9354683547744287,0.65,0.65,16,1551,max_joint_confidence,0,reduced_trade_flow,fixed_common_0p65_0p65,test
