evaluation_method,model,algorithm,feature_set,threshold,role,n_features,run_name,row_in_run,event_time,target_horizon,target_label,signal,predicted_proba_up,future_mid_return_bps,signed_return_bps,is_correct_signal,is_positive_signed_return,cooldown_trade_id
cooldown_first_signal,hist_gradient_boosting_dynamic_full,hist_gradient_boosting,dynamic_full,0.85,candidate_c,42,20260701_191230,11,1782915154832,50,up,up,0.9517334043657991,0.7864404283930426,0.7864404283930426,True,True,1
cooldown_first_signal,hist_gradient_boosting_dynamic_full,hist_gradient_boosting,dynamic_full,0.85,candidate_c,42,20260701_191230,62,1782915160038,50,up,up,0.9370572960112455,0.7361842066733182,0.7361842066733182,True,True,2
cooldown_first_signal,hist_gradient_boosting_dynamic_full,hist_gradient_boosting,dynamic_full,0.85,candidate_c,42,20260701_191230,113,1782915165242,50,down,up,0.8888130540021137,-0.9703532002003357,-0.9703532002003357,False,False,3
cooldown_first_signal,hist_gradient_boosting_dynamic_full,hist_gradient_boosting,dynamic_full,0.85,candidate_c,42,20260701_191230,169,1782915170954,50,up,up,0.8771271128500426,1.9074533740570665,1.9074533740570665,True,True,4
cooldown_first_signal,hist_gradient_boosting_dynamic_full,hist_gradient_boosting,dynamic_full,0.85,candidate_c,42,20260701_191230,220,1782915176156,50,up,up,0.9514273232839751,1.4051534000958377,1.4051534000958377,True,True,5
cooldown_first_signal,hist_gradient_boosting_dynamic_full,hist_gradient_boosting,dynamic_full,0.85,candidate_c,42,20260701_191230,271,1782915181358,50,down,up,0.9413504958021064,-0.4014018961207011,-0.4014018961207011,False,False,6
cooldown_first_signal,hist_gradient_boosting_dynamic_full,hist_gradient_boosting,dynamic_full,0.85,candidate_c,42,20260701_191230,322,1782915186560,50,down,up,0.92297823453473,-2.6761200607816615,-2.6761200607816615,False,False,7
cooldown_first_signal,hist_gradient_boosting_dynamic_full,hist_gradient_boosting,dynamic_full,0.85,candidate_c,42,20260701_191230,376,1782915192068,50,up,up,0.9192505196767738,0.25095971176503085,0.25095971176503085,True,True,8
cooldown_first_signal,hist_gradient_boosting_dynamic_full,hist_gradient_boosting,dynamic_full,0.85,candidate_c,42,20260701_191230,427,1782915197270,50,up,up,0.8901884201142163,2.158199359063584,2.158199359063584,True,True,9
cooldown_first_signal,hist_gradient_boosting_dynamic_full,hist_gradient_boosting,dynamic_full,0.85,candidate_c,42,20260701_191230,478,1782915202472,50,up,up,0.8819759518598718,5.519783825194136,5.519783825194136,True,True,10
cooldown_first_signal,hist_gradient_boosting_dynamic_full,hist_gradient_boosting,dynamic_full,0.85,candidate_c,42,20260701_191230,529,1782915207674,50,up,up,0.920504664968669,5.934762747410449,5.934762747410449,True,True,11
cooldown_first_signal,hist_gradient_boosting_dynamic_full,hist_gradient_boosting,dynamic_full,0.85,candidate_c,42,20260701_191230,580,1782915212876,50,up,up,0.9343283057341789,1.537110783083051,1.537110783083051,True,True,12
cooldown_first_signal,hist_gradient_boosting_dynamic_full,hist_gradient_boosting,dynamic_full,0.85,candidate_c,42,20260701_191230,633,1782915218282,50,up,up,0.8769499509194999,3.6746866703252223,3.6746866703252223,True,True,13
cooldown_first_signal,hist_gradient_boosting_dynamic_full,hist_gradient_boosting,dynamic_full,0.85,candidate_c,42,20260701_191230,684,1782915223484,50,down,up,0.9444177874213526,-1.3190618631664375,-1.3190618631664375,False,False,14
cooldown_first_signal,hist_gradient_boosting_dynamic_full,hist_gradient_boosting,dynamic_full,0.85,candidate_c,42,20260701_191230,735,1782915228686,50,down,up,0.8975134199297528,-0.05844476802407961,-0.05844476802407961,False,False,15
cooldown_first_signal,hist_gradient_boosting_dynamic_full,hist_gradient_boosting,dynamic_full,0.85,candidate_c,42,20260701_191230,786,1782915233888,50,up,up,0.9495768912234364,2.2542887844112514,2.2542887844112514,True,True,16
cooldown_first_signal,hist_gradient_boosting_dynamic_full,hist_gradient_boosting,dynamic_full,0.85,candidate_c,42,20260701_191230,837,1782915239090,50,down,up,0.907163606384,-3.3055450518237883,-3.3055450518237883,False,False,17
cooldown_first_signal,hist_gradient_boosting_dynamic_full,hist_gradient_boosting,dynamic_full,0.85,candidate_c,42,20260701_191230,888,1782915244292,50,up,up,0.9001132168207395,3.8575898079473703,3.8575898079473703,True,True,18
cooldown_first_signal,hist_gradient_boosting_dynamic_full,hist_gradient_boosting,dynamic_full,0.85,candidate_c,42,20260701_191230,939,1782915249494,50,down,up,0.9359102920896762,-2.9211628231118336,-2.9211628231118336,False,False,19
cooldown_first_signal,hist_gradient_boosting_dynamic_full,hist_gradient_boosting,dynamic_full,0.85,candidate_c,42,20260701_191230,990,1782915254698,50,up,up,0.9177346158648023,1.8701279618360545,1.8701279618360545,True,True,20
cooldown_first_signal,hist_gradient_boosting_dynamic_full,hist_gradient_boosting,dynamic_full,0.85,candidate_c,42,20260701_191230,1041,1782915259900,50,up,up,0.9276806591733788,7.31263257276904,7.31263257276904,True,True,21
cooldown_first_signal,hist_gradient_boosting_dynamic_full,hist_gradient_boosting,dynamic_full,0.85,candidate_c,42,20260701_191230,1092,1782915265102,50,down,up,0.8731003956441896,-1.1845148869327193,-1.1845148869327193,False,False,22
cooldown_first_signal,hist_gradient_boosting_dynamic_full,hist_gradient_boosting,dynamic_full,0.85,candidate_c,42,20260701_191230,1143,1782915270304,50,down,up,0.9208687102699699,-0.9010219090144211,-0.9010219090144211,False,False,23
cooldown_first_signal,hist_gradient_boosting_dynamic_full,hist_gradient_boosting,dynamic_full,0.85,candidate_c,42,20260701_191230,1194,1782915275506,50,up,up,0.9415635979420585,3.7543268617090675,3.7543268617090675,True,True,24
cooldown_first_signal,hist_gradient_boosting_dynamic_full,hist_gradient_boosting,dynamic_full,0.85,candidate_c,42,20260701_191230,1245,1782915280708,50,down,up,0.9296222349668083,-4.253299851801895,-4.253299851801895,False,False,25
cooldown_first_signal,hist_gradient_boosting_dynamic_full,hist_gradient_boosting,dynamic_full,0.85,candidate_c,42,20260701_191230,1296,1782915285910,50,down,up,0.9296959417269766,-1.03457568630283,-1.03457568630283,False,False,26
cooldown_first_signal,hist_gradient_boosting_dynamic_full,hist_gradient_boosting,dynamic_full,0.85,candidate_c,42,20260701_191230,1347,1782915291112,50,up,up,0.8786982313827713,4.3891819182384495,4.3891819182384495,True,True,27
cooldown_first_signal,hist_gradient_boosting_dynamic_full,hist_gradient_boosting,dynamic_full,0.85,candidate_c,42,20260701_191230,1398,1782915296314,50,up,up,0.9253255228538388,0.38367640398551117,0.38367640398551117,True,True,28
cooldown_first_signal,hist_gradient_boosting_dynamic_full,hist_gradient_boosting,dynamic_full,0.85,candidate_c,42,20260701_191230,1449,1782915301516,50,down,up,0.9039337192847138,-4.7707496332272115,-4.7707496332272115,False,False,29
cooldown_first_signal,hist_gradient_boosting_dynamic_full,hist_gradient_boosting,dynamic_full,0.85,candidate_c,42,20260701_191230,1500,1782915306718,50,down,up,0.8696909341949559,-4.272359585816288,-4.272359585816288,False,False,30
cooldown_first_signal,hist_gradient_boosting_dynamic_full,hist_gradient_boosting,dynamic_full,0.85,candidate_c,42,20260701_191230,1551,1782915311920,50,up,up,0.9292480828704489,9.758834082289614,9.758834082289614,True,True,31
cooldown_first_signal,hist_gradient_boosting_dynamic_full,hist_gradient_boosting,dynamic_full,0.85,candidate_c,42,20260701_191230,1602,1782915317122,50,up,up,0.9254813836274471,0.4669908361387698,0.4669908361387698,True,True,32
cooldown_first_signal,hist_gradient_boosting_dynamic_full,hist_gradient_boosting,dynamic_full,0.85,candidate_c,42,20260701_191230,1653,1782915322326,50,up,up,0.9420198082002336,3.6358208407594184,3.6358208407594184,True,True,33
cooldown_first_signal,hist_gradient_boosting_dynamic_full,hist_gradient_boosting,dynamic_full,0.85,candidate_c,42,20260701_191230,1704,1782915327528,50,down,up,0.9313438589482144,-11.17054843224663,-11.17054843224663,False,False,34
cooldown_first_signal,hist_gradient_boosting_dynamic_full,hist_gradient_boosting,dynamic_full,0.85,candidate_c,42,20260701_191230,1757,1782915332934,50,up,up,0.8897508723356581,0.6342736440090313,0.6342736440090313,True,True,35
cooldown_first_signal,hist_gradient_boosting_dynamic_full,hist_gradient_boosting,dynamic_full,0.85,candidate_c,42,20260701_191230,1809,1782915338238,50,up,up,0.8708517645281252,6.008787852234132,6.008787852234132,True,True,36
cooldown_first_signal,hist_gradient_boosting_dynamic_full,hist_gradient_boosting,dynamic_full,0.85,candidate_c,42,20260701_191230,1860,1782915343442,50,down,up,0.905538929279244,-2.9025034091911817,-2.9025034091911817,False,False,37
cooldown_first_signal,hist_gradient_boosting_dynamic_full,hist_gradient_boosting,dynamic_full,0.85,candidate_c,42,20260701_191230,1919,1782915349460,50,down,up,0.9381115402464058,-3.103949776089854,-3.103949776089854,False,False,38
cooldown_first_signal,hist_gradient_boosting_dynamic_full,hist_gradient_boosting,dynamic_full,0.85,candidate_c,42,20260701_191230,1970,1782915354662,50,down,up,0.8936656014866038,-4.92445962402166,-4.92445962402166,False,False,39
cooldown_first_signal,hist_gradient_boosting_dynamic_full,hist_gradient_boosting,dynamic_full,0.85,candidate_c,42,20260701_191230,2021,1782915359864,50,down,up,0.8874533273929325,-2.0041569555517835,-2.0041569555517835,False,False,40
cooldown_first_signal,hist_gradient_boosting_dynamic_full,hist_gradient_boosting,dynamic_full,0.85,candidate_c,42,20260701_191230,2072,1782915365066,50,down,up,0.9257507077407015,-0.28397914924926937,-0.28397914924926937,False,False,41
cooldown_first_signal,hist_gradient_boosting_dynamic_full,hist_gradient_boosting,dynamic_full,0.85,candidate_c,42,20260701_191230,2123,1782915370270,50,up,up,0.9478797533249286,1.2361796369475542,1.2361796369475542,True,True,42
cooldown_first_signal,hist_gradient_boosting_dynamic_full,hist_gradient_boosting,dynamic_full,0.85,candidate_c,42,20260701_191230,2174,1782915375472,50,up,up,0.9482727384245245,4.092251030369809,4.092251030369809,True,True,43
cooldown_first_signal,hist_gradient_boosting_dynamic_full,hist_gradient_boosting,dynamic_full,0.85,candidate_c,42,20260701_191230,2225,1782915380674,50,up,up,0.922857007773126,2.888689445013082,2.888689445013082,True,True,44
cooldown_first_signal,hist_gradient_boosting_dynamic_full,hist_gradient_boosting,dynamic_full,0.85,candidate_c,42,20260701_191230,2276,1782915385876,50,down,up,0.9304881183754699,-6.944206803821684,-6.944206803821684,False,False,45
cooldown_first_signal,hist_gradient_boosting_dynamic_full,hist_gradient_boosting,dynamic_full,0.85,candidate_c,42,20260701_191230,2328,1782915391180,50,up,up,0.8839761110505289,0.06681973955258158,0.06681973955258158,True,True,46
cooldown_first_signal,hist_gradient_boosting_dynamic_full,hist_gradient_boosting,dynamic_full,0.85,candidate_c,42,20260701_191230,2379,1782915396382,50,down,up,0.9339339966538966,-0.10022893960237589,-0.10022893960237589,False,False,47
cooldown_first_signal,hist_gradient_boosting_dynamic_full,hist_gradient_boosting,dynamic_full,0.85,candidate_c,42,20260701_191230,2430,1782915401584,50,up,up,0.957251303512532,4.476937507464918,4.476937507464918,True,True,48
cooldown_first_signal,hist_gradient_boosting_dynamic_full,hist_gradient_boosting,dynamic_full,0.85,candidate_c,42,20260701_191230,2481,1782915406786,50,up,up,0.9153920509935178,0.40074036782966616,0.40074036782966616,True,True,49
cooldown_first_signal,hist_gradient_boosting_dynamic_full,hist_gradient_boosting,dynamic_full,0.85,candidate_c,42,20260701_191230,2532,1782915411988,50,up,up,0.930009365154643,3.606404373099892,3.606404373099892,True,True,50
cooldown_first_signal,hist_gradient_boosting_dynamic_full,hist_gradient_boosting,dynamic_full,0.85,candidate_c,42,20260701_191230,2583,1782915417190,50,down,up,0.8804055907202484,-1.2350820036033383,-1.2350820036033383,False,False,51
cooldown_first_signal,hist_gradient_boosting_dynamic_full,hist_gradient_boosting,dynamic_full,0.85,candidate_c,42,20260701_191230,2637,1782915422698,50,up,up,0.9485131169913213,1.485619950039041,1.485619950039041,True,True,52
cooldown_first_signal,hist_gradient_boosting_dynamic_full,hist_gradient_boosting,dynamic_full,0.85,candidate_c,42,20260701_191230,2691,1782915428206,50,up,up,0.8906478292573561,9.28126145029795,9.28126145029795,True,True,53
cooldown_first_signal,hist_gradient_boosting_dynamic_full,hist_gradient_boosting,dynamic_full,0.85,candidate_c,42,20260701_191230,2742,1782915433408,50,down,up,0.8972476300584705,-4.745312648551936,-4.745312648551936,False,False,54
cooldown_first_signal,hist_gradient_boosting_dynamic_full,hist_gradient_boosting,dynamic_full,0.85,candidate_c,42,20260701_191230,2795,1782915438814,50,down,up,0.8516663827830888,-0.38381021752798006,-0.38381021752798006,False,False,55
cooldown_first_signal,hist_gradient_boosting_dynamic_full,hist_gradient_boosting,dynamic_full,0.85,candidate_c,42,20260701_191230,2846,1782915444018,50,up,up,0.9469984421240369,1.3683143451892477,1.3683143451892477,True,True,56
cooldown_first_signal,hist_gradient_boosting_dynamic_full,hist_gradient_boosting,dynamic_full,0.85,candidate_c,42,20260701_191745,13,1782915470336,50,up,up,0.8798116541134268,2.985719420769417,2.985719420769417,True,True,1
cooldown_first_signal,hist_gradient_boosting_dynamic_full,hist_gradient_boosting,dynamic_full,0.85,candidate_c,42,20260701_191745,64,1782915475538,50,up,up,0.9506816490966301,13.006514095810218,13.006514095810218,True,True,2
cooldown_first_signal,hist_gradient_boosting_dynamic_full,hist_gradient_boosting,dynamic_full,0.85,candidate_c,42,20260701_191745,115,1782915480740,50,down,up,0.9316242278884858,-2.0483630165557543,-2.0483630165557543,False,False,3
cooldown_first_signal,hist_gradient_boosting_dynamic_full,hist_gradient_boosting,dynamic_full,0.85,candidate_c,42,20260701_191745,166,1782915485942,50,down,up,0.8922716570397904,-3.0981591770884442,-3.0981591770884442,False,False,4
cooldown_first_signal,hist_gradient_boosting_dynamic_full,hist_gradient_boosting,dynamic_full,0.85,candidate_c,42,20260701_191745,217,1782915491144,50,up,up,0.9311708564383966,1.4662500072892826,1.4662500072892826,True,True,5
cooldown_first_signal,hist_gradient_boosting_dynamic_full,hist_gradient_boosting,dynamic_full,0.85,candidate_c,42,20260701_191745,268,1782915496348,50,down,up,0.9332738003329526,-4.014936898019128,-4.014936898019128,False,False,6
cooldown_first_signal,hist_gradient_boosting_dynamic_full,hist_gradient_boosting,dynamic_full,0.85,candidate_c,42,20260701_191745,319,1782915501550,50,up,up,0.9024520594058146,3.9998833367360653,3.9998833367360653,True,True,7
cooldown_first_signal,hist_gradient_boosting_dynamic_full,hist_gradient_boosting,dynamic_full,0.85,candidate_c,42,20260701_191745,370,1782915506752,50,up,up,0.9488876940584234,5.622586973090815,5.622586973090815,True,True,8
cooldown_first_signal,hist_gradient_boosting_dynamic_full,hist_gradient_boosting,dynamic_full,0.85,candidate_c,42,20260701_191745,421,1782915511954,50,down,up,0.9426875092066189,-1.1821816913359928,-1.1821816913359928,False,False,9
cooldown_first_signal,hist_gradient_boosting_dynamic_full,hist_gradient_boosting,dynamic_full,0.85,candidate_c,42,20260701_191745,472,1782915517156,50,down,up,0.9635901259713262,-1.8484180622080348,-1.8484180622080348,False,False,10
cooldown_first_signal,hist_gradient_boosting_dynamic_full,hist_gradient_boosting,dynamic_full,0.85,candidate_c,42,20260701_191745,523,1782915522358,50,down,up,0.9557171282758701,-11.042592261025774,-11.042592261025774,False,False,11
cooldown_first_signal,hist_gradient_boosting_dynamic_full,hist_gradient_boosting,dynamic_full,0.85,candidate_c,42,20260701_191745,574,1782915527562,50,up,up,0.8804369962144493,7.169779545952437,7.169779545952437,True,True,12
cooldown_first_signal,hist_gradient_boosting_dynamic_full,hist_gradient_boosting,dynamic_full,0.85,candidate_c,42,20260701_191745,625,1782915532764,50,down,up,0.9562331426796523,-0.3998870319121828,-0.3998870319121828,False,False,13
cooldown_first_signal,hist_gradient_boosting_dynamic_full,hist_gradient_boosting,dynamic_full,0.85,candidate_c,42,20260701_191745,676,1782915537966,50,down,up,0.8856466965244991,-6.21515949049023,-6.21515949049023,False,False,14
cooldown_first_signal,hist_gradient_boosting_dynamic_full,hist_gradient_boosting,dynamic_full,0.85,candidate_c,42,20260701_191745,731,1782915543576,50,down,up,0.8773359005746822,-0.23343935370623292,-0.23343935370623292,False,False,15
cooldown_first_signal,hist_gradient_boosting_dynamic_full,hist_gradient_boosting,dynamic_full,0.85,candidate_c,42,20260701_191745,784,1782915548982,50,down,up,0.9391105322249004,-1.2004771896834132,-1.2004771896834132,False,False,16
cooldown_first_signal,hist_gradient_boosting_dynamic_full,hist_gradient_boosting,dynamic_full,0.85,candidate_c,42,20260701_191745,835,1782915554184,50,up,up,0.9184318411467001,2.2344896817427795,2.2344896817427795,True,True,17
cooldown_first_signal,hist_gradient_boosting_dynamic_full,hist_gradient_boosting,dynamic_full,0.85,candidate_c,42,20260701_191745,888,1782915559590,50,up,up,0.9168892304959475,2.8675101925834667,2.8675101925834667,True,True,18
cooldown_first_signal,hist_gradient_boosting_dynamic_full,hist_gradient_boosting,dynamic_full,0.85,candidate_c,42,20260701_191745,939,1782915564794,50,down,up,0.9442913748269379,-2.1000157501194217,-2.1000157501194217,False,False,19
cooldown_first_signal,hist_gradient_boosting_dynamic_full,hist_gradient_boosting,dynamic_full,0.85,candidate_c,42,20260701_191745,997,1782915570712,50,up,up,0.85058856930664,0.8503805452941826,0.8503805452941826,True,True,20
cooldown_first_signal,hist_gradient_boosting_dynamic_full,hist_gradient_boosting,dynamic_full,0.85,candidate_c,42,20260701_191745,1048,1782915575916,50,down,up,0.9197213163792443,-0.4001450525814576,-0.4001450525814576,False,False,21
cooldown_first_signal,hist_gradient_boosting_dynamic_full,hist_gradient_boosting,dynamic_full,0.85,candidate_c,42,20260701_191745,1099,1782915581120,50,up,up,0.9302560195846619,3.3180021625378586,3.3180021625378586,True,True,22
cooldown_first_signal,hist_gradient_boosting_dynamic_full,hist_gradient_boosting,dynamic_full,0.85,candidate_c,42,20260701_191745,1151,1782915586424,50,up,up,0.9089100044912078,2.7168998672388867,2.7168998672388867,True,True,23
cooldown_first_signal,hist_gradient_boosting_dynamic_full,hist_gradient_boosting,dynamic_full,0.85,candidate_c,42,20260701_191745,1202,1782915591626,50,down,up,0.9044595473102452,-1.8496562722092325,-1.8496562722092325,False,False,24
cooldown_first_signal,hist_gradient_boosting_dynamic_full,hist_gradient_boosting,dynamic_full,0.85,candidate_c,42,20260701_191745,1254,1782915596932,50,down,up,0.8584637591638823,-3.3333305555582893,-3.3333305555582893,False,False,25
cooldown_first_signal,hist_gradient_boosting_dynamic_full,hist_gradient_boosting,dynamic_full,0.85,candidate_c,42,20260701_191745,1305,1782915602134,50,up,up,0.8821748174455919,9.019665705514157,9.019665705514157,True,True,26
cooldown_first_signal,hist_gradient_boosting_dynamic_full,hist_gradient_boosting,dynamic_full,0.85,candidate_c,42,20260701_191745,1356,1782915607336,50,up,up,0.9434221648316908,0.1665701947617393,0.1665701947617393,True,True,27
cooldown_first_signal,hist_gradient_boosting_dynamic_full,hist_gradient_boosting,dynamic_full,0.85,candidate_c,42,20260701_191745,1407,1782915612538,50,up,up,0.9150067330048935,0.9660910374242881,0.9660910374242881,True,True,28
cooldown_first_signal,hist_gradient_boosting_dynamic_full,hist_gradient_boosting,dynamic_full,0.85,candidate_c,42,20260701_191745,1458,1782915617742,50,up,up,0.8811552574324529,2.231787820266007,2.231787820266007,True,True,29
cooldown_first_signal,hist_gradient_boosting_dynamic_full,hist_gradient_boosting,dynamic_full,0.85,candidate_c,42,20260701_191745,1509,1782915622946,50,down,up,0.9547562176016912,-2.4644096781356595,-2.4644096781356595,False,False,30
cooldown_first_signal,hist_gradient_boosting_dynamic_full,hist_gradient_boosting,dynamic_full,0.85,candidate_c,42,20260701_191745,1566,1782915628772,50,up,up,0.9078424624701137,2.098739007645456,2.098739007645456,True,True,31
cooldown_first_signal,hist_gradient_boosting_dynamic_full,hist_gradient_boosting,dynamic_full,0.85,candidate_c,42,20260701_191745,1617,1782915633974,50,up,up,0.9347078061895303,2.697812523677623,2.697812523677623,True,True,32
cooldown_first_signal,hist_gradient_boosting_dynamic_full,hist_gradient_boosting,dynamic_full,0.85,candidate_c,42,20260701_191745,1669,1782915639280,50,down,up,0.9237382886265075,-1.6982748358118638,-1.6982748358118638,False,False,33
cooldown_first_signal,hist_gradient_boosting_dynamic_full,hist_gradient_boosting,dynamic_full,0.85,candidate_c,42,20260701_191745,1720,1782915644482,50,down,up,0.911481595610892,-3.447084341160478,-3.447084341160478,False,False,34
cooldown_first_signal,hist_gradient_boosting_dynamic_full,hist_gradient_boosting,dynamic_full,0.85,candidate_c,42,20260701_191745,1786,1782915651214,50,down,up,0.943975673065037,-5.445829402315194,-5.445829402315194,False,False,35
cooldown_first_signal,hist_gradient_boosting_dynamic_full,hist_gradient_boosting,dynamic_full,0.85,candidate_c,42,20260701_191745,1859,1782915658660,50,down,up,0.8799334661964339,-1.233200764250153,-1.233200764250153,False,False,36
cooldown_first_signal,hist_gradient_boosting_dynamic_full,hist_gradient_boosting,dynamic_full,0.85,candidate_c,42,20260701_191745,1910,1782915663862,50,down,up,0.880730502571697,-0.48334098623259436,-0.48334098623259436,False,False,37
cooldown_first_signal,hist_gradient_boosting_dynamic_full,hist_gradient_boosting,dynamic_full,0.85,candidate_c,42,20260701_191745,1961,1782915669066,50,down,up,0.9026018179633888,-1.066735115503592,-1.066735115503592,False,False,38
cooldown_first_signal,hist_gradient_boosting_dynamic_full,hist_gradient_boosting,dynamic_full,0.85,candidate_c,42,20260701_191745,2012,1782915674270,50,down,up,0.9323213995274342,-1.6169428944101671,-1.6169428944101671,False,False,39
cooldown_first_signal,hist_gradient_boosting_dynamic_full,hist_gradient_boosting,dynamic_full,0.85,candidate_c,42,20260701_191745,2072,1782915680390,50,down,up,0.8525877846356024,-3.301097614957227,-3.301097614957227,False,False,40
cooldown_first_signal,hist_gradient_boosting_dynamic_full,hist_gradient_boosting,dynamic_full,0.85,candidate_c,42,20260701_191745,2126,1782915685898,50,up,up,0.8589015141011224,3.885920708870394,3.885920708870394,True,True,41
cooldown_first_signal,hist_gradient_boosting_dynamic_full,hist_gradient_boosting,dynamic_full,0.85,candidate_c,42,20260701_191745,2177,1782915691100,50,up,up,0.9412482822278814,2.767434629775689,2.767434629775689,True,True,42
cooldown_first_signal,hist_gradient_boosting_dynamic_full,hist_gradient_boosting,dynamic_full,0.85,candidate_c,42,20260701_191745,2228,1782915696301,50,up,up,0.938988128069662,1.683057031469648,1.683057031469648,True,True,43
cooldown_first_signal,hist_gradient_boosting_dynamic_full,hist_gradient_boosting,dynamic_full,0.85,candidate_c,42,20260701_191745,2279,1782915701505,50,down,up,0.9523970796077117,-2.932358324190254,-2.932358324190254,False,False,44
cooldown_first_signal,hist_gradient_boosting_dynamic_full,hist_gradient_boosting,dynamic_full,0.85,candidate_c,42,20260701_191745,2330,1782915706707,50,up,up,0.8532560673678883,2.9332184489438973,2.9332184489438973,True,True,45
cooldown_first_signal,hist_gradient_boosting_dynamic_full,hist_gradient_boosting,dynamic_full,0.85,candidate_c,42,20260701_191745,2381,1782915711909,50,up,up,0.9296851847147782,0.7164272605564292,0.7164272605564292,True,True,46
cooldown_first_signal,hist_gradient_boosting_dynamic_full,hist_gradient_boosting,dynamic_full,0.85,candidate_c,42,20260701_191745,2432,1782915717125,50,down,up,0.9528207038794584,-2.51564573377272,-2.51564573377272,False,False,47
cooldown_first_signal,hist_gradient_boosting_dynamic_full,hist_gradient_boosting,dynamic_full,0.85,candidate_c,42,20260701_191745,2503,1782915724369,50,up,up,0.8683966832207837,4.21814653307484,4.21814653307484,True,True,48
cooldown_first_signal,hist_gradient_boosting_dynamic_full,hist_gradient_boosting,dynamic_full,0.85,candidate_c,42,20260701_191745,2554,1782915729571,50,down,up,0.9306067722402346,-2.0831857743408566,-2.0831857743408566,False,False,49
cooldown_first_signal,hist_gradient_boosting_dynamic_full,hist_gradient_boosting,dynamic_full,0.85,candidate_c,42,20260701_191745,2606,1782915734875,50,up,up,0.9095130619998055,2.483608599952447,2.483608599952447,True,True,50
cooldown_first_signal,hist_gradient_boosting_dynamic_full,hist_gradient_boosting,dynamic_full,0.85,candidate_c,42,20260701_191745,2657,1782915740079,50,down,up,0.915060576018383,-0.8832118916990428,-0.8832118916990428,False,False,51
cooldown_first_signal,hist_gradient_boosting_dynamic_full,hist_gradient_boosting,dynamic_full,0.85,candidate_c,42,20260701_191745,2708,1782915745281,50,down,up,0.87612110666176,-6.233026876177883,-6.233026876177883,False,False,52
cooldown_first_signal,hist_gradient_boosting_dynamic_full,hist_gradient_boosting,dynamic_full,0.85,candidate_c,42,20260701_191745,2759,1782915750483,50,up,up,0.9253523358008868,1.2173656374359076,1.2173656374359076,True,True,53
cooldown_first_signal,hist_gradient_boosting_dynamic_full,hist_gradient_boosting,dynamic_full,0.85,candidate_c,42,20260701_191745,2810,1782915755685,50,up,up,0.9086355788032477,1.8008148687287395,1.8008148687287395,True,True,54
cooldown_first_signal,hist_gradient_boosting_dynamic_full,hist_gradient_boosting,dynamic_full,0.85,candidate_c,42,20260701_191745,2861,1782915760887,50,down,up,0.9318372670935856,-3.467611590826092,-3.467611590826092,False,False,55
cooldown_first_signal,hist_gradient_boosting_dynamic_full,hist_gradient_boosting,dynamic_full,0.85,candidate_c,42,20260701_192258,20,1782915783225,50,up,up,0.9414549364544418,1.100490635408402,1.100490635408402,True,True,1
cooldown_first_signal,hist_gradient_boosting_dynamic_full,hist_gradient_boosting,dynamic_full,0.85,candidate_c,42,20260701_192258,71,1782915788429,50,down,up,0.8952366345213568,-2.10070548692598,-2.10070548692598,False,False,2
cooldown_first_signal,hist_gradient_boosting_dynamic_full,hist_gradient_boosting,dynamic_full,0.85,candidate_c,42,20260701_192258,122,1782915793631,50,up,up,0.8811755833478297,1.617549579144839,1.617549579144839,True,True,3
cooldown_first_signal,hist_gradient_boosting_dynamic_full,hist_gradient_boosting,dynamic_full,0.85,candidate_c,42,20260701_192258,180,1782915799547,50,down,up,0.9411535551014572,-3.293294102836297,-3.293294102836297,False,False,4
cooldown_first_signal,hist_gradient_boosting_dynamic_full,hist_gradient_boosting,dynamic_full,0.85,candidate_c,42,20260701_192258,237,1782915805361,50,down,up,0.8932282067350485,-1.3344331286369027,-1.3344331286369027,False,False,5
cooldown_first_signal,hist_gradient_boosting_dynamic_full,hist_gradient_boosting,dynamic_full,0.85,candidate_c,42,20260701_192258,294,1782915811175,50,up,up,0.9011708519355595,1.8520295156765343,1.8520295156765343,True,True,6
cooldown_first_signal,hist_gradient_boosting_dynamic_full,hist_gradient_boosting,dynamic_full,0.85,candidate_c,42,20260701_192258,345,1782915816377,50,down,up,0.9189986110306309,-1.3178670238811474,-1.3178670238811474,False,False,7
cooldown_first_signal,hist_gradient_boosting_dynamic_full,hist_gradient_boosting,dynamic_full,0.85,candidate_c,42,20260701_192258,396,1782915821579,50,up,up,0.9232146851619168,1.2346204251256765,1.2346204251256765,True,True,8
cooldown_first_signal,hist_gradient_boosting_dynamic_full,hist_gradient_boosting,dynamic_full,0.85,candidate_c,42,20260701_192258,460,1782915828107,50,down,up,0.8572137457064958,-1.3013479796153415,-1.3013479796153415,False,False,9
cooldown_first_signal,hist_gradient_boosting_dynamic_full,hist_gradient_boosting,dynamic_full,0.85,candidate_c,42,20260701_192258,536,1782915835861,50,up,up,0.8509684490024219,0.8176198751708164,0.8176198751708164,True,True,10
cooldown_first_signal,hist_gradient_boosting_dynamic_full,hist_gradient_boosting,dynamic_full,0.85,candidate_c,42,20260701_192258,587,1782915841063,50,down,up,0.893659946420803,-4.154504174942453,-4.154504174942453,False,False,11
cooldown_first_signal,hist_gradient_boosting_dynamic_full,hist_gradient_boosting,dynamic_full,0.85,candidate_c,42,20260701_192258,638,1782915846267,50,down,up,0.9293677231960199,-1.3353329944920667,-1.3353329944920667,False,False,12
cooldown_first_signal,hist_gradient_boosting_dynamic_full,hist_gradient_boosting,dynamic_full,0.85,candidate_c,42,20260701_192258,689,1782915851469,50,up,up,0.9295753208371705,1.7695525118877065,1.7695525118877065,True,True,13
cooldown_first_signal,hist_gradient_boosting_dynamic_full,hist_gradient_boosting,dynamic_full,0.85,candidate_c,42,20260701_192258,740,1782915856671,50,up,up,0.9181653844485417,2.8708413484612727,2.8708413484612727,True,True,14
cooldown_first_signal,hist_gradient_boosting_dynamic_full,hist_gradient_boosting,dynamic_full,0.85,candidate_c,42,20260701_192258,794,1782915862179,50,down,up,0.8654105146204378,-3.520777174017553,-3.520777174017553,False,False,15
cooldown_first_signal,hist_gradient_boosting_dynamic_full,hist_gradient_boosting,dynamic_full,0.85,candidate_c,42,20260701_192258,865,1782915869421,50,up,up,0.9341893350172756,1.6530291759631055,1.6530291759631055,True,True,16
cooldown_first_signal,hist_gradient_boosting_dynamic_full,hist_gradient_boosting,dynamic_full,0.85,candidate_c,42,20260701_192258,916,1782915874622,50,up,up,0.8736803341205,0.9849757804469839,0.9849757804469839,True,True,17
cooldown_first_signal,hist_gradient_boosting_dynamic_full,hist_gradient_boosting,dynamic_full,0.85,candidate_c,42,20260701_192258,967,1782915879824,50,down,up,0.93190234313976,-4.306758021127566,-4.306758021127566,False,False,18
cooldown_first_signal,hist_gradient_boosting_dynamic_full,hist_gradient_boosting,dynamic_full,0.85,candidate_c,42,20260701_192258,1025,1782915885740,50,up,up,0.8637207486100212,5.2443508403898775,5.2443508403898775,True,True,19
cooldown_first_signal,hist_gradient_boosting_dynamic_full,hist_gradient_boosting,dynamic_full,0.85,candidate_c,42,20260701_192258,1076,1782915890942,50,down,up,0.9116958965179361,-3.305213975044463,-3.305213975044463,False,False,20
cooldown_first_signal,hist_gradient_boosting_dynamic_full,hist_gradient_boosting,dynamic_full,0.85,candidate_c,42,20260701_192258,1127,1782915896144,50,up,up,0.8563301926109627,1.1354992982437473,1.1354992982437473,True,True,21
cooldown_first_signal,hist_gradient_boosting_dynamic_full,hist_gradient_boosting,dynamic_full,0.85,candidate_c,42,20260701_192258,1178,1782915901346,50,up,up,0.9240458997122214,4.792066875212164,4.792066875212164,True,True,22
cooldown_first_signal,hist_gradient_boosting_dynamic_full,hist_gradient_boosting,dynamic_full,0.85,candidate_c,42,20260701_192258,1229,1782915906548,50,down,up,0.9540122120996337,-0.6175183273593454,-0.6175183273593454,False,False,23
cooldown_first_signal,hist_gradient_boosting_dynamic_full,hist_gradient_boosting,dynamic_full,0.85,candidate_c,42,20260701_192258,1280,1782915911750,50,up,up,0.9184095740182578,3.4382873323313135,3.4382873323313135,True,True,24
cooldown_first_signal,hist_gradient_boosting_dynamic_full,hist_gradient_boosting,dynamic_full,0.85,candidate_c,42,20260701_192258,1331,1782915916952,50,up,up,0.915752750283506,1.7852926920625123,1.7852926920625123,True,True,25
cooldown_first_signal,hist_gradient_boosting_dynamic_full,hist_gradient_boosting,dynamic_full,0.85,candidate_c,42,20260701_192258,1382,1782915922154,50,down,up,0.9133371382474655,-0.884146010874387,-0.884146010874387,False,False,26
cooldown_first_signal,hist_gradient_boosting_dynamic_full,hist_gradient_boosting,dynamic_full,0.85,candidate_c,42,20260701_192258,1433,1782915927360,50,down,up,0.8901178215046923,-2.502567216869922,-2.502567216869922,False,False,27
cooldown_first_signal,hist_gradient_boosting_dynamic_full,hist_gradient_boosting,dynamic_full,0.85,candidate_c,42,20260701_192258,1488,1782915932972,50,down,up,0.886035754598581,-1.2682847866729574,-1.2682847866729574,False,False,28
cooldown_first_signal,hist_gradient_boosting_dynamic_full,hist_gradient_boosting,dynamic_full,0.85,candidate_c,42,20260701_192258,1539,1782915938174,50,down,up,0.8858654923057985,-3.7719568361294087,-3.7719568361294087,False,False,29
cooldown_first_signal,hist_gradient_boosting_dynamic_full,hist_gradient_boosting,dynamic_full,0.85,candidate_c,42,20260701_192258,1597,1782915944090,50,up,up,0.911302332975184,1.1687499634760457,1.1687499634760457,True,True,30
cooldown_first_signal,hist_gradient_boosting_dynamic_full,hist_gradient_boosting,dynamic_full,0.85,candidate_c,42,20260701_192258,1648,1782915949292,50,up,up,0.8559515756076519,1.8864758877490395,1.8864758877490395,True,True,31
cooldown_first_signal,hist_gradient_boosting_dynamic_full,hist_gradient_boosting,dynamic_full,0.85,candidate_c,42,20260701_192258,1699,1782915954494,50,down,up,0.923877923797853,-3.2214263240593066,-3.2214263240593066,False,False,32
cooldown_first_signal,hist_gradient_boosting_dynamic_full,hist_gradient_boosting,dynamic_full,0.85,candidate_c,42,20260701_192258,1750,1782915959696,50,down,up,0.8905877121020614,-2.7883500397807293,-2.7883500397807293,False,False,33
cooldown_first_signal,hist_gradient_boosting_dynamic_full,hist_gradient_boosting,dynamic_full,0.85,candidate_c,42,20260701_192258,1801,1782915964900,50,down,up,0.8782197912884698,-0.734860004993898,-0.734860004993898,False,False,34
cooldown_first_signal,hist_gradient_boosting_dynamic_full,hist_gradient_boosting,dynamic_full,0.85,candidate_c,42,20260701_192258,1853,1782915970204,50,up,up,0.8533125993059485,0.5512250977801614,0.5512250977801614,True,True,35
cooldown_first_signal,hist_gradient_boosting_dynamic_full,hist_gradient_boosting,dynamic_full,0.85,candidate_c,42,20260701_192258,1904,1782915975406,50,up,up,0.8606885253787621,2.8561907935453767,2.8561907935453767,True,True,36
cooldown_first_signal,hist_gradient_boosting_dynamic_full,hist_gradient_boosting,dynamic_full,0.85,candidate_c,42,20260701_192258,1955,1782915980610,50,up,up,0.9193490915986924,3.3229220674568793,3.3229220674568793,True,True,37
cooldown_first_signal,hist_gradient_boosting_dynamic_full,hist_gradient_boosting,dynamic_full,0.85,candidate_c,42,20260701_192258,2006,1782915985812,50,down,up,0.9511510819398662,-3.655669333857414,-3.655669333857414,False,False,38
cooldown_first_signal,hist_gradient_boosting_dynamic_full,hist_gradient_boosting,dynamic_full,0.85,candidate_c,42,20260701_192258,2057,1782915991016,50,up,up,0.9302174873382795,1.6698658513258913,1.6698658513258913,True,True,39
cooldown_first_signal,hist_gradient_boosting_dynamic_full,hist_gradient_boosting,dynamic_full,0.85,candidate_c,42,20260701_192258,2108,1782915996218,50,down,up,0.9574703403599369,-0.5843554684403784,-0.5843554684403784,False,False,40
cooldown_first_signal,hist_gradient_boosting_dynamic_full,hist_gradient_boosting,dynamic_full,0.85,candidate_c,42,20260701_192258,2159,1782916001420,50,down,up,0.9372383169900954,-1.0352044654049486,-1.0352044654049486,False,False,41
cooldown_first_signal,hist_gradient_boosting_dynamic_full,hist_gradient_boosting,dynamic_full,0.85,candidate_c,42,20260701_192258,2210,1782916006622,50,down,up,0.9534018028994923,-0.4675600960823978,-0.4675600960823978,False,False,42
cooldown_first_signal,hist_gradient_boosting_dynamic_full,hist_gradient_boosting,dynamic_full,0.85,candidate_c,42,20260701_192258,2261,1782916011824,50,up,up,0.9525693277778131,0.8349677827679258,0.8349677827679258,True,True,43
cooldown_first_signal,hist_gradient_boosting_dynamic_full,hist_gradient_boosting,dynamic_full,0.85,candidate_c,42,20260701_192258,2312,1782916017026,50,down,up,0.9263680594738207,-0.2337714600120222,-0.2337714600120222,False,False,44
cooldown_first_signal,hist_gradient_boosting_dynamic_full,hist_gradient_boosting,dynamic_full,0.85,candidate_c,42,20260701_192258,2363,1782916022228,50,down,up,0.9164601080626905,-3.3563687096260786,-3.3563687096260786,False,False,45
cooldown_first_signal,hist_gradient_boosting_dynamic_full,hist_gradient_boosting,dynamic_full,0.85,candidate_c,42,20260701_192258,2414,1782916027430,50,down,up,0.9346671379179315,-1.46994832630587,-1.46994832630587,False,False,46
cooldown_first_signal,hist_gradient_boosting_dynamic_full,hist_gradient_boosting,dynamic_full,0.85,candidate_c,42,20260701_192258,2476,1782916033754,50,up,up,0.8566208569440475,3.709722564553264,3.709722564553264,True,True,47
cooldown_first_signal,hist_gradient_boosting_dynamic_full,hist_gradient_boosting,dynamic_full,0.85,candidate_c,42,20260701_192258,2527,1782916038956,50,down,up,0.8833424327377586,-2.037920352392364,-2.037920352392364,False,False,48
cooldown_first_signal,hist_gradient_boosting_dynamic_full,hist_gradient_boosting,dynamic_full,0.85,candidate_c,42,20260701_192258,2578,1782916044158,50,down,up,0.9309327890788591,-3.5086107154647106,-3.5086107154647106,False,False,49
cooldown_first_signal,hist_gradient_boosting_dynamic_full,hist_gradient_boosting,dynamic_full,0.85,candidate_c,42,20260701_192258,2629,1782916049360,50,down,up,0.9261570803744732,-2.2728469162391907,-2.2728469162391907,False,False,50
cooldown_first_signal,hist_gradient_boosting_dynamic_full,hist_gradient_boosting,dynamic_full,0.85,candidate_c,42,20260701_192258,2689,1782916055480,50,down,up,0.8726514469732982,-0.618450380639457,-0.618450380639457,False,False,51
cooldown_first_signal,hist_gradient_boosting_dynamic_full,hist_gradient_boosting,dynamic_full,0.85,candidate_c,42,20260701_192258,2751,1782916061804,50,down,up,0.91930671285752,-5.382549673661474,-5.382549673661474,False,False,52
cooldown_first_signal,hist_gradient_boosting_dynamic_full,hist_gradient_boosting,dynamic_full,0.85,candidate_c,42,20260701_192258,2802,1782916067006,50,down,up,0.9022629078680436,-0.8195247592646115,-0.8195247592646115,False,False,53
cooldown_first_signal,hist_gradient_boosting_dynamic_full,hist_gradient_boosting,dynamic_full,0.85,candidate_c,42,20260701_192258,2865,1782916073432,50,up,up,0.8664276701515092,4.398629567654577,4.398629567654577,True,True,54
cooldown_first_signal,hist_gradient_boosting_dynamic_full,hist_gradient_boosting,dynamic_full,0.85,candidate_c,42,20260701_192811,11,1782916095668,50,down,up,0.878989877068178,-0.9200039811085858,-0.9200039811085858,False,False,1
cooldown_first_signal,hist_gradient_boosting_dynamic_full,hist_gradient_boosting,dynamic_full,0.85,candidate_c,42,20260701_192811,69,1782916101584,50,up,up,0.9155976425223242,0.8196618476685735,0.8196618476685735,True,True,2
cooldown_first_signal,hist_gradient_boosting_dynamic_full,hist_gradient_boosting,dynamic_full,0.85,candidate_c,42,20260701_192811,130,1782916107806,50,down,up,0.8520998416016514,-0.16726421808610503,-0.16726421808610503,False,False,3
cooldown_first_signal,hist_gradient_boosting_dynamic_full,hist_gradient_boosting,dynamic_full,0.85,candidate_c,42,20260701_192811,181,1782916113010,50,up,up,0.9250163419884754,3.64642094584422,3.64642094584422,True,True,4
cooldown_first_signal,hist_gradient_boosting_dynamic_full,hist_gradient_boosting,dynamic_full,0.85,candidate_c,42,20260701_192811,232,1782916118212,50,down,up,0.9546265516678628,-2.959547005381147,-2.959547005381147,False,False,5
cooldown_first_signal,hist_gradient_boosting_dynamic_full,hist_gradient_boosting,dynamic_full,0.85,candidate_c,42,20260701_192811,286,1782916123720,50,up,up,0.8717882818971566,2.6929494068395066,2.6929494068395066,True,True,6
cooldown_first_signal,hist_gradient_boosting_dynamic_full,hist_gradient_boosting,dynamic_full,0.85,candidate_c,42,20260701_192811,337,1782916128922,50,down,up,0.9125887648702902,-2.8594433115358697,-2.8594433115358697,False,False,7
cooldown_first_signal,hist_gradient_boosting_dynamic_full,hist_gradient_boosting,dynamic_full,0.85,candidate_c,42,20260701_192811,389,1782916134226,50,down,up,0.8527277706100885,-1.0872337845357904,-1.0872337845357904,False,False,8
cooldown_first_signal,hist_gradient_boosting_dynamic_full,hist_gradient_boosting,dynamic_full,0.85,candidate_c,42,20260701_192811,441,1782916139530,50,up,up,0.8630211622275531,1.6226637614846773,1.6226637614846773,True,True,9
cooldown_first_signal,hist_gradient_boosting_dynamic_full,hist_gradient_boosting,dynamic_full,0.85,candidate_c,42,20260701_192811,493,1782916144836,50,down,up,0.9222059483034921,-0.11704012219060367,-0.11704012219060367,False,False,10
cooldown_first_signal,hist_gradient_boosting_dynamic_full,hist_gradient_boosting,dynamic_full,0.85,candidate_c,42,20260701_192811,544,1782916150038,50,down,up,0.908472005917661,-0.31768404983645304,-0.31768404983645304,False,False,11
cooldown_first_signal,hist_gradient_boosting_dynamic_full,hist_gradient_boosting,dynamic_full,0.85,candidate_c,42,20260701_192811,595,1782916155240,50,down,up,0.9618235111405058,-4.196906829504465,-4.196906829504465,False,False,12
cooldown_first_signal,hist_gradient_boosting_dynamic_full,hist_gradient_boosting,dynamic_full,0.85,candidate_c,42,20260701_192811,655,1782916161360,50,down,up,0.9229851257381614,-2.1913371924286995,-2.1913371924286995,False,False,13
cooldown_first_signal,hist_gradient_boosting_dynamic_full,hist_gradient_boosting,dynamic_full,0.85,candidate_c,42,20260701_192811,706,1782916166562,50,down,up,0.8790986868298747,-0.3680914874659713,-0.3680914874659713,False,False,14
cooldown_first_signal,hist_gradient_boosting_dynamic_full,hist_gradient_boosting,dynamic_full,0.85,candidate_c,42,20260701_192811,757,1782916171764,50,down,up,0.9544458196521267,-1.6397406198054298,-1.6397406198054298,False,False,15
cooldown_first_signal,hist_gradient_boosting_dynamic_full,hist_gradient_boosting,dynamic_full,0.85,candidate_c,42,20260701_192811,810,1782916177172,50,up,up,0.8511821736057686,1.2551093409429726,1.2551093409429726,True,True,16
cooldown_first_signal,hist_gradient_boosting_dynamic_full,hist_gradient_boosting,dynamic_full,0.85,candidate_c,42,20260701_192811,867,1782916182986,50,down,up,0.856043349765439,-0.8700999359967376,-0.8700999359967376,False,False,17
cooldown_first_signal,hist_gradient_boosting_dynamic_full,hist_gradient_boosting,dynamic_full,0.85,candidate_c,42,20260701_192811,918,1782916188188,50,up,up,0.9373886725136006,0.5522268547908382,0.5522268547908382,True,True,18
cooldown_first_signal,hist_gradient_boosting_dynamic_full,hist_gradient_boosting,dynamic_full,0.85,candidate_c,42,20260701_192811,971,1782916193593,50,down,up,0.9420444369303606,-1.6563507247358,-1.6563507247358,False,False,19
cooldown_first_signal,hist_gradient_boosting_dynamic_full,hist_gradient_boosting,dynamic_full,0.85,candidate_c,42,20260701_192811,1022,1782916198795,50,down,up,0.9113730782836236,-3.062246433863658,-3.062246433863658,False,False,20
cooldown_first_signal,hist_gradient_boosting_dynamic_full,hist_gradient_boosting,dynamic_full,0.85,candidate_c,42,20260701_192811,1075,1782916204201,50,up,up,0.8987991005599149,1.5232228717776408,1.5232228717776408,True,True,21
cooldown_first_signal,hist_gradient_boosting_dynamic_full,hist_gradient_boosting,dynamic_full,0.85,candidate_c,42,20260701_192811,1126,1782916209403,50,up,up,0.9504892541637375,3.8493176247711425,3.8493176247711425,True,True,22
cooldown_first_signal,hist_gradient_boosting_dynamic_full,hist_gradient_boosting,dynamic_full,0.85,candidate_c,42,20260701_192811,1177,1782916214605,50,up,up,0.9291728807110727,2.0912154729879617,2.0912154729879617,True,True,23
cooldown_first_signal,hist_gradient_boosting_dynamic_full,hist_gradient_boosting,dynamic_full,0.85,candidate_c,42,20260701_192811,1228,1782916219807,50,down,up,0.9444748424494179,-5.385277287426327,-5.385277287426327,False,False,24
cooldown_first_signal,hist_gradient_boosting_dynamic_full,hist_gradient_boosting,dynamic_full,0.85,candidate_c,42,20260701_192811,1300,1782916227153,50,up,up,0.9033551951832107,3.347703349962927,3.347703349962927,True,True,25
cooldown_first_signal,hist_gradient_boosting_dynamic_full,hist_gradient_boosting,dynamic_full,0.85,candidate_c,42,20260701_192811,1351,1782916232355,50,down,up,0.9626078513160273,-4.601174387018903,-4.601174387018903,False,False,26
cooldown_first_signal,hist_gradient_boosting_dynamic_full,hist_gradient_boosting,dynamic_full,0.85,candidate_c,42,20260701_192811,1402,1782916237557,50,down,up,0.9425780828192867,-1.523202474619234,-1.523202474619234,False,False,27
cooldown_first_signal,hist_gradient_boosting_dynamic_full,hist_gradient_boosting,dynamic_full,0.85,candidate_c,42,20260701_192811,1469,1782916244401,50,down,up,0.8730462591033051,-2.009610964437414,-2.009610964437414,False,False,28
cooldown_first_signal,hist_gradient_boosting_dynamic_full,hist_gradient_boosting,dynamic_full,0.85,candidate_c,42,20260701_192811,1520,1782916249603,50,down,up,0.9297048202235043,-3.433775452860166,-3.433775452860166,False,False,29
cooldown_first_signal,hist_gradient_boosting_dynamic_full,hist_gradient_boosting,dynamic_full,0.85,candidate_c,42,20260701_192811,1577,1782916255417,50,down,up,0.9231615904588037,-0.4188969438112533,-0.4188969438112533,False,False,30
cooldown_first_signal,hist_gradient_boosting_dynamic_full,hist_gradient_boosting,dynamic_full,0.85,candidate_c,42,20260701_192811,1628,1782916260619,50,up,up,0.9114907864656416,6.46803975665966,6.46803975665966,True,True,31
cooldown_first_signal,hist_gradient_boosting_dynamic_full,hist_gradient_boosting,dynamic_full,0.85,candidate_c,42,20260701_192811,1679,1782916265821,50,up,up,0.9390415325626007,0.8875246685802196,0.8875246685802196,True,True,32
cooldown_first_signal,hist_gradient_boosting_dynamic_full,hist_gradient_boosting,dynamic_full,0.85,candidate_c,42,20260701_192811,1731,1782916271125,50,down,up,0.9017397429141889,-3.733832963718209,-3.733832963718209,False,False,33
cooldown_first_signal,hist_gradient_boosting_dynamic_full,hist_gradient_boosting,dynamic_full,0.85,candidate_c,42,20260701_192811,1782,1782916276327,50,up,up,0.9636155378949807,1.0384937820195894,1.0384937820195894,True,True,34
cooldown_first_signal,hist_gradient_boosting_dynamic_full,hist_gradient_boosting,dynamic_full,0.85,candidate_c,42,20260701_192811,1834,1782916281631,50,down,up,0.9500064584182225,-1.2728601922196159,-1.2728601922196159,False,False,35
cooldown_first_signal,hist_gradient_boosting_dynamic_full,hist_gradient_boosting,dynamic_full,0.85,candidate_c,42,20260701_192811,1888,1782916287141,50,down,up,0.8856441277768375,-1.2897725226523882,-1.2897725226523882,False,False,36
cooldown_first_signal,hist_gradient_boosting_dynamic_full,hist_gradient_boosting,dynamic_full,0.85,candidate_c,42,20260701_192811,1939,1782916292343,50,down,up,0.9312890357463222,-2.948135429970966,-2.948135429970966,False,False,37
cooldown_first_signal,hist_gradient_boosting_dynamic_full,hist_gradient_boosting,dynamic_full,0.85,candidate_c,42,20260701_192811,2014,1782916299993,50,up,up,0.8557839228353609,0.06701621205751351,0.06701621205751351,True,True,38
cooldown_first_signal,hist_gradient_boosting_dynamic_full,hist_gradient_boosting,dynamic_full,0.85,candidate_c,42,20260701_192811,2065,1782916305195,50,up,up,0.9599102855264309,2.0942425920367214,2.0942425920367214,True,True,39
cooldown_first_signal,hist_gradient_boosting_dynamic_full,hist_gradient_boosting,dynamic_full,0.85,candidate_c,42,20260701_192811,2121,1782916310907,50,down,up,0.8842112477137756,-1.2060311608297347,-1.2060311608297347,False,False,40
cooldown_first_signal,hist_gradient_boosting_dynamic_full,hist_gradient_boosting,dynamic_full,0.85,candidate_c,42,20260701_192811,2172,1782916316109,50,up,up,0.9340671020180202,0.9548850326801528,0.9548850326801528,True,True,41
cooldown_first_signal,hist_gradient_boosting_dynamic_full,hist_gradient_boosting,dynamic_full,0.85,candidate_c,42,20260701_192811,2230,1782916322025,50,up,up,0.8960969968640744,0.016750432789702785,0.016750432789702785,True,True,42
cooldown_first_signal,hist_gradient_boosting_dynamic_full,hist_gradient_boosting,dynamic_full,0.85,candidate_c,42,20260701_192811,2322,1782916331409,50,up,up,0.8596775548755891,0.1340499419821839,0.1340499419821839,True,True,43
cooldown_first_signal,hist_gradient_boosting_dynamic_full,hist_gradient_boosting,dynamic_full,0.85,candidate_c,42,20260701_192811,2373,1782916336613,50,down,up,0.930206607955705,-1.306969414403003,-1.306969414403003,False,False,44
cooldown_first_signal,hist_gradient_boosting_dynamic_full,hist_gradient_boosting,dynamic_full,0.85,candidate_c,42,20260701_192811,2424,1782916341815,50,down,up,0.9356369105352375,-1.8098865050342194,-1.8098865050342194,False,False,45
cooldown_first_signal,hist_gradient_boosting_dynamic_full,hist_gradient_boosting,dynamic_full,0.85,candidate_c,42,20260701_192811,2475,1782916347017,50,up,up,0.88213284794962,4.072981799805309,4.072981799805309,True,True,46
cooldown_first_signal,hist_gradient_boosting_dynamic_full,hist_gradient_boosting,dynamic_full,0.85,candidate_c,42,20260701_192811,2526,1782916352219,50,down,up,0.9332738003329526,-0.016754417930808785,-0.016754417930808785,False,False,47
cooldown_first_signal,hist_gradient_boosting_dynamic_full,hist_gradient_boosting,dynamic_full,0.85,candidate_c,42,20260701_192811,2577,1782916357423,50,up,up,0.9563080008110038,0.01675444600168774,0.01675444600168774,True,True,48
cooldown_first_signal,hist_gradient_boosting_dynamic_full,hist_gradient_boosting,dynamic_full,0.85,candidate_c,42,20260701_192811,2628,1782916362625,50,up,up,0.9268661450628543,0.7371943889467047,0.7371943889467047,True,True,49
cooldown_first_signal,hist_gradient_boosting_dynamic_full,hist_gradient_boosting,dynamic_full,0.85,candidate_c,42,20260701_192811,2679,1782916367827,50,up,up,0.8750750165986467,0.6198999615492085,0.6198999615492085,True,True,50
cooldown_first_signal,hist_gradient_boosting_dynamic_full,hist_gradient_boosting,dynamic_full,0.85,candidate_c,42,20260701_192811,2765,1782916376599,50,up,up,0.9179502597516987,3.1836647835570275,3.1836647835570275,True,True,51
cooldown_first_signal,hist_gradient_boosting_dynamic_full,hist_gradient_boosting,dynamic_full,0.85,candidate_c,42,20260701_192811,2816,1782916381801,50,down,up,0.9152477494385928,-4.639970920615744,-4.639970920615744,False,False,52
cooldown_first_signal,hist_gradient_boosting_dynamic_full,hist_gradient_boosting,dynamic_full,0.85,candidate_c,42,20260701_193325,14,1782916410161,50,down,up,0.9264280015746169,-0.6539262823879177,-0.6539262823879177,False,False,1
cooldown_first_signal,hist_gradient_boosting_dynamic_full,hist_gradient_boosting,dynamic_full,0.85,candidate_c,42,20260701_193325,65,1782916415363,50,down,up,0.9052198589927989,-1.5091593395588632,-1.5091593395588632,False,False,2
cooldown_first_signal,hist_gradient_boosting_dynamic_full,hist_gradient_boosting,dynamic_full,0.85,candidate_c,42,20260701_193325,116,1782916420565,50,down,up,0.9314086535212426,-1.3752193852256678,-1.3752193852256678,False,False,3
cooldown_first_signal,hist_gradient_boosting_dynamic_full,hist_gradient_boosting,dynamic_full,0.85,candidate_c,42,20260701_193325,167,1782916425768,50,down,up,0.955287628515347,-7.329921090128977,-7.329921090128977,False,False,4
cooldown_first_signal,hist_gradient_boosting_dynamic_full,hist_gradient_boosting,dynamic_full,0.85,candidate_c,42,20260701_193325,222,1782916431378,50,up,up,0.8503634776261284,0.721899838915796,0.721899838915796,True,True,5
cooldown_first_signal,hist_gradient_boosting_dynamic_full,hist_gradient_boosting,dynamic_full,0.85,candidate_c,42,20260701_193325,273,1782916436582,50,down,up,0.8764234932720513,-0.9065216679660093,-0.9065216679660093,False,False,6
cooldown_first_signal,hist_gradient_boosting_dynamic_full,hist_gradient_boosting,dynamic_full,0.85,candidate_c,42,20260701_193325,324,1782916441784,50,down,up,0.9571179709466483,-0.08394480125684112,-0.08394480125684112,False,False,7
cooldown_first_signal,hist_gradient_boosting_dynamic_full,hist_gradient_boosting,dynamic_full,0.85,candidate_c,42,20260701_193325,375,1782916446986,50,down,up,0.9409616627550679,-8.243379483386937,-8.243379483386937,False,False,8
cooldown_first_signal,hist_gradient_boosting_dynamic_full,hist_gradient_boosting,dynamic_full,0.85,candidate_c,42,20260701_193325,432,1782916452800,50,up,up,0.9332842761364031,8.250180420188435,8.250180420188435,True,True,9
cooldown_first_signal,hist_gradient_boosting_dynamic_full,hist_gradient_boosting,dynamic_full,0.85,candidate_c,42,20260701_193325,483,1782916458002,50,up,up,0.9562754586562293,2.43439923643729,2.43439923643729,True,True,10
cooldown_first_signal,hist_gradient_boosting_dynamic_full,hist_gradient_boosting,dynamic_full,0.85,candidate_c,42,20260701_193325,534,1782916463204,50,up,up,0.9310445030208483,2.534515995566977,2.534515995566977,True,True,11
cooldown_first_signal,hist_gradient_boosting_dynamic_full,hist_gradient_boosting,dynamic_full,0.85,candidate_c,42,20260701_193325,585,1782916468406,50,down,up,0.9363542826516866,-0.7719085691093586,-0.7719085691093586,False,False,12
cooldown_first_signal,hist_gradient_boosting_dynamic_full,hist_gradient_boosting,dynamic_full,0.85,candidate_c,42,20260701_193325,636,1782916473608,50,up,up,0.9457436708385618,0.21816491421633444,0.21816491421633444,True,True,13
cooldown_first_signal,hist_gradient_boosting_dynamic_full,hist_gradient_boosting,dynamic_full,0.85,candidate_c,42,20260701_193325,687,1782916478810,50,down,up,0.9281059397584595,-0.03356310072644142,-0.03356310072644142,False,False,14
cooldown_first_signal,hist_gradient_boosting_dynamic_full,hist_gradient_boosting,dynamic_full,0.85,candidate_c,42,20260701_193325,760,1782916486258,50,up,up,0.9135303202795375,8.139092902290646,8.139092902290646,True,True,15
cooldown_first_signal,hist_gradient_boosting_dynamic_full,hist_gradient_boosting,dynamic_full,0.85,candidate_c,42,20260701_193325,811,1782916491460,50,down,up,0.926704560711335,-1.0059729644762427,-1.0059729644762427,False,False,16
cooldown_first_signal,hist_gradient_boosting_dynamic_full,hist_gradient_boosting,dynamic_full,0.85,candidate_c,42,20260701_193325,867,1782916497172,50,up,up,0.8971722845853832,4.309603960810371,4.309603960810371,True,True,17
cooldown_first_signal,hist_gradient_boosting_dynamic_full,hist_gradient_boosting,dynamic_full,0.85,candidate_c,42,20260701_193325,918,1782916502374,50,up,up,0.9599326732321417,2.866244440367094,2.866244440367094,True,True,18
cooldown_first_signal,hist_gradient_boosting_dynamic_full,hist_gradient_boosting,dynamic_full,0.85,candidate_c,42,20260701_193325,969,1782916507576,50,up,up,0.9298922359079732,6.4513912802333095,6.4513912802333095,True,True,19
cooldown_first_signal,hist_gradient_boosting_dynamic_full,hist_gradient_boosting,dynamic_full,0.85,candidate_c,42,20260701_193325,1020,1782916512780,50,down,up,0.9546997159327242,-3.6173966634533983,-3.6173966634533983,False,False,20
cooldown_first_signal,hist_gradient_boosting_dynamic_full,hist_gradient_boosting,dynamic_full,0.85,candidate_c,42,20260701_193325,1071,1782916517982,50,down,up,0.953746673475304,-4.188316774125234,-4.188316774125234,False,False,21
cooldown_first_signal,hist_gradient_boosting_dynamic_full,hist_gradient_boosting,dynamic_full,0.85,candidate_c,42,20260701_193325,1137,1782916524714,50,up,up,0.8728260655647208,0.18442992291589633,0.18442992291589633,True,True,22
cooldown_first_signal,hist_gradient_boosting_dynamic_full,hist_gradient_boosting,dynamic_full,0.85,candidate_c,42,20260701_193325,1188,1782916529916,50,down,up,0.9364474410931444,-6.7902492021454375,-6.7902492021454375,False,False,23
cooldown_first_signal,hist_gradient_boosting_dynamic_full,hist_gradient_boosting,dynamic_full,0.85,candidate_c,42,20260701_193325,1239,1782916535118,50,down,up,0.9327988259234954,-0.4865457516589622,-0.4865457516589622,False,False,24
cooldown_first_signal,hist_gradient_boosting_dynamic_full,hist_gradient_boosting,dynamic_full,0.85,candidate_c,42,20260701_193325,1290,1782916540320,50,down,up,0.8958409552018519,-4.530129133847316,-4.530129133847316,False,False,25
cooldown_first_signal,hist_gradient_boosting_dynamic_full,hist_gradient_boosting,dynamic_full,0.85,candidate_c,42,20260701_193325,1341,1782916545522,50,up,up,0.9429999319564233,1.4267981223325954,1.4267981223325954,True,True,26
cooldown_first_signal,hist_gradient_boosting_dynamic_full,hist_gradient_boosting,dynamic_full,0.85,candidate_c,42,20260701_193325,1392,1782916550724,50,down,up,0.9505443467331346,-3.423826982609235,-3.423826982609235,False,False,27
cooldown_first_signal,hist_gradient_boosting_dynamic_full,hist_gradient_boosting,dynamic_full,0.85,candidate_c,42,20260701_193325,1443,1782916555926,50,down,up,0.8769493254411022,-1.4438723986176516,-1.4438723986176516,False,False,28
cooldown_first_signal,hist_gradient_boosting_dynamic_full,hist_gradient_boosting,dynamic_full,0.85,candidate_c,42,20260701_193325,1494,1782916561128,50,up,up,0.9254830393968453,1.141831413629113,1.141831413629113,True,True,29
cooldown_first_signal,hist_gradient_boosting_dynamic_full,hist_gradient_boosting,dynamic_full,0.85,candidate_c,42,20260701_193325,1545,1782916566330,50,down,up,0.9274214952085685,-5.742084695748995,-5.742084695748995,False,False,30
cooldown_first_signal,hist_gradient_boosting_dynamic_full,hist_gradient_boosting,dynamic_full,0.85,candidate_c,42,20260701_193325,1596,1782916571532,50,up,up,0.903298292554627,4.183042550276461,4.183042550276461,True,True,31
cooldown_first_signal,hist_gradient_boosting_dynamic_full,hist_gradient_boosting,dynamic_full,0.85,candidate_c,42,20260701_193325,1647,1782916576734,50,up,up,0.9116703666625399,0.9571635716976168,0.9571635716976168,True,True,32
cooldown_first_signal,hist_gradient_boosting_dynamic_full,hist_gradient_boosting,dynamic_full,0.85,candidate_c,42,20260701_193325,1698,1782916581936,50,down,up,0.9145826995784104,-2.2163771803829224,-2.2163771803829224,False,False,33
cooldown_first_signal,hist_gradient_boosting_dynamic_full,hist_gradient_boosting,dynamic_full,0.85,candidate_c,42,20260701_193325,1749,1782916587138,50,up,up,0.9190498533000536,4.450531502624422,4.450531502624422,True,True,34
cooldown_first_signal,hist_gradient_boosting_dynamic_full,hist_gradient_boosting,dynamic_full,0.85,candidate_c,42,20260701_193325,1800,1782916592340,50,up,up,0.9094757191444944,2.1488245677803164,2.1488245677803164,True,True,35
cooldown_first_signal,hist_gradient_boosting_dynamic_full,hist_gradient_boosting,dynamic_full,0.85,candidate_c,42,20260701_193325,1851,1782916597542,50,down,up,0.9494531552127827,-0.6881474985420688,-0.6881474985420688,False,False,36
cooldown_first_signal,hist_gradient_boosting_dynamic_full,hist_gradient_boosting,dynamic_full,0.85,candidate_c,42,20260701_193325,1902,1782916602744,50,up,up,0.9128962547076885,0.7721210585098781,0.7721210585098781,True,True,37
cooldown_first_signal,hist_gradient_boosting_dynamic_full,hist_gradient_boosting,dynamic_full,0.85,candidate_c,42,20260701_193325,1957,1782916608354,50,down,up,0.9011297821949471,-0.016783944478682145,-0.016783944478682145,False,False,38
cooldown_first_signal,hist_gradient_boosting_dynamic_full,hist_gradient_boosting,dynamic_full,0.85,candidate_c,42,20260701_193325,2008,1782916613556,50,up,up,0.8683260252895985,2.752571514410551,2.752571514410551,True,True,39
cooldown_first_signal,hist_gradient_boosting_dynamic_full,hist_gradient_boosting,dynamic_full,0.85,candidate_c,42,20260701_193325,2059,1782916618758,50,up,up,0.9372617646060225,6.0741261522156975,6.0741261522156975,True,True,40
cooldown_first_signal,hist_gradient_boosting_dynamic_full,hist_gradient_boosting,dynamic_full,0.85,candidate_c,42,20260701_193325,2116,1782916624572,50,up,up,0.928371372244803,1.1067651016838376,1.1067651016838376,True,True,41
cooldown_first_signal,hist_gradient_boosting_dynamic_full,hist_gradient_boosting,dynamic_full,0.85,candidate_c,42,20260701_193325,2167,1782916629774,50,down,up,0.9402436873182293,-4.376268551983253,-4.376268551983253,False,False,42
cooldown_first_signal,hist_gradient_boosting_dynamic_full,hist_gradient_boosting,dynamic_full,0.85,candidate_c,42,20260701_193325,2218,1782916634976,50,up,up,0.9225702427346235,0.01677465349736451,0.01677465349736451,True,True,43
cooldown_first_signal,hist_gradient_boosting_dynamic_full,hist_gradient_boosting,dynamic_full,0.85,candidate_c,42,20260701_193325,2269,1782916640178,50,down,up,0.8951442087142922,-2.3148982996390455,-2.3148982996390455,False,False,44
cooldown_first_signal,hist_gradient_boosting_dynamic_full,hist_gradient_boosting,dynamic_full,0.85,candidate_c,42,20260701_193325,2320,1782916645380,50,down,up,0.9074460680819614,-1.2248311872231632,-1.2248311872231632,False,False,45
cooldown_first_signal,hist_gradient_boosting_dynamic_full,hist_gradient_boosting,dynamic_full,0.85,candidate_c,42,20260701_193325,2371,1782916650582,50,down,up,0.9367877911215656,-3.3728935147314676,-3.3728935147314676,False,False,46
cooldown_first_signal,hist_gradient_boosting_dynamic_full,hist_gradient_boosting,dynamic_full,0.85,candidate_c,42,20260701_193325,2422,1782916655784,50,up,up,0.9021862174034534,0.4364418906988021,0.4364418906988021,True,True,47
cooldown_first_signal,hist_gradient_boosting_dynamic_full,hist_gradient_boosting,dynamic_full,0.85,candidate_c,42,20260701_193325,2473,1782916660986,50,up,up,0.901395073931118,0.5035648192830422,0.5035648192830422,True,True,48
cooldown_first_signal,hist_gradient_boosting_dynamic_full,hist_gradient_boosting,dynamic_full,0.85,candidate_c,42,20260701_193325,2524,1782916666190,50,up,up,0.8870713814956961,1.8966653099083963,1.8966653099083963,True,True,49
cooldown_first_signal,hist_gradient_boosting_dynamic_full,hist_gradient_boosting,dynamic_full,0.85,candidate_c,42,20260701_193325,2575,1782916671392,50,down,up,0.9485479944756172,-0.7216030327472645,-0.7216030327472645,False,False,50
cooldown_first_signal,hist_gradient_boosting_dynamic_full,hist_gradient_boosting,dynamic_full,0.85,candidate_c,42,20260701_193325,2626,1782916676594,50,up,up,0.9323425777798473,2.433488153528174,2.433488153528174,True,True,51
cooldown_first_signal,hist_gradient_boosting_dynamic_full,hist_gradient_boosting,dynamic_full,0.85,candidate_c,42,20260701_193325,2677,1782916681796,50,down,up,0.9279672021517912,-1.0067156321968973,-1.0067156321968973,False,False,52
cooldown_first_signal,hist_gradient_boosting_dynamic_full,hist_gradient_boosting,dynamic_full,0.85,candidate_c,42,20260701_193325,2740,1782916688222,50,down,up,0.8587740200765172,-0.7886733088613429,-0.7886733088613429,False,False,53
cooldown_first_signal,hist_gradient_boosting_dynamic_full,hist_gradient_boosting,dynamic_full,0.85,candidate_c,42,20260701_193325,2791,1782916693424,50,down,up,0.9174805315864911,-2.181828556947485,-2.181828556947485,False,False,54
cooldown_first_signal,hist_gradient_boosting_dynamic_full,hist_gradient_boosting,dynamic_full,0.85,candidate_c,42,20260701_193325,2843,1782916698728,50,up,up,0.9341893350172756,6.597274972910405,6.597274972910405,True,True,55
cooldown_first_signal,hist_gradient_boosting_dynamic_full,hist_gradient_boosting,dynamic_full,0.85,candidate_c,42,20260701_193836,11,1782916720762,50,up,up,0.9234053871829381,0.8380536706331654,0.8380536706331654,True,True,1
cooldown_first_signal,hist_gradient_boosting_dynamic_full,hist_gradient_boosting,dynamic_full,0.85,candidate_c,42,20260701_193836,62,1782916725966,50,down,up,0.9128611842199044,-2.6312680114071174,-2.6312680114071174,False,False,2
cooldown_first_signal,hist_gradient_boosting_dynamic_full,hist_gradient_boosting,dynamic_full,0.85,candidate_c,42,20260701_193836,113,1782916731170,50,down,up,0.9350408957180004,-2.061981832766069,-2.061981832766069,False,False,3
cooldown_first_signal,hist_gradient_boosting_dynamic_full,hist_gradient_boosting,dynamic_full,0.85,candidate_c,42,20260701_193836,164,1782916736372,50,down,up,0.9084462260950724,-0.4191884344229013,-0.4191884344229013,False,False,4
cooldown_first_signal,hist_gradient_boosting_dynamic_full,hist_gradient_boosting,dynamic_full,0.85,candidate_c,42,20260701_193836,215,1782916741574,50,up,up,0.9226798655061715,0.20120741214713078,0.20120741214713078,True,True,5
cooldown_first_signal,hist_gradient_boosting_dynamic_full,hist_gradient_boosting,dynamic_full,0.85,candidate_c,42,20260701_193836,266,1782916746776,50,up,up,0.9399770307750951,0.3855990490797545,0.3855990490797545,True,True,6
cooldown_first_signal,hist_gradient_boosting_dynamic_full,hist_gradient_boosting,dynamic_full,0.85,candidate_c,42,20260701_193836,317,1782916751978,50,up,up,0.8834998062460533,3.084673447919517,3.084673447919517,True,True,7
cooldown_first_signal,hist_gradient_boosting_dynamic_full,hist_gradient_boosting,dynamic_full,0.85,candidate_c,42,20260701_193836,368,1782916757180,50,up,up,0.9501493142536117,3.335112618709779,3.335112618709779,True,True,8
cooldown_first_signal,hist_gradient_boosting_dynamic_full,hist_gradient_boosting,dynamic_full,0.85,candidate_c,42,20260701_193836,419,1782916762382,50,down,up,0.9473383446936121,-1.47424304739463,-1.47424304739463,False,False,9
cooldown_first_signal,hist_gradient_boosting_dynamic_full,hist_gradient_boosting,dynamic_full,0.85,candidate_c,42,20260701_193836,470,1782916767584,50,up,up,0.9572991875660984,0.9047825296559786,0.9047825296559786,True,True,10
cooldown_first_signal,hist_gradient_boosting_dynamic_full,hist_gradient_boosting,dynamic_full,0.85,candidate_c,42,20260701_193836,521,1782916772786,50,up,up,0.93124067516286,0.2513057427555587,0.2513057427555587,True,True,11
cooldown_first_signal,hist_gradient_boosting_dynamic_full,hist_gradient_boosting,dynamic_full,0.85,candidate_c,42,20260701_193836,572,1782916777988,50,up,up,0.9199204996151292,2.3789679132502073,2.3789679132502073,True,True,12
cooldown_first_signal,hist_gradient_boosting_dynamic_full,hist_gradient_boosting,dynamic_full,0.85,candidate_c,42,20260701_193836,623,1782916783192,50,down,up,0.9362820215147051,-2.44536657468597,-2.44536657468597,False,False,13
cooldown_first_signal,hist_gradient_boosting_dynamic_full,hist_gradient_boosting,dynamic_full,0.85,candidate_c,42,20260701_193836,675,1782916788496,50,up,up,0.885969509080538,3.5349215909152853,3.5349215909152853,True,True,14
cooldown_first_signal,hist_gradient_boosting_dynamic_full,hist_gradient_boosting,dynamic_full,0.85,candidate_c,42,20260701_193836,726,1782916793698,50,down,up,0.9470632682278817,-1.1723084008452567,-1.1723084008452567,False,False,15
cooldown_first_signal,hist_gradient_boosting_dynamic_full,hist_gradient_boosting,dynamic_full,0.85,candidate_c,42,20260701_193836,777,1782916798902,50,up,up,0.9285777150845557,3.51733754297312,3.51733754297312,True,True,16
cooldown_first_signal,hist_gradient_boosting_dynamic_full,hist_gradient_boosting,dynamic_full,0.85,candidate_c,42,20260701_193836,828,1782916804104,50,down,up,0.9237470624943144,-3.867710892796472,-3.867710892796472,False,False,17
cooldown_first_signal,hist_gradient_boosting_dynamic_full,hist_gradient_boosting,dynamic_full,0.85,candidate_c,42,20260701_193836,879,1782916809306,50,down,up,0.9267438289530567,-2.4119734381422564,-2.4119734381422564,False,False,18
cooldown_first_signal,hist_gradient_boosting_dynamic_full,hist_gradient_boosting,dynamic_full,0.85,candidate_c,42,20260701_193836,930,1782916814508,50,down,up,0.9200073559805729,-3.2670020230285424,-3.2670020230285424,False,False,19
cooldown_first_signal,hist_gradient_boosting_dynamic_full,hist_gradient_boosting,dynamic_full,0.85,candidate_c,42,20260701_193836,981,1782916819710,50,down,up,0.8640031115403622,-4.416083930733894,-4.416083930733894,False,False,20
cooldown_first_signal,hist_gradient_boosting_dynamic_full,hist_gradient_boosting,dynamic_full,0.85,candidate_c,42,20260701_193836,1033,1782916825014,50,down,up,0.9100619604406567,-0.8551042598436975,-0.8551042598436975,False,False,21
cooldown_first_signal,hist_gradient_boosting_dynamic_full,hist_gradient_boosting,dynamic_full,0.85,candidate_c,42,20260701_193836,1084,1782916830218,50,down,up,0.9546783918858306,-0.368900049046994,-0.368900049046994,False,False,22
cooldown_first_signal,hist_gradient_boosting_dynamic_full,hist_gradient_boosting,dynamic_full,0.85,candidate_c,42,20260701_193836,1135,1782916835422,50,down,up,0.9130805484441972,-0.01677068685146388,-0.01677068685146388,False,False,23
cooldown_first_signal,hist_gradient_boosting_dynamic_full,hist_gradient_boosting,dynamic_full,0.85,candidate_c,42,20260701_193836,1186,1782916840624,50,up,up,0.9493782965697792,0.6540578841240929,0.6540578841240929,True,True,24
cooldown_first_signal,hist_gradient_boosting_dynamic_full,hist_gradient_boosting,dynamic_full,0.85,candidate_c,42,20260701_193836,1237,1782916845826,50,up,up,0.9293549178478435,0.9055593799600636,0.9055593799600636,True,True,25
cooldown_first_signal,hist_gradient_boosting_dynamic_full,hist_gradient_boosting,dynamic_full,0.85,candidate_c,42,20260701_193836,1303,1782916852558,50,up,up,0.9376994592231825,0.7546214273923546,0.7546214273923546,True,True,26
cooldown_first_signal,hist_gradient_boosting_dynamic_full,hist_gradient_boosting,dynamic_full,0.85,candidate_c,42,20260701_193836,1357,1782916858066,50,down,up,0.9199670496660917,-0.9557239902657777,-0.9557239902657777,False,False,27
cooldown_first_signal,hist_gradient_boosting_dynamic_full,hist_gradient_boosting,dynamic_full,0.85,candidate_c,42,20260701_193836,1428,1782916865308,50,down,up,0.9235080738092236,-2.8506773293179855,-2.8506773293179855,False,False,28
cooldown_first_signal,hist_gradient_boosting_dynamic_full,hist_gradient_boosting,dynamic_full,0.85,candidate_c,42,20260701_193836,1489,1782916871532,50,up,up,0.9056554999809447,4.378551806571984,4.378551806571984,True,True,29
cooldown_first_signal,hist_gradient_boosting_dynamic_full,hist_gradient_boosting,dynamic_full,0.85,candidate_c,42,20260701_193836,1540,1782916876736,50,down,up,0.9220741591279351,-1.4924159279350313,-1.4924159279350313,False,False,30
cooldown_first_signal,hist_gradient_boosting_dynamic_full,hist_gradient_boosting,dynamic_full,0.85,candidate_c,42,20260701_193836,1591,1782916881938,50,down,up,0.9070456819545184,-3.90769455245521,-3.90769455245521,False,False,31
cooldown_first_signal,hist_gradient_boosting_dynamic_full,hist_gradient_boosting,dynamic_full,0.85,candidate_c,42,20260701_193836,1642,1782916887140,50,up,up,0.9376957813662554,1.1073333148781117,1.1073333148781117,True,True,32
cooldown_first_signal,hist_gradient_boosting_dynamic_full,hist_gradient_boosting,dynamic_full,0.85,candidate_c,42,20260701_193836,1693,1782916892342,50,up,up,0.9088955998660125,1.610488305086033,1.610488305086033,True,True,33
cooldown_first_signal,hist_gradient_boosting_dynamic_full,hist_gradient_boosting,dynamic_full,0.85,candidate_c,42,20260701_193836,1744,1782916897544,50,up,up,0.9007953577241565,4.4281296938808445,4.4281296938808445,True,True,34
cooldown_first_signal,hist_gradient_boosting_dynamic_full,hist_gradient_boosting,dynamic_full,0.85,candidate_c,42,20260701_193836,1795,1782916902748,50,down,up,0.9377570835097188,-3.1687351465536917,-3.1687351465536917,False,False,35
cooldown_first_signal,hist_gradient_boosting_dynamic_full,hist_gradient_boosting,dynamic_full,0.85,candidate_c,42,20260701_193836,1846,1782916907950,50,down,up,0.9505060243315206,-1.257833155978716,-1.257833155978716,False,False,36
cooldown_first_signal,hist_gradient_boosting_dynamic_full,hist_gradient_boosting,dynamic_full,0.85,candidate_c,42,20260701_193836,1898,1782916913256,50,down,up,0.858754907284524,-1.3921771386060655,-1.3921771386060655,False,False,37
cooldown_first_signal,hist_gradient_boosting_dynamic_full,hist_gradient_boosting,dynamic_full,0.85,candidate_c,42,20260701_193836,1949,1782916918458,50,up,up,0.8992640447997222,3.1873552584227305,3.1873552584227305,True,True,38
cooldown_first_signal,hist_gradient_boosting_dynamic_full,hist_gradient_boosting,dynamic_full,0.85,candidate_c,42,20260701_193836,2000,1782916923662,50,up,up,0.9085986839278021,1.3752885799900305,1.3752885799900305,True,True,39
cooldown_first_signal,hist_gradient_boosting_dynamic_full,hist_gradient_boosting,dynamic_full,0.85,candidate_c,42,20260701_193836,2051,1782916928866,50,up,up,0.9311338665748384,4.6786920791741515,4.6786920791741515,True,True,40
cooldown_first_signal,hist_gradient_boosting_dynamic_full,hist_gradient_boosting,dynamic_full,0.85,candidate_c,42,20260701_193836,2107,1782916934578,50,up,up,0.855572079276108,0.4357974044899571,0.4357974044899571,True,True,41
cooldown_first_signal,hist_gradient_boosting_dynamic_full,hist_gradient_boosting,dynamic_full,0.85,candidate_c,42,20260701_193836,2158,1782916939782,50,down,up,0.9344568340203432,-0.25141062310440887,-0.25141062310440887,False,False,42
cooldown_first_signal,hist_gradient_boosting_dynamic_full,hist_gradient_boosting,dynamic_full,0.85,candidate_c,42,20260701_193836,2220,1782916946110,50,up,up,0.8875748169702576,0.2849473224575405,0.2849473224575405,True,True,43
cooldown_first_signal,hist_gradient_boosting_dynamic_full,hist_gradient_boosting,dynamic_full,0.85,candidate_c,42,20260701_193836,2271,1782916951312,50,up,up,0.9179648883821125,0.23465581439507943,0.23465581439507943,True,True,44
cooldown_first_signal,hist_gradient_boosting_dynamic_full,hist_gradient_boosting,dynamic_full,0.85,candidate_c,42,20260701_193836,2324,1782916956718,50,down,up,0.8562379947611094,-6.70429451965826,-6.70429451965826,False,False,45
cooldown_first_signal,hist_gradient_boosting_dynamic_full,hist_gradient_boosting,dynamic_full,0.85,candidate_c,42,20260701_193836,2375,1782916961920,50,down,up,0.9121728567903817,-0.352211595309182,-0.352211595309182,False,False,46
cooldown_first_signal,hist_gradient_boosting_dynamic_full,hist_gradient_boosting,dynamic_full,0.85,candidate_c,42,20260701_193836,2426,1782916967122,50,down,up,0.8768477913086323,-1.7778925767109044,-1.7778925767109044,False,False,47
cooldown_first_signal,hist_gradient_boosting_dynamic_full,hist_gradient_boosting,dynamic_full,0.85,candidate_c,42,20260701_193836,2477,1782916972324,50,up,up,0.8982486773431918,1.274942103368648,1.274942103368648,True,True,48
cooldown_first_signal,hist_gradient_boosting_dynamic_full,hist_gradient_boosting,dynamic_full,0.85,candidate_c,42,20260701_193836,2528,1782916977526,50,up,up,0.9231049745972175,2.5495591527069372,2.5495591527069372,True,True,49
cooldown_first_signal,hist_gradient_boosting_dynamic_full,hist_gradient_boosting,dynamic_full,0.85,candidate_c,42,20260701_193836,2579,1782916982728,50,up,up,0.9524820616764494,1.5930683082543418,1.5930683082543418,True,True,50
cooldown_first_signal,hist_gradient_boosting_dynamic_full,hist_gradient_boosting,dynamic_full,0.85,candidate_c,42,20260701_193836,2630,1782916987930,50,up,up,0.9326696764870862,1.1904193042422406,1.1904193042422406,True,True,51
cooldown_first_signal,hist_gradient_boosting_dynamic_full,hist_gradient_boosting,dynamic_full,0.85,candidate_c,42,20260701_193836,2682,1782916993234,50,down,up,0.8531037777356489,-0.9891039305132132,-0.9891039305132132,False,False,52
cooldown_first_signal,hist_gradient_boosting_dynamic_full,hist_gradient_boosting,dynamic_full,0.85,candidate_c,42,20260701_193836,2733,1782916998436,50,up,up,0.9358133574061154,0.06706171605808109,0.06706171605808109,True,True,53
cooldown_first_signal,hist_gradient_boosting_dynamic_full,hist_gradient_boosting,dynamic_full,0.85,candidate_c,42,20260701_193836,2784,1782917003638,50,up,up,0.9300297954052726,0.5029594975103358,0.5029594975103358,True,True,54
cooldown_first_signal,hist_gradient_boosting_dynamic_full,hist_gradient_boosting,dynamic_full,0.85,candidate_c,42,20260701_193836,2837,1782917009044,50,up,up,0.9483795786782142,1.5924220823682056,1.5924220823682056,True,True,55
cooldown_first_signal,hist_gradient_boosting_dynamic_full,hist_gradient_boosting,dynamic_full,0.85,candidate_c,42,20260701_194351,11,1782917035978,50,up,up,0.9067204870504336,1.0226380205069496,1.0226380205069496,True,True,1
cooldown_first_signal,hist_gradient_boosting_dynamic_full,hist_gradient_boosting,dynamic_full,0.85,candidate_c,42,20260701_194351,66,1782917041590,50,up,up,0.860204883919871,2.2797467134338945,2.2797467134338945,True,True,2
cooldown_first_signal,hist_gradient_boosting_dynamic_full,hist_gradient_boosting,dynamic_full,0.85,candidate_c,42,20260701_194351,117,1782917046792,50,down,up,0.919391471505516,-0.6033248225423282,-0.6033248225423282,False,False,3
cooldown_first_signal,hist_gradient_boosting_dynamic_full,hist_gradient_boosting,dynamic_full,0.85,candidate_c,42,20260701_194351,168,1782917051994,50,down,up,0.9566643812298449,-0.9888420073500548,-0.9888420073500548,False,False,4
cooldown_first_signal,hist_gradient_boosting_dynamic_full,hist_gradient_boosting,dynamic_full,0.85,candidate_c,42,20260701_194351,219,1782917057196,50,down,up,0.9307236478626771,-5.715736797863302,-5.715736797863302,False,False,5
cooldown_first_signal,hist_gradient_boosting_dynamic_full,hist_gradient_boosting,dynamic_full,0.85,candidate_c,42,20260701_194351,270,1782917062400,50,down,up,0.9338885588695737,-3.4548831670877522,-3.4548831670877522,False,False,6
cooldown_first_signal,hist_gradient_boosting_dynamic_full,hist_gradient_boosting,dynamic_full,0.85,candidate_c,42,20260701_194351,321,1782917067602,50,down,up,0.9179522064479112,-2.046803002760944,-2.046803002760944,False,False,7
cooldown_first_signal,hist_gradient_boosting_dynamic_full,hist_gradient_boosting,dynamic_full,0.85,candidate_c,42,20260701_194351,376,1782917073212,50,up,up,0.9299352267671608,0.36918729291013364,0.36918729291013364,True,True,8
cooldown_first_signal,hist_gradient_boosting_dynamic_full,hist_gradient_boosting,dynamic_full,0.85,candidate_c,42,20260701_194351,427,1782917078414,50,down,up,0.9139153494047204,-2.584319723981654,-2.584319723981654,False,False,9
cooldown_first_signal,hist_gradient_boosting_dynamic_full,hist_gradient_boosting,dynamic_full,0.85,candidate_c,42,20260701_194351,481,1782917083922,50,up,up,0.9372871274328303,0.01678563485318918,0.01678563485318918,True,True,10
cooldown_first_signal,hist_gradient_boosting_dynamic_full,hist_gradient_boosting,dynamic_full,0.85,candidate_c,42,20260701_194351,532,1782917089126,50,down,up,0.9030509134196791,-0.889637153932421,-0.889637153932421,False,False,11
cooldown_first_signal,hist_gradient_boosting_dynamic_full,hist_gradient_boosting,dynamic_full,0.85,candidate_c,42,20260701_194351,583,1782917094328,50,up,up,0.9271486954842327,1.8800857789136316,1.8800857789136316,True,True,12
cooldown_first_signal,hist_gradient_boosting_dynamic_full,hist_gradient_boosting,dynamic_full,0.85,candidate_c,42,20260701_194351,634,1782917099530,50,down,up,0.9326696764870862,-4.1454812156827,-4.1454812156827,False,False,13
cooldown_first_signal,hist_gradient_boosting_dynamic_full,hist_gradient_boosting,dynamic_full,0.85,candidate_c,42,20260701_194351,685,1782917104732,50,down,up,0.885294584943739,-0.35259598796133496,-0.35259598796133496,False,False,14
cooldown_first_signal,hist_gradient_boosting_dynamic_full,hist_gradient_boosting,dynamic_full,0.85,candidate_c,42,20260701_194351,736,1782917109934,50,up,up,0.9410644224014676,0.10074526308301301,0.10074526308301301,True,True,15
cooldown_first_signal,hist_gradient_boosting_dynamic_full,hist_gradient_boosting,dynamic_full,0.85,candidate_c,42,20260701_194351,787,1782917115136,50,down,up,0.9498514884276184,-3.005536735970482,-3.005536735970482,False,False,16
cooldown_first_signal,hist_gradient_boosting_dynamic_full,hist_gradient_boosting,dynamic_full,0.85,candidate_c,42,20260701_194351,842,1782917120746,50,up,up,0.9186894489666065,1.3604562399160969,1.3604562399160969,True,True,17
cooldown_first_signal,hist_gradient_boosting_dynamic_full,hist_gradient_boosting,dynamic_full,0.85,candidate_c,42,20260701_194351,897,1782917126356,50,up,up,0.8608648449009015,1.6964454429024833,1.6964454429024833,True,True,18
cooldown_first_signal,hist_gradient_boosting_dynamic_full,hist_gradient_boosting,dynamic_full,0.85,candidate_c,42,20260701_194351,948,1782917131558,50,down,up,0.9401429409357622,-1.9480623077650083,-1.9480623077650083,False,False,19
cooldown_first_signal,hist_gradient_boosting_dynamic_full,hist_gradient_boosting,dynamic_full,0.85,candidate_c,42,20260701_194351,999,1782917136760,50,up,up,0.9316988224074189,0.6550795963700118,0.6550795963700118,True,True,20
cooldown_first_signal,hist_gradient_boosting_dynamic_full,hist_gradient_boosting,dynamic_full,0.85,candidate_c,42,20260701_194351,1050,1782917141962,50,down,up,0.8703773990540787,-3.846370261008092,-3.846370261008092,False,False,21
cooldown_first_signal,hist_gradient_boosting_dynamic_full,hist_gradient_boosting,dynamic_full,0.85,candidate_c,42,20260701_194351,1108,1782917147878,50,up,up,0.9171024964000961,0.6217447670531229,0.6217447670531229,True,True,22
cooldown_first_signal,hist_gradient_boosting_dynamic_full,hist_gradient_boosting,dynamic_full,0.85,candidate_c,42,20260701_194351,1170,1782917154202,50,down,up,0.9219938018992607,-2.6548843571017056,-2.6548843571017056,False,False,23
cooldown_first_signal,hist_gradient_boosting_dynamic_full,hist_gradient_boosting,dynamic_full,0.85,candidate_c,42,20260701_194351,1221,1782917159404,50,down,up,0.930975873556374,-0.10084516653297015,-0.10084516653297015,False,False,24
cooldown_first_signal,hist_gradient_boosting_dynamic_full,hist_gradient_boosting,dynamic_full,0.85,candidate_c,42,20260701_194351,1272,1782917164606,50,up,up,0.9325355403692066,0.05042309175751214,0.05042309175751214,True,True,25
cooldown_first_signal,hist_gradient_boosting_dynamic_full,hist_gradient_boosting,dynamic_full,0.85,candidate_c,42,20260701_194351,1323,1782917169808,50,down,up,0.8818355923511915,-5.613940725862632,-5.613940725862632,False,False,26
cooldown_first_signal,hist_gradient_boosting_dynamic_full,hist_gradient_boosting,dynamic_full,0.85,candidate_c,42,20260701_194351,1374,1782917175010,50,up,up,0.9236798533284803,0.5550094225470481,0.5550094225470481,True,True,27
cooldown_first_signal,hist_gradient_boosting_dynamic_full,hist_gradient_boosting,dynamic_full,0.85,candidate_c,42,20260701_194351,1425,1782917180220,50,up,up,0.9172905482439782,0.11772352965566668,0.11772352965566668,True,True,28
cooldown_first_signal,hist_gradient_boosting_dynamic_full,hist_gradient_boosting,dynamic_full,0.85,candidate_c,42,20260701_194351,1476,1782917185422,50,down,up,0.9521777205080877,-4.086640134338682,-4.086640134338682,False,False,29
cooldown_first_signal,hist_gradient_boosting_dynamic_full,hist_gradient_boosting,dynamic_full,0.85,candidate_c,42,20260701_194351,1527,1782917190626,50,down,up,0.9388376764348949,-6.561486597322919,-6.561486597322919,False,False,30
cooldown_first_signal,hist_gradient_boosting_dynamic_full,hist_gradient_boosting,dynamic_full,0.85,candidate_c,42,20260701_194351,1578,1782917195828,50,up,up,0.9099564183029148,2.356951956059561,2.356951956059561,True,True,31
cooldown_first_signal,hist_gradient_boosting_dynamic_full,hist_gradient_boosting,dynamic_full,0.85,candidate_c,42,20260701_194351,1629,1782917201030,50,up,up,0.9590852674232925,7.220672330434663,7.220672330434663,True,True,32
cooldown_first_signal,hist_gradient_boosting_dynamic_full,hist_gradient_boosting,dynamic_full,0.85,candidate_c,42,20260701_194351,1680,1782917206232,50,up,up,0.9529961481095774,1.3959985299960564,1.3959985299960564,True,True,33
cooldown_first_signal,hist_gradient_boosting_dynamic_full,hist_gradient_boosting,dynamic_full,0.85,candidate_c,42,20260701_194351,1731,1782917211434,50,down,up,0.9195149343814136,-4.5573830867273735,-4.5573830867273735,False,False,34
cooldown_first_signal,hist_gradient_boosting_dynamic_full,hist_gradient_boosting,dynamic_full,0.85,candidate_c,42,20260701_194351,1782,1782917216636,50,up,up,0.895090822433754,1.867666569357329,1.867666569357329,True,True,35
cooldown_first_signal,hist_gradient_boosting_dynamic_full,hist_gradient_boosting,dynamic_full,0.85,candidate_c,42,20260701_194351,1833,1782917221838,50,up,up,0.9372383169900954,2.758920017393862,2.758920017393862,True,True,36
cooldown_first_signal,hist_gradient_boosting_dynamic_full,hist_gradient_boosting,dynamic_full,0.85,candidate_c,42,20260701_194351,1884,1782917227042,50,up,up,0.9328291342793784,6.441310495552965,6.441310495552965,True,True,37
cooldown_first_signal,hist_gradient_boosting_dynamic_full,hist_gradient_boosting,dynamic_full,0.85,candidate_c,42,20260701_194351,1935,1782917232244,50,up,up,0.9439377823754509,3.596641677849899,3.596641677849899,True,True,38
cooldown_first_signal,hist_gradient_boosting_dynamic_full,hist_gradient_boosting,dynamic_full,0.85,candidate_c,42,20260701_194351,1986,1782917237448,50,up,up,0.9485822263671629,1.2264506769432693,1.2264506769432693,True,True,39
cooldown_first_signal,hist_gradient_boosting_dynamic_full,hist_gradient_boosting,dynamic_full,0.85,candidate_c,42,20260701_194351,2037,1782917242652,50,down,up,0.9220551192553068,-2.5869896260033443,-2.5869896260033443,False,False,40
cooldown_first_signal,hist_gradient_boosting_dynamic_full,hist_gradient_boosting,dynamic_full,0.85,candidate_c,42,20260701_194351,2088,1782917247854,50,down,up,0.9286248197200683,-1.7475100082753325,-1.7475100082753325,False,False,41
cooldown_first_signal,hist_gradient_boosting_dynamic_full,hist_gradient_boosting,dynamic_full,0.85,candidate_c,42,20260701_194351,2141,1782917253260,50,down,up,0.9078270049815749,-0.4705656955916737,-0.4705656955916737,False,False,42
cooldown_first_signal,hist_gradient_boosting_dynamic_full,hist_gradient_boosting,dynamic_full,0.85,candidate_c,42,20260701_194351,2192,1782917258464,50,up,up,0.9468508938155134,1.8151245251041281,1.8151245251041281,True,True,43
cooldown_first_signal,hist_gradient_boosting_dynamic_full,hist_gradient_boosting,dynamic_full,0.85,candidate_c,42,20260701_194351,2243,1782917263666,50,up,up,0.9051939370747958,2.839818285236273,2.839818285236273,True,True,44
cooldown_first_signal,hist_gradient_boosting_dynamic_full,hist_gradient_boosting,dynamic_full,0.85,candidate_c,42,20260701_194351,2294,1782917268868,50,down,up,0.9418602922122422,-1.2263188176953044,-1.2263188176953044,False,False,45
cooldown_first_signal,hist_gradient_boosting_dynamic_full,hist_gradient_boosting,dynamic_full,0.85,candidate_c,42,20260701_194351,2366,1782917276220,50,down,up,0.8926497763390403,-0.7058224470035679,-0.7058224470035679,False,False,46
cooldown_first_signal,hist_gradient_boosting_dynamic_full,hist_gradient_boosting,dynamic_full,0.85,candidate_c,42,20260701_194351,2417,1782917281422,50,up,up,0.9345268614366913,7.394852342446079,7.394852342446079,True,True,47
cooldown_first_signal,hist_gradient_boosting_dynamic_full,hist_gradient_boosting,dynamic_full,0.85,candidate_c,42,20260701_194351,2468,1782917286624,50,down,up,0.9466677892935662,-1.3771132180195877,-1.3771132180195877,False,False,48
cooldown_first_signal,hist_gradient_boosting_dynamic_full,hist_gradient_boosting,dynamic_full,0.85,candidate_c,42,20260701_194351,2519,1782917291826,50,down,up,0.8541787423303866,-0.386316663769648,-0.386316663769648,False,False,49
cooldown_first_signal,hist_gradient_boosting_dynamic_full,hist_gradient_boosting,dynamic_full,0.85,candidate_c,42,20260701_194351,2570,1782917297028,50,up,up,0.9355189434234684,2.485959786242553,2.485959786242553,True,True,50
cooldown_first_signal,hist_gradient_boosting_dynamic_full,hist_gradient_boosting,dynamic_full,0.85,candidate_c,42,20260701_194351,2625,1782917302638,50,up,up,0.8925194308973364,2.9891274686533187,2.9891274686533187,True,True,51
cooldown_first_signal,hist_gradient_boosting_dynamic_full,hist_gradient_boosting,dynamic_full,0.85,candidate_c,42,20260701_194351,2676,1782917307840,50,up,up,0.935095495710856,1.4605414579738074,1.4605414579738074,True,True,52
cooldown_first_signal,hist_gradient_boosting_dynamic_full,hist_gradient_boosting,dynamic_full,0.85,candidate_c,42,20260701_194351,2727,1782917313042,50,up,up,0.9567407912169786,4.464866452655869,4.464866452655869,True,True,53
cooldown_first_signal,hist_gradient_boosting_dynamic_full,hist_gradient_boosting,dynamic_full,0.85,candidate_c,42,20260701_194351,2778,1782917318244,50,down,up,0.9358255477209428,-0.3523321451903705,-0.3523321451903705,False,False,54
cooldown_first_signal,hist_gradient_boosting_dynamic_full,hist_gradient_boosting,dynamic_full,0.85,candidate_c,42,20260701_194351,2829,1782917323446,50,up,up,0.9318417097357471,3.137544410094506,3.137544410094506,True,True,55
cooldown_first_signal,hist_gradient_boosting_dynamic_full,hist_gradient_boosting,dynamic_full,0.85,candidate_c,42,20260701_194906,11,1782917350070,50,up,up,0.9324320553089004,1.6261266585027023,1.6261266585027023,True,True,1
cooldown_first_signal,hist_gradient_boosting_dynamic_full,hist_gradient_boosting,dynamic_full,0.85,candidate_c,42,20260701_194906,62,1782917355272,50,up,up,0.8811089371378046,1.0224494704624831,1.0224494704624831,True,True,2
cooldown_first_signal,hist_gradient_boosting_dynamic_full,hist_gradient_boosting,dynamic_full,0.85,candidate_c,42,20260701_194906,113,1782917360474,50,down,up,0.9292275642964015,-2.0615671094559307,-2.0615671094559307,False,False,3
cooldown_first_signal,hist_gradient_boosting_dynamic_full,hist_gradient_boosting,dynamic_full,0.85,candidate_c,42,20260701_194906,164,1782917365678,50,down,up,0.9297090079653223,-3.889286106447676,-3.889286106447676,False,False,4
cooldown_first_signal,hist_gradient_boosting_dynamic_full,hist_gradient_boosting,dynamic_full,0.85,candidate_c,42,20260701_194906,235,1782917372922,50,down,up,0.8757003618801049,-1.7612854364335018,-1.7612854364335018,False,False,5
cooldown_first_signal,hist_gradient_boosting_dynamic_full,hist_gradient_boosting,dynamic_full,0.85,candidate_c,42,20260701_194906,296,1782917379144,50,down,up,0.922970212072758,-1.9798009964433483,-1.9798009964433483,False,False,6
cooldown_first_signal,hist_gradient_boosting_dynamic_full,hist_gradient_boosting,dynamic_full,0.85,candidate_c,42,20260701_194906,347,1782917384346,50,up,up,0.9293994988607867,1.30899607552859,1.30899607552859,True,True,7
cooldown_first_signal,hist_gradient_boosting_dynamic_full,hist_gradient_boosting,dynamic_full,0.85,candidate_c,42,20260701_194906,398,1782917389550,50,down,up,0.944538740439891,-0.6040729619460894,-0.6040729619460894,False,False,8
cooldown_first_signal,hist_gradient_boosting_dynamic_full,hist_gradient_boosting,dynamic_full,0.85,candidate_c,42,20260701_194906,450,1782917394854,50,up,up,0.9170916385852966,0.587328636383333,0.587328636383333,True,True,9
cooldown_first_signal,hist_gradient_boosting_dynamic_full,hist_gradient_boosting,dynamic_full,0.85,candidate_c,42,20260701_194906,501,1782917400056,50,up,up,0.8823604392586256,6.199997315292638,6.199997315292638,True,True,10
cooldown_first_signal,hist_gradient_boosting_dynamic_full,hist_gradient_boosting,dynamic_full,0.85,candidate_c,42,20260701_194906,552,1782917405258,50,down,up,0.9378371564939301,-2.9681178862639435,-2.9681178862639435,False,False,11
cooldown_first_signal,hist_gradient_boosting_dynamic_full,hist_gradient_boosting,dynamic_full,0.85,candidate_c,42,20260701_194906,603,1782917410460,50,down,up,0.8973180723234545,-1.8954627151590575,-1.8954627151590575,False,False,12
cooldown_first_signal,hist_gradient_boosting_dynamic_full,hist_gradient_boosting,dynamic_full,0.85,candidate_c,42,20260701_194906,654,1782917415662,50,up,up,0.9164413757024258,2.717904193876297,2.717904193876297,True,True,13
cooldown_first_signal,hist_gradient_boosting_dynamic_full,hist_gradient_boosting,dynamic_full,0.85,candidate_c,42,20260701_194906,705,1782917420866,50,down,up,0.9258536032428503,-2.70039306653036,-2.70039306653036,False,False,14
cooldown_first_signal,hist_gradient_boosting_dynamic_full,hist_gradient_boosting,dynamic_full,0.85,candidate_c,42,20260701_194906,756,1782917426068,50,down,up,0.9299865508387576,-1.1744010764225266,-1.1744010764225266,False,False,15
cooldown_first_signal,hist_gradient_boosting_dynamic_full,hist_gradient_boosting,dynamic_full,0.85,candidate_c,42,20260701_194906,807,1782917431270,50,down,up,0.9543739778553261,-0.9899685978609352,-0.9899685978609352,False,False,16
cooldown_first_signal,hist_gradient_boosting_dynamic_full,hist_gradient_boosting,dynamic_full,0.85,candidate_c,42,20260701_194906,865,1782917437188,50,up,up,0.9236827267719987,0.016780790024206738,0.016780790024206738,True,True,17
cooldown_first_signal,hist_gradient_boosting_dynamic_full,hist_gradient_boosting,dynamic_full,0.85,candidate_c,42,20260701_194906,916,1782917442390,50,up,up,0.9166912069269542,0.15102685676948724,0.15102685676948724,True,True,18
cooldown_first_signal,hist_gradient_boosting_dynamic_full,hist_gradient_boosting,dynamic_full,0.85,candidate_c,42,20260701_194906,967,1782917447594,50,down,up,0.8723096438500711,-0.8558145466652789,-0.8558145466652789,False,False,19
cooldown_first_signal,hist_gradient_boosting_dynamic_full,hist_gradient_boosting,dynamic_full,0.85,candidate_c,42,20260701_194906,1018,1782917452796,50,up,up,0.9098058550326387,2.836177202338863,2.836177202338863,True,True,20
cooldown_first_signal,hist_gradient_boosting_dynamic_full,hist_gradient_boosting,dynamic_full,0.85,candidate_c,42,20260701_194906,1069,1782917457998,50,up,up,0.9573603584237529,2.8185956850301785,2.8185956850301785,True,True,21
cooldown_first_signal,hist_gradient_boosting_dynamic_full,hist_gradient_boosting,dynamic_full,0.85,candidate_c,42,20260701_194906,1120,1782917463200,50,up,up,0.9282448596624815,1.5095364968176206,1.5095364968176206,True,True,22
cooldown_first_signal,hist_gradient_boosting_dynamic_full,hist_gradient_boosting,dynamic_full,0.85,candidate_c,42,20260701_194906,1171,1782917468402,50,up,up,0.9462427419427197,0.5701832719973154,0.5701832719973154,True,True,23
cooldown_first_signal,hist_gradient_boosting_dynamic_full,hist_gradient_boosting,dynamic_full,0.85,candidate_c,42,20260701_194906,1234,1782917474830,50,up,up,0.9056299684171872,1.6098347487880638,1.6098347487880638,True,True,24
cooldown_first_signal,hist_gradient_boosting_dynamic_full,hist_gradient_boosting,dynamic_full,0.85,candidate_c,42,20260701_194906,1285,1782917480032,50,up,up,0.9255486233054643,0.9724519453646607,0.9724519453646607,True,True,25
cooldown_first_signal,hist_gradient_boosting_dynamic_full,hist_gradient_boosting,dynamic_full,0.85,candidate_c,42,20260701_194906,1336,1782917485234,50,down,up,0.9326696764870862,-0.15088304300969746,-0.15088304300969746,False,False,26
cooldown_first_signal,hist_gradient_boosting_dynamic_full,hist_gradient_boosting,dynamic_full,0.85,candidate_c,42,20260701_194906,1387,1782917490436,50,up,up,0.9488306810834564,2.6824056820062836,2.6824056820062836,True,True,27
cooldown_first_signal,hist_gradient_boosting_dynamic_full,hist_gradient_boosting,dynamic_full,0.85,candidate_c,42,20260701_194906,1438,1782917495638,50,up,up,0.9381478332982142,0.10056323793694588,0.10056323793694588,True,True,28
cooldown_first_signal,hist_gradient_boosting_dynamic_full,hist_gradient_boosting,dynamic_full,0.85,candidate_c,42,20260701_194906,1489,1782917500842,50,up,up,0.9420010546629605,0.016760371108759387,0.016760371108759387,True,True,29
cooldown_first_signal,hist_gradient_boosting_dynamic_full,hist_gradient_boosting,dynamic_full,0.85,candidate_c,42,20260701_194906,1540,1782917506048,50,up,up,0.8568542312670299,4.223606440327821,4.223606440327821,True,True,30
cooldown_first_signal,hist_gradient_boosting_dynamic_full,hist_gradient_boosting,dynamic_full,0.85,candidate_c,42,20260701_194906,1591,1782917511250,50,down,up,0.9191842320526205,-2.0103920515801565,-2.0103920515801565,False,False,31
cooldown_first_signal,hist_gradient_boosting_dynamic_full,hist_gradient_boosting,dynamic_full,0.85,candidate_c,42,20260701_194906,1642,1782917516454,50,down,up,0.8797754939512061,-0.9551282427222585,-0.9551282427222585,False,False,32
cooldown_first_signal,hist_gradient_boosting_dynamic_full,hist_gradient_boosting,dynamic_full,0.85,candidate_c,42,20260701_194906,1693,1782917521660,50,down,up,0.9348973242220295,-4.893405047413646,-4.893405047413646,False,False,33
cooldown_first_signal,hist_gradient_boosting_dynamic_full,hist_gradient_boosting,dynamic_full,0.85,candidate_c,42,20260701_194906,1747,1782917527168,50,up,up,0.8571324290544957,0.11736508673809709,0.11736508673809709,True,True,34
cooldown_first_signal,hist_gradient_boosting_dynamic_full,hist_gradient_boosting,dynamic_full,0.85,candidate_c,42,20260701_194906,1798,1782917532370,50,down,up,0.8831397148472331,-2.2802092091944726,-2.2802092091944726,False,False,35
cooldown_first_signal,hist_gradient_boosting_dynamic_full,hist_gradient_boosting,dynamic_full,0.85,candidate_c,42,20260701_194906,1850,1782917537674,50,up,up,0.8933664128520946,6.7415673808746135,6.7415673808746135,True,True,36
cooldown_first_signal,hist_gradient_boosting_dynamic_full,hist_gradient_boosting,dynamic_full,0.85,candidate_c,42,20260701_194906,1901,1782917542876,50,up,up,0.921926692987696,1.9774387643356484,1.9774387643356484,True,True,37
cooldown_first_signal,hist_gradient_boosting_dynamic_full,hist_gradient_boosting,dynamic_full,0.85,candidate_c,42,20260701_194906,1952,1782917548078,50,up,up,0.9374588789521413,0.31833820753890407,0.31833820753890407,True,True,38
cooldown_first_signal,hist_gradient_boosting_dynamic_full,hist_gradient_boosting,dynamic_full,0.85,candidate_c,42,20260701_194906,2003,1782917553280,50,down,up,0.8508617290205878,-1.5916403696958348,-1.5916403696958348,False,False,39
cooldown_first_signal,hist_gradient_boosting_dynamic_full,hist_gradient_boosting,dynamic_full,0.85,candidate_c,42,20260701_194906,2054,1782917558482,50,up,up,0.942441851976357,1.524866637006017,1.524866637006017,True,True,40
cooldown_first_signal,hist_gradient_boosting_dynamic_full,hist_gradient_boosting,dynamic_full,0.85,candidate_c,42,20260701_194906,2105,1782917563684,50,down,up,0.9039716614272335,-1.0890718343403716,-1.0890718343403716,False,False,41
cooldown_first_signal,hist_gradient_boosting_dynamic_full,hist_gradient_boosting,dynamic_full,0.85,candidate_c,42,20260701_194906,2156,1782917568888,50,up,up,0.9313015123541535,0.45243295823338414,0.45243295823338414,True,True,42
cooldown_first_signal,hist_gradient_boosting_dynamic_full,hist_gradient_boosting,dynamic_full,0.85,candidate_c,42,20260701_194906,2209,1782917574294,50,up,up,0.9341893350172756,1.2399453418687756,1.2399453418687756,True,True,43
cooldown_first_signal,hist_gradient_boosting_dynamic_full,hist_gradient_boosting,dynamic_full,0.85,candidate_c,42,20260701_194906,2260,1782917579496,50,up,up,0.9495798413010932,4.104564191613758,4.104564191613758,True,True,44
cooldown_first_signal,hist_gradient_boosting_dynamic_full,hist_gradient_boosting,dynamic_full,0.85,candidate_c,42,20260701_194906,2311,1782917584698,50,down,up,0.9470625821148998,-1.1052379066456286,-1.1052379066456286,False,False,45
cooldown_first_signal,hist_gradient_boosting_dynamic_full,hist_gradient_boosting,dynamic_full,0.85,candidate_c,42,20260701_194906,2362,1782917589900,50,down,up,0.9444862318167067,-0.3852012383387393,-0.3852012383387393,False,False,46
cooldown_first_signal,hist_gradient_boosting_dynamic_full,hist_gradient_boosting,dynamic_full,0.85,candidate_c,42,20260701_194906,2413,1782917595102,50,up,up,0.913072828867262,1.591083234588897,1.591083234588897,True,True,47
cooldown_first_signal,hist_gradient_boosting_dynamic_full,hist_gradient_boosting,dynamic_full,0.85,candidate_c,42,20260701_194906,2464,1782917600304,50,down,up,0.9376987039181229,-1.5740845400624703,-1.5740845400624703,False,False,48
cooldown_first_signal,hist_gradient_boosting_dynamic_full,hist_gradient_boosting,dynamic_full,0.85,candidate_c,42,20260701_194906,2517,1782917605710,50,down,up,0.8660414963323316,-2.2107645812063925,-2.2107645812063925,False,False,49
cooldown_first_signal,hist_gradient_boosting_dynamic_full,hist_gradient_boosting,dynamic_full,0.85,candidate_c,42,20260701_194906,2577,1782917611830,50,up,up,0.9328381622636701,2.529734855305499,2.529734855305499,True,True,50
cooldown_first_signal,hist_gradient_boosting_dynamic_full,hist_gradient_boosting,dynamic_full,0.85,candidate_c,42,20260701_194906,2628,1782917617032,50,up,up,0.9436091308488048,4.656214748643972,4.656214748643972,True,True,51
cooldown_first_signal,hist_gradient_boosting_dynamic_full,hist_gradient_boosting,dynamic_full,0.85,candidate_c,42,20260701_194906,2679,1782917622234,50,up,up,0.9350526928516713,0.7366118699980717,0.7366118699980717,True,True,52
cooldown_first_signal,hist_gradient_boosting_dynamic_full,hist_gradient_boosting,dynamic_full,0.85,candidate_c,42,20260701_194906,2730,1782917627436,50,down,up,0.8696632572737119,-0.585898102275495,-0.585898102275495,False,False,53
cooldown_first_signal,hist_gradient_boosting_dynamic_full,hist_gradient_boosting,dynamic_full,0.85,candidate_c,42,20260701_194906,2781,1782917632638,50,down,up,0.9197891433532321,-3.04703228263703,-3.04703228263703,False,False,54
cooldown_first_signal,hist_gradient_boosting_dynamic_full,hist_gradient_boosting,dynamic_full,0.85,candidate_c,42,20260701_194906,2842,1782917638860,50,up,up,0.9169649236041557,0.9546051744613315,0.9546051744613315,True,True,55
cooldown_first_signal,hist_gradient_boosting_dynamic_full,hist_gradient_boosting,dynamic_full,0.85,candidate_c,42,20260701_195416,11,1782917660796,50,up,up,0.9332738003329526,0.5864950302925109,0.5864950302925109,True,True,1
cooldown_first_signal,hist_gradient_boosting_dynamic_full,hist_gradient_boosting,dynamic_full,0.85,candidate_c,42,20260701_195416,62,1782917665998,50,up,up,0.9375212590115046,2.178508676748958,2.178508676748958,True,True,2
cooldown_first_signal,hist_gradient_boosting_dynamic_full,hist_gradient_boosting,dynamic_full,0.85,candidate_c,42,20260701_195416,113,1782917671200,50,down,up,0.9219567853278159,-1.5581321513857826,-1.5581321513857826,False,False,3
cooldown_first_signal,hist_gradient_boosting_dynamic_full,hist_gradient_boosting,dynamic_full,0.85,candidate_c,42,20260701_195416,182,1782917678238,50,up,up,0.8834505021866906,1.6593907689266274,1.6593907689266274,True,True,4
cooldown_first_signal,hist_gradient_boosting_dynamic_full,hist_gradient_boosting,dynamic_full,0.85,candidate_c,42,20260701_195416,244,1782917684564,50,down,up,0.9168403159162873,-3.7208896948959236,-3.7208896948959236,False,False,5
cooldown_first_signal,hist_gradient_boosting_dynamic_full,hist_gradient_boosting,dynamic_full,0.85,candidate_c,42,20260701_195416,295,1782917689766,50,down,up,0.9052663201433537,-0.7209811379593756,-0.7209811379593756,False,False,6
cooldown_first_signal,hist_gradient_boosting_dynamic_full,hist_gradient_boosting,dynamic_full,0.85,candidate_c,42,20260701_195416,346,1782917694968,50,up,up,0.9441525675025068,1.2576159123622865,1.2576159123622865,True,True,7
cooldown_first_signal,hist_gradient_boosting_dynamic_full,hist_gradient_boosting,dynamic_full,0.85,candidate_c,42,20260701_195416,397,1782917700170,50,down,up,0.8857860255285964,-2.9508342394013454,-2.9508342394013454,False,False,8
cooldown_first_signal,hist_gradient_boosting_dynamic_full,hist_gradient_boosting,dynamic_full,0.85,candidate_c,42,20260701_195416,474,1782917708024,50,down,up,0.9180120429946624,-0.955949992076377,-0.955949992076377,False,False,9
cooldown_first_signal,hist_gradient_boosting_dynamic_full,hist_gradient_boosting,dynamic_full,0.85,candidate_c,42,20260701_195416,535,1782917714246,50,up,up,0.8793394526887524,1.2414659699921948,1.2414659699921948,True,True,10
cooldown_first_signal,hist_gradient_boosting_dynamic_full,hist_gradient_boosting,dynamic_full,0.85,candidate_c,42,20260701_195416,586,1782917719448,50,down,up,0.9320188728153408,-0.4864837208273798,-0.4864837208273798,False,False,11
cooldown_first_signal,hist_gradient_boosting_dynamic_full,hist_gradient_boosting,dynamic_full,0.85,candidate_c,42,20260701_195416,637,1782917724650,50,down,up,0.9019424544729324,-8.354506190807465,-8.354506190807465,False,False,12
cooldown_first_signal,hist_gradient_boosting_dynamic_full,hist_gradient_boosting,dynamic_full,0.85,candidate_c,42,20260701_195416,698,1782917730874,50,down,up,0.9265832192671347,-1.0241987953074627,-1.0241987953074627,False,False,13
cooldown_first_signal,hist_gradient_boosting_dynamic_full,hist_gradient_boosting,dynamic_full,0.85,candidate_c,42,20260701_195416,749,1782917736076,50,up,up,0.9200288929541921,0.11753495615440812,0.11753495615440812,True,True,14
cooldown_first_signal,hist_gradient_boosting_dynamic_full,hist_gradient_boosting,dynamic_full,0.85,candidate_c,42,20260701_195416,800,1782917741278,50,down,up,0.9189986110306309,-3.408473667021461,-3.408473667021461,False,False,15
cooldown_first_signal,hist_gradient_boosting_dynamic_full,hist_gradient_boosting,dynamic_full,0.85,candidate_c,42,20260701_195416,851,1782917746480,50,down,up,0.9211891976509932,-1.64603109151229,-1.64603109151229,False,False,16
cooldown_first_signal,hist_gradient_boosting_dynamic_full,hist_gradient_boosting,dynamic_full,0.85,candidate_c,42,20260701_195416,902,1782917751682,50,down,up,0.9273588473062233,-3.24220715351764,-3.24220715351764,False,False,17
cooldown_first_signal,hist_gradient_boosting_dynamic_full,hist_gradient_boosting,dynamic_full,0.85,candidate_c,42,20260701_195416,954,1782917756988,50,up,up,0.8571692023325522,2.470254024455887,2.470254024455887,True,True,18
cooldown_first_signal,hist_gradient_boosting_dynamic_full,hist_gradient_boosting,dynamic_full,0.85,candidate_c,42,20260701_195416,1005,1782917762190,50,down,up,0.9604410666783942,-4.989537930149002,-4.989537930149002,False,False,19
cooldown_first_signal,hist_gradient_boosting_dynamic_full,hist_gradient_boosting,dynamic_full,0.85,candidate_c,42,20260701_195416,1056,1782917767394,50,up,up,0.9569701311348324,2.8237738224401454,2.8237738224401454,True,True,20
cooldown_first_signal,hist_gradient_boosting_dynamic_full,hist_gradient_boosting,dynamic_full,0.85,candidate_c,42,20260701_195416,1107,1782917772596,50,up,up,0.9085814066495377,3.058224734149295,3.058224734149295,True,True,21
cooldown_first_signal,hist_gradient_boosting_dynamic_full,hist_gradient_boosting,dynamic_full,0.85,candidate_c,42,20260701_195416,1158,1782917777798,50,up,up,0.9611585215042985,2.2005766854782394,2.2005766854782394,True,True,22
cooldown_first_signal,hist_gradient_boosting_dynamic_full,hist_gradient_boosting,dynamic_full,0.85,candidate_c,42,20260701_195416,1209,1782917783002,50,up,up,0.944582160840583,5.491834045845412,5.491834045845412,True,True,23
cooldown_first_signal,hist_gradient_boosting_dynamic_full,hist_gradient_boosting,dynamic_full,0.85,candidate_c,42,20260701_195416,1260,1782917788206,50,up,up,0.9493196993556852,0.688200632306124,0.688200632306124,True,True,24
cooldown_first_signal,hist_gradient_boosting_dynamic_full,hist_gradient_boosting,dynamic_full,0.85,candidate_c,42,20260701_195416,1339,1782917796264,50,up,up,0.9055745117671437,0.6042331567912562,0.6042331567912562,True,True,25
cooldown_first_signal,hist_gradient_boosting_dynamic_full,hist_gradient_boosting,dynamic_full,0.85,candidate_c,42,20260701_195416,1390,1782917801466,50,down,up,0.9406900072347727,-0.5538469284582792,-0.5538469284582792,False,False,26
cooldown_first_signal,hist_gradient_boosting_dynamic_full,hist_gradient_boosting,dynamic_full,0.85,candidate_c,42,20260701_195416,1441,1782917806668,50,up,up,0.9186894489666065,0.033568339685707826,0.033568339685707826,True,True,27
cooldown_first_signal,hist_gradient_boosting_dynamic_full,hist_gradient_boosting,dynamic_full,0.85,candidate_c,42,20260701_195416,1492,1782917811870,50,up,up,0.890103731288646,0.5035234050265736,0.5035234050265736,True,True,28
cooldown_first_signal,hist_gradient_boosting_dynamic_full,hist_gradient_boosting,dynamic_full,0.85,candidate_c,42,20260701_195416,1543,1782917817072,50,up,up,0.9382949890704791,0.1006886262966411,0.1006886262966411,True,True,29
cooldown_first_signal,hist_gradient_boosting_dynamic_full,hist_gradient_boosting,dynamic_full,0.85,candidate_c,42,20260701_195416,1594,1782917822276,50,down,up,0.8641049755484308,-7.18238302406915,-7.18238302406915,False,False,30
cooldown_first_signal,hist_gradient_boosting_dynamic_full,hist_gradient_boosting,dynamic_full,0.85,candidate_c,42,20260701_195416,1647,1782917827682,50,down,up,0.8583612823522409,-0.0167941200424071,-0.0167941200424071,False,False,31
cooldown_first_signal,hist_gradient_boosting_dynamic_full,hist_gradient_boosting,dynamic_full,0.85,candidate_c,42,20260701_195416,1698,1782917832886,50,up,up,0.8673510315498425,0.33588296493913816,0.33588296493913816,True,True,32
cooldown_first_signal,hist_gradient_boosting_dynamic_full,hist_gradient_boosting,dynamic_full,0.85,candidate_c,42,20260701_195416,1749,1782917838088,50,up,up,0.9310808644616311,0.03358716835766273,0.03358716835766273,True,True,33
cooldown_first_signal,hist_gradient_boosting_dynamic_full,hist_gradient_boosting,dynamic_full,0.85,candidate_c,42,20260701_195416,1800,1782917843290,50,down,up,0.9323771186496195,-0.5877734721038141,-0.5877734721038141,False,False,34
cooldown_first_signal,hist_gradient_boosting_dynamic_full,hist_gradient_boosting,dynamic_full,0.85,candidate_c,42,20260701_195416,1851,1782917848494,50,up,up,0.9505443467331346,0.571013506989182,0.571013506989182,True,True,35
cooldown_first_signal,hist_gradient_boosting_dynamic_full,hist_gradient_boosting,dynamic_full,0.85,candidate_c,42,20260701_195416,1902,1782917853696,50,down,up,0.9317250601017377,-1.074787582509007,-1.074787582509007,False,False,36
cooldown_first_signal,hist_gradient_boosting_dynamic_full,hist_gradient_boosting,dynamic_full,0.85,candidate_c,42,20260701_195416,1953,1782917858900,50,down,up,0.9566502856324038,-3.0231650018264222,-3.0231650018264222,False,False,37
cooldown_first_signal,hist_gradient_boosting_dynamic_full,hist_gradient_boosting,dynamic_full,0.85,candidate_c,42,20260701_195416,2020,1782917865734,50,up,up,0.9521777205080877,0.5880154060045051,0.5880154060045051,True,True,38
cooldown_first_signal,hist_gradient_boosting_dynamic_full,hist_gradient_boosting,dynamic_full,0.85,candidate_c,42,20260701_195416,2071,1782917870936,50,up,up,0.9389035394216372,1.1423032697588376,1.1423032697588376,True,True,39
cooldown_first_signal,hist_gradient_boosting_dynamic_full,hist_gradient_boosting,dynamic_full,0.85,candidate_c,42,20260701_195416,2122,1782917876140,50,down,up,0.9355268767437307,-2.5698887977210205,-2.5698887977210205,False,False,40
cooldown_first_signal,hist_gradient_boosting_dynamic_full,hist_gradient_boosting,dynamic_full,0.85,candidate_c,42,20260701_195416,2173,1782917881342,50,down,up,0.9521777205080877,-0.9072527295284072,-0.9072527295284072,False,False,41
cooldown_first_signal,hist_gradient_boosting_dynamic_full,hist_gradient_boosting,dynamic_full,0.85,candidate_c,42,20260701_195416,2226,1782917886748,50,down,up,0.8680731131620907,-0.42006252210624595,-0.42006252210624595,False,False,42
cooldown_first_signal,hist_gradient_boosting_dynamic_full,hist_gradient_boosting,dynamic_full,0.85,candidate_c,42,20260701_195416,2277,1782917891950,50,up,up,0.9337707974247754,0.6889314756830522,0.6889314756830522,True,True,43
cooldown_first_signal,hist_gradient_boosting_dynamic_full,hist_gradient_boosting,dynamic_full,0.85,candidate_c,42,20260701_195416,2328,1782917897152,50,down,up,0.9439493683392219,-1.142539344098914,-1.142539344098914,False,False,44
cooldown_first_signal,hist_gradient_boosting_dynamic_full,hist_gradient_boosting,dynamic_full,0.85,candidate_c,42,20260701_195416,2401,1782917904598,50,down,up,0.9419935608590664,-0.7057168949464732,-0.7057168949464732,False,False,45
cooldown_first_signal,hist_gradient_boosting_dynamic_full,hist_gradient_boosting,dynamic_full,0.85,candidate_c,42,20260701_195416,2502,1782917914900,50,down,up,0.9314608490770098,-0.28566747465652575,-0.28566747465652575,False,False,46
cooldown_first_signal,hist_gradient_boosting_dynamic_full,hist_gradient_boosting,dynamic_full,0.85,candidate_c,42,20260701_195416,2564,1782917921224,50,down,up,0.921510136528602,-0.0672279641444895,-0.0672279641444895,False,False,47
cooldown_first_signal,hist_gradient_boosting_dynamic_full,hist_gradient_boosting,dynamic_full,0.85,candidate_c,42,20260701_195416,2627,1782917927650,50,down,up,0.9379294392302651,-0.4033704966421858,-0.4033704966421858,False,False,48
cooldown_first_signal,hist_gradient_boosting_dynamic_full,hist_gradient_boosting,dynamic_full,0.85,candidate_c,42,20260701_195416,2723,1782917937444,50,up,up,0.9345709364888198,0.10084770903473483,0.10084770903473483,True,True,49
cooldown_first_signal,hist_gradient_boosting_dynamic_full,hist_gradient_boosting,dynamic_full,0.85,candidate_c,42,20260701_195416,2776,1782917942850,50,down,up,0.8687651870729556,-0.28572653113623225,-0.28572653113623225,False,False,50
cooldown_first_signal,hist_gradient_boosting_dynamic_full,hist_gradient_boosting,dynamic_full,0.85,candidate_c,42,20260701_195416,2827,1782917948054,50,up,up,0.907790474001069,0.4370060046299251,0.4370060046299251,True,True,51
cooldown_first_signal,hist_gradient_boosting_dynamic_full,hist_gradient_boosting,dynamic_full,0.85,candidate_c,42,20260701_195929,13,1782917973350,50,up,up,0.9267681805020971,0.6723146701581584,0.6723146701581584,True,True,1
cooldown_first_signal,hist_gradient_boosting_dynamic_full,hist_gradient_boosting,dynamic_full,0.85,candidate_c,42,20260701_195929,92,1782917981408,50,up,up,0.860204883919871,0.9075637878686038,0.9075637878686038,True,True,2
cooldown_first_signal,hist_gradient_boosting_dynamic_full,hist_gradient_boosting,dynamic_full,0.85,candidate_c,42,20260701_195929,143,1782917986610,50,up,up,0.9314608490770098,2.1006514540289345,2.1006514540289345,True,True,3
cooldown_first_signal,hist_gradient_boosting_dynamic_full,hist_gradient_boosting,dynamic_full,0.85,candidate_c,42,20260701_195929,208,1782917993242,50,up,up,0.9235080738092236,0.9912992488803063,0.9912992488803063,True,True,4
cooldown_first_signal,hist_gradient_boosting_dynamic_full,hist_gradient_boosting,dynamic_full,0.85,candidate_c,42,20260701_195929,259,1782917998444,50,up,up,0.9416107434365212,0.6048006047998378,0.6048006047998378,True,True,5
cooldown_first_signal,hist_gradient_boosting_dynamic_full,hist_gradient_boosting,dynamic_full,0.85,candidate_c,42,20260701_195929,310,1782918003646,50,down,up,0.9302207203670627,-0.15119100715943468,-0.15119100715943468,False,False,6
cooldown_first_signal,hist_gradient_boosting_dynamic_full,hist_gradient_boosting,dynamic_full,0.85,candidate_c,42,20260701_195929,387,1782918011500,50,down,up,0.9201174954782949,-1.6967247332910773,-1.6967247332910773,False,False,7
cooldown_first_signal,hist_gradient_boosting_dynamic_full,hist_gradient_boosting,dynamic_full,0.85,candidate_c,42,20260701_195929,438,1782918016702,50,up,up,0.9158370573429213,2.1338674162652005,2.1338674162652005,True,True,8
cooldown_first_signal,hist_gradient_boosting_dynamic_full,hist_gradient_boosting,dynamic_full,0.85,candidate_c,42,20260701_195929,503,1782918023332,50,up,up,0.9184318411467001,0.5712792707113223,0.5712792707113223,True,True,9
cooldown_first_signal,hist_gradient_boosting_dynamic_full,hist_gradient_boosting,dynamic_full,0.85,candidate_c,42,20260701_195929,554,1782918028534,50,up,up,0.9159940088443553,0.7224589815524318,0.7224589815524318,True,True,10
cooldown_first_signal,hist_gradient_boosting_dynamic_full,hist_gradient_boosting,dynamic_full,0.85,candidate_c,42,20260701_195929,622,1782918035472,50,down,up,0.8522834168925609,-1.1088104228174078,-1.1088104228174078,False,False,11
cooldown_first_signal,hist_gradient_boosting_dynamic_full,hist_gradient_boosting,dynamic_full,0.85,candidate_c,42,20260701_195929,673,1782918040674,50,up,up,0.9298629125487643,0.6048727540952648,0.6048727540952648,True,True,12
cooldown_first_signal,hist_gradient_boosting_dynamic_full,hist_gradient_boosting,dynamic_full,0.85,candidate_c,42,20260701_195929,724,1782918045876,50,down,up,0.9417338984533821,-0.1848110517010948,-0.1848110517010948,False,False,13
cooldown_first_signal,hist_gradient_boosting_dynamic_full,hist_gradient_boosting,dynamic_full,0.85,candidate_c,42,20260701_195929,791,1782918052710,50,up,up,0.8570471148828902,0.15121183686295225,0.15121183686295225,True,True,14
cooldown_first_signal,hist_gradient_boosting_dynamic_full,hist_gradient_boosting,dynamic_full,0.85,candidate_c,42,20260701_195929,842,1782918057912,50,down,up,0.9183419307338645,-1.9993262774475884,-1.9993262774475884,False,False,15
cooldown_first_signal,hist_gradient_boosting_dynamic_full,hist_gradient_boosting,dynamic_full,0.85,candidate_c,42,20260701_195929,893,1782918063114,50,down,up,0.9497959198783157,-0.6889812571886367,-0.6889812571886367,False,False,16
cooldown_first_signal,hist_gradient_boosting_dynamic_full,hist_gradient_boosting,dynamic_full,0.85,candidate_c,42,20260701_195929,944,1782918068316,50,down,up,0.9185378720914756,-0.03361115756050914,-0.03361115756050914,False,False,17
cooldown_first_signal,hist_gradient_boosting_dynamic_full,hist_gradient_boosting,dynamic_full,0.85,candidate_c,42,20260701_195929,1002,1782918074232,50,up,up,0.9158452782608092,1.2269536505660206,1.2269536505660206,True,True,18
cooldown_first_signal,hist_gradient_boosting_dynamic_full,hist_gradient_boosting,dynamic_full,0.85,candidate_c,42,20260701_195929,1053,1782918079434,50,up,up,0.912751225843077,0.7898595478472714,0.7898595478472714,True,True,19
cooldown_first_signal,hist_gradient_boosting_dynamic_full,hist_gradient_boosting,dynamic_full,0.85,candidate_c,42,20260701_195929,1104,1782918084636,50,down,up,0.9328682881458775,-0.43690906997961854,-0.43690906997961854,False,False,20
cooldown_first_signal,hist_gradient_boosting_dynamic_full,hist_gradient_boosting,dynamic_full,0.85,candidate_c,42,20260701_195929,1172,1782918091572,50,down,up,0.90574896218443,-0.43690906997961854,-0.43690906997961854,False,False,21
cooldown_first_signal,hist_gradient_boosting_dynamic_full,hist_gradient_boosting,dynamic_full,0.85,candidate_c,42,20260701_195929,1223,1782918096774,50,up,up,0.8898227531356547,14.267384909341096,14.267384909341096,True,True,22
cooldown_first_signal,hist_gradient_boosting_dynamic_full,hist_gradient_boosting,dynamic_full,0.85,candidate_c,42,20260701_195929,1274,1782918101978,50,down,up,0.9452527603373145,-1.0236402156349467,-1.0236402156349467,False,False,23
cooldown_first_signal,hist_gradient_boosting_dynamic_full,hist_gradient_boosting,dynamic_full,0.85,candidate_c,42,20260701_195929,1330,1782918107690,50,up,up,0.9531425421203875,0.8557786453011751,0.8557786453011751,True,True,24
cooldown_first_signal,hist_gradient_boosting_dynamic_full,hist_gradient_boosting,dynamic_full,0.85,candidate_c,42,20260701_195929,1381,1782918112892,50,down,up,0.9246495133248247,-2.013424507906203,-2.013424507906203,False,False,25
cooldown_first_signal,hist_gradient_boosting_dynamic_full,hist_gradient_boosting,dynamic_full,0.85,candidate_c,42,20260701_195929,1446,1782918119526,50,down,up,0.924594901458083,-2.8193619683170024,-2.8193619683170024,False,False,26
cooldown_first_signal,hist_gradient_boosting_dynamic_full,hist_gradient_boosting,dynamic_full,0.85,candidate_c,42,20260701_195929,1497,1782918124730,50,up,up,0.937249741834597,1.2757853424005816,1.2757853424005816,True,True,27
cooldown_first_signal,hist_gradient_boosting_dynamic_full,hist_gradient_boosting,dynamic_full,0.85,candidate_c,42,20260701_195929,1548,1782918129932,50,down,up,0.9580847541082032,-2.7190902796714322,-2.7190902796714322,False,False,28
cooldown_first_signal,hist_gradient_boosting_dynamic_full,hist_gradient_boosting,dynamic_full,0.85,candidate_c,42,20260701_195929,1599,1782918135134,50,down,up,0.9613779319951842,-1.1248678909825394,-1.1248678909825394,False,False,29
cooldown_first_signal,hist_gradient_boosting_dynamic_full,hist_gradient_boosting,dynamic_full,0.85,candidate_c,42,20260701_195929,1650,1782918140336,50,up,up,0.8586173003331153,0.5037288528320083,0.5037288528320083,True,True,30
cooldown_first_signal,hist_gradient_boosting_dynamic_full,hist_gradient_boosting,dynamic_full,0.85,candidate_c,42,20260701_195929,1701,1782918145538,50,down,up,0.9394787927455888,-0.1511110439511576,-0.1511110439511576,False,False,31
cooldown_first_signal,hist_gradient_boosting_dynamic_full,hist_gradient_boosting,dynamic_full,0.85,candidate_c,42,20260701_195929,1752,1782918150742,50,up,up,0.9059741577352727,1.4439717955383458,1.4439717955383458,True,True,32
cooldown_first_signal,hist_gradient_boosting_dynamic_full,hist_gradient_boosting,dynamic_full,0.85,candidate_c,42,20260701_195929,1803,1782918155944,50,up,up,0.933505744753586,3.458316790212468,3.458316790212468,True,True,33
cooldown_first_signal,hist_gradient_boosting_dynamic_full,hist_gradient_boosting,dynamic_full,0.85,candidate_c,42,20260701_195929,1854,1782918161146,50,up,up,0.950820937843134,9.02879228155573,9.02879228155573,True,True,34
cooldown_first_signal,hist_gradient_boosting_dynamic_full,hist_gradient_boosting,dynamic_full,0.85,candidate_c,42,20260701_195929,1905,1782918166348,50,up,up,0.9400605005278122,4.57796756686113,4.57796756686113,True,True,35
cooldown_first_signal,hist_gradient_boosting_dynamic_full,hist_gradient_boosting,dynamic_full,0.85,candidate_c,42,20260701_195929,1956,1782918171550,50,up,up,0.9016116988832531,2.748875936022799,2.748875936022799,True,True,36
cooldown_first_signal,hist_gradient_boosting_dynamic_full,hist_gradient_boosting,dynamic_full,0.85,candidate_c,42,20260701_195929,2007,1782918176752,50,down,up,0.938036668950368,-0.40216397733550124,-0.40216397733550124,False,False,37
cooldown_first_signal,hist_gradient_boosting_dynamic_full,hist_gradient_boosting,dynamic_full,0.85,candidate_c,42,20260701_195929,2058,1782918181954,50,up,up,0.8574732366398818,3.871671682240674,3.871671682240674,True,True,38
cooldown_first_signal,hist_gradient_boosting_dynamic_full,hist_gradient_boosting,dynamic_full,0.85,candidate_c,42,20260701_195929,2109,1782918187158,50,up,up,0.9521777205080877,2.5298535281814694,2.5298535281814694,True,True,39
cooldown_first_signal,hist_gradient_boosting_dynamic_full,hist_gradient_boosting,dynamic_full,0.85,candidate_c,42,20260701_195929,2160,1782918192362,50,up,up,0.9080076588102624,1.6414764242944635,1.6414764242944635,True,True,40
cooldown_first_signal,hist_gradient_boosting_dynamic_full,hist_gradient_boosting,dynamic_full,0.85,candidate_c,42,20260701_195929,2211,1782918197564,50,down,up,0.9545259213706953,-1.7919301180757685,-1.7919301180757685,False,False,41
cooldown_first_signal,hist_gradient_boosting_dynamic_full,hist_gradient_boosting,dynamic_full,0.85,candidate_c,42,20260701_195929,2262,1782918202766,50,down,up,0.9102996722916198,-4.656503317758132,-4.656503317758132,False,False,42
cooldown_first_signal,hist_gradient_boosting_dynamic_full,hist_gradient_boosting,dynamic_full,0.85,candidate_c,42,20260701_195929,2313,1782918207968,50,down,up,0.9298063415660263,-0.31841076161387427,-0.31841076161387427,False,False,43
cooldown_first_signal,hist_gradient_boosting_dynamic_full,hist_gradient_boosting,dynamic_full,0.85,candidate_c,42,20260701_195929,2364,1782918213170,50,up,up,0.9317559017212335,3.1004140309653927,3.1004140309653927,True,True,44
cooldown_first_signal,hist_gradient_boosting_dynamic_full,hist_gradient_boosting,dynamic_full,0.85,candidate_c,42,20260701_195929,2415,1782918218372,50,up,up,0.9366061927519099,2.0606967332925663,2.0606967332925663,True,True,45
cooldown_first_signal,hist_gradient_boosting_dynamic_full,hist_gradient_boosting,dynamic_full,0.85,candidate_c,42,20260701_195929,2466,1782918223574,50,up,up,0.9169894710350893,0.9882606361544255,0.9882606361544255,True,True,46
cooldown_first_signal,hist_gradient_boosting_dynamic_full,hist_gradient_boosting,dynamic_full,0.85,candidate_c,42,20260701_195929,2517,1782918228776,50,up,up,0.8997711533664409,1.2728879063095278,1.2728879063095278,True,True,47
cooldown_first_signal,hist_gradient_boosting_dynamic_full,hist_gradient_boosting,dynamic_full,0.85,candidate_c,42,20260701_195929,2568,1782918233978,50,down,up,0.93572175702564,-0.5358845905545362,-0.5358845905545362,False,False,48
cooldown_first_signal,hist_gradient_boosting_dynamic_full,hist_gradient_boosting,dynamic_full,0.85,candidate_c,42,20260701_195929,2634,1782918240710,50,up,up,0.900030203352087,0.2512480748118051,0.2512480748118051,True,True,49
cooldown_first_signal,hist_gradient_boosting_dynamic_full,hist_gradient_boosting,dynamic_full,0.85,candidate_c,42,20260701_195929,2685,1782918245916,50,up,up,0.9597599222399325,1.9763789220861305,1.9763789220861305,True,True,50
cooldown_first_signal,hist_gradient_boosting_dynamic_full,hist_gradient_boosting,dynamic_full,0.85,candidate_c,42,20260701_195929,2736,1782918251118,50,down,up,0.9413071722732685,-5.325121259540655,-5.325121259540655,False,False,51
cooldown_first_signal,hist_gradient_boosting_dynamic_full,hist_gradient_boosting,dynamic_full,0.85,candidate_c,42,20260701_195929,2787,1782918256320,50,down,up,0.8617637129653786,-1.9100228448787337,-1.9100228448787337,False,False,52
cooldown_first_signal,hist_gradient_boosting_dynamic_full,hist_gradient_boosting,dynamic_full,0.85,candidate_c,42,20260701_195929,2838,1782918261522,50,up,up,0.9173129434920542,1.9103877332993235,1.9103877332993235,True,True,53
cooldown_first_signal,hist_gradient_boosting_dynamic_full,hist_gradient_boosting,dynamic_full,0.85,candidate_c,42,20260701_200443,12,1782918287128,50,up,up,0.9486197275410598,2.3440789820661223,2.3440789820661223,True,True,1
cooldown_first_signal,hist_gradient_boosting_dynamic_full,hist_gradient_boosting,dynamic_full,0.85,candidate_c,42,20260701_200443,63,1782918292330,50,up,up,0.920736682224342,0.21761346659099345,0.21761346659099345,True,True,2
cooldown_first_signal,hist_gradient_boosting_dynamic_full,hist_gradient_boosting,dynamic_full,0.85,candidate_c,42,20260701_200443,114,1782918297532,50,down,up,0.9568831280910326,-3.8830628997621464,-3.8830628997621464,False,False,3
cooldown_first_signal,hist_gradient_boosting_dynamic_full,hist_gradient_boosting,dynamic_full,0.85,candidate_c,42,20260701_200443,165,1782918302736,50,down,up,0.8985043014637958,-1.959190234860353,-1.959190234860353,False,False,4
cooldown_first_signal,hist_gradient_boosting_dynamic_full,hist_gradient_boosting,dynamic_full,0.85,candidate_c,42,20260701_200443,216,1782918307938,50,down,up,0.9189986110306309,-0.519203407983726,-0.519203407983726,False,False,5
cooldown_first_signal,hist_gradient_boosting_dynamic_full,hist_gradient_boosting,dynamic_full,0.85,candidate_c,42,20260701_200443,267,1782918313142,50,up,up,0.8713194789992377,6.364759332537773,6.364759332537773,True,True,6
cooldown_first_signal,hist_gradient_boosting_dynamic_full,hist_gradient_boosting,dynamic_full,0.85,candidate_c,42,20260701_200443,318,1782918318346,50,up,up,0.9382484063345569,6.394188318887828,6.394188318887828,True,True,7
cooldown_first_signal,hist_gradient_boosting_dynamic_full,hist_gradient_boosting,dynamic_full,0.85,candidate_c,42,20260701_200443,369,1782918323548,50,up,up,0.8819026617139205,5.687525667050775,5.687525667050775,True,True,8
cooldown_first_signal,hist_gradient_boosting_dynamic_full,hist_gradient_boosting,dynamic_full,0.85,candidate_c,42,20260701_200443,420,1782918328752,50,up,up,0.9424014172251584,1.9227409257083217,1.9227409257083217,True,True,9
cooldown_first_signal,hist_gradient_boosting_dynamic_full,hist_gradient_boosting,dynamic_full,0.85,candidate_c,42,20260701_200443,471,1782918333954,50,up,up,0.9545546103733318,3.359734831673844,3.359734831673844,True,True,10
cooldown_first_signal,hist_gradient_boosting_dynamic_full,hist_gradient_boosting,dynamic_full,0.85,candidate_c,42,20260701_200443,522,1782918339158,50,down,up,0.9549074999382766,-1.9048812582245223,-1.9048812582245223,False,False,11
cooldown_first_signal,hist_gradient_boosting_dynamic_full,hist_gradient_boosting,dynamic_full,0.85,candidate_c,42,20260701_200443,573,1782918344360,50,down,up,0.8935882086793695,-0.7854954094477229,-0.7854954094477229,False,False,12
cooldown_first_signal,hist_gradient_boosting_dynamic_full,hist_gradient_boosting,dynamic_full,0.85,candidate_c,42,20260701_200443,629,1782918350072,50,down,up,0.9258943816628213,-2.8915960691011655,-2.8915960691011655,False,False,13
cooldown_first_signal,hist_gradient_boosting_dynamic_full,hist_gradient_boosting,dynamic_full,0.85,candidate_c,42,20260701_200443,680,1782918355274,50,down,up,0.9532087137413471,-1.4211610886094572,-1.4211610886094572,False,False,14
cooldown_first_signal,hist_gradient_boosting_dynamic_full,hist_gradient_boosting,dynamic_full,0.85,candidate_c,42,20260701_200443,732,1782918360578,50,up,up,0.8773100951125601,3.4955648975021347,3.4955648975021347,True,True,15
cooldown_first_signal,hist_gradient_boosting_dynamic_full,hist_gradient_boosting,dynamic_full,0.85,candidate_c,42,20260701_200443,784,1782918365882,50,up,up,0.8933592506426842,2.240553517043331,2.240553517043331,True,True,16
cooldown_first_signal,hist_gradient_boosting_dynamic_full,hist_gradient_boosting,dynamic_full,0.85,candidate_c,42,20260701_200443,835,1782918371084,50,up,up,0.9610595306476964,5.784207275227882,5.784207275227882,True,True,17
cooldown_first_signal,hist_gradient_boosting_dynamic_full,hist_gradient_boosting,dynamic_full,0.85,candidate_c,42,20260701_200443,886,1782918376286,50,up,up,0.9451920644791701,4.895355510574628,4.895355510574628,True,True,18
cooldown_first_signal,hist_gradient_boosting_dynamic_full,hist_gradient_boosting,dynamic_full,0.85,candidate_c,42,20260701_200443,937,1782918381488,50,up,up,0.9503897102023359,6.412616823601169,6.412616823601169,True,True,19
cooldown_first_signal,hist_gradient_boosting_dynamic_full,hist_gradient_boosting,dynamic_full,0.85,candidate_c,42,20260701_200443,988,1782918386690,50,up,up,0.9180899177762704,6.608773146350444,6.608773146350444,True,True,20
cooldown_first_signal,hist_gradient_boosting_dynamic_full,hist_gradient_boosting,dynamic_full,0.85,candidate_c,42,20260701_200443,1039,1782918391892,50,down,up,0.8680311787282478,-10.35741418231928,-10.35741418231928,False,False,21
cooldown_first_signal,hist_gradient_boosting_dynamic_full,hist_gradient_boosting,dynamic_full,0.85,candidate_c,42,20260701_200443,1092,1782918397298,50,up,up,0.922712141422959,10.453395140841426,10.453395140841426,True,True,22
cooldown_first_signal,hist_gradient_boosting_dynamic_full,hist_gradient_boosting,dynamic_full,0.85,candidate_c,42,20260701_200443,1143,1782918402500,50,down,up,0.9505441334944159,-1.2510957513622856,-1.2510957513622856,False,False,23
cooldown_first_signal,hist_gradient_boosting_dynamic_full,hist_gradient_boosting,dynamic_full,0.85,candidate_c,42,20260701_200443,1194,1782918407704,50,down,up,0.9379833047837511,-0.016684171143532822,-0.016684171143532822,False,False,24
cooldown_first_signal,hist_gradient_boosting_dynamic_full,hist_gradient_boosting,dynamic_full,0.85,candidate_c,42,20260701_200443,1245,1782918412906,50,up,up,0.9441753037249762,0.7507864488043303,0.7507864488043303,True,True,25
cooldown_first_signal,hist_gradient_boosting_dynamic_full,hist_gradient_boosting,dynamic_full,0.85,candidate_c,42,20260701_200443,1296,1782918418108,50,down,up,0.9607646270022099,-0.06673156311198802,-0.06673156311198802,False,False,26
cooldown_first_signal,hist_gradient_boosting_dynamic_full,hist_gradient_boosting,dynamic_full,0.85,candidate_c,42,20260701_200443,1349,1782918423516,50,down,up,0.866216170967985,-0.41707505265553557,-0.41707505265553557,False,False,27
cooldown_first_signal,hist_gradient_boosting_dynamic_full,hist_gradient_boosting,dynamic_full,0.85,candidate_c,42,20260701_200443,1400,1782918428720,50,up,up,0.9594081690108336,0.30030656295032543,0.30030656295032543,True,True,28
cooldown_first_signal,hist_gradient_boosting_dynamic_full,hist_gradient_boosting,dynamic_full,0.85,candidate_c,42,20260701_200443,1451,1782918433922,50,up,up,0.9593242660143415,2.919559463501198,2.919559463501198,True,True,29
cooldown_first_signal,hist_gradient_boosting_dynamic_full,hist_gradient_boosting,dynamic_full,0.85,candidate_c,42,20260701_200443,1507,1782918439634,50,down,up,0.9302355721845383,-3.252273881488854,-3.252273881488854,False,False,30
cooldown_first_signal,hist_gradient_boosting_dynamic_full,hist_gradient_boosting,dynamic_full,0.85,candidate_c,42,20260701_200443,1558,1782918444838,50,down,up,0.9386234231193226,-4.80521766551445,-4.80521766551445,False,False,31
cooldown_first_signal,hist_gradient_boosting_dynamic_full,hist_gradient_boosting,dynamic_full,0.85,candidate_c,42,20260701_200443,1609,1782918450042,50,up,up,0.9446258374899459,2.537306332164313,2.537306332164313,True,True,32
cooldown_first_signal,hist_gradient_boosting_dynamic_full,hist_gradient_boosting,dynamic_full,0.85,candidate_c,42,20260701_200443,1660,1782918455244,50,down,up,0.9535257972234169,-0.9513088424151217,-0.9513088424151217,False,False,33
cooldown_first_signal,hist_gradient_boosting_dynamic_full,hist_gradient_boosting,dynamic_full,0.85,candidate_c,42,20260701_200443,1711,1782918460446,50,down,up,0.9565769236859409,-1.9528723497475031,-1.9528723497475031,False,False,34
cooldown_first_signal,hist_gradient_boosting_dynamic_full,hist_gradient_boosting,dynamic_full,0.85,candidate_c,42,20260701_200443,1766,1782918466056,50,up,up,0.9102064808861204,2.003407462192186,2.003407462192186,True,True,35
cooldown_first_signal,hist_gradient_boosting_dynamic_full,hist_gradient_boosting,dynamic_full,0.85,candidate_c,42,20260701_200443,1817,1782918471260,50,up,up,0.8983939208732405,1.6691718153660773,1.6691718153660773,True,True,36
cooldown_first_signal,hist_gradient_boosting_dynamic_full,hist_gradient_boosting,dynamic_full,0.85,candidate_c,42,20260701_200443,1868,1782918476462,50,down,up,0.9611001525523208,-3.3210975643327423,-3.3210975643327423,False,False,37
cooldown_first_signal,hist_gradient_boosting_dynamic_full,hist_gradient_boosting,dynamic_full,0.85,candidate_c,42,20260701_200443,1919,1782918481664,50,down,up,0.866795044519705,-5.910525661114718,-5.910525661114718,False,False,38
cooldown_first_signal,hist_gradient_boosting_dynamic_full,hist_gradient_boosting,dynamic_full,0.85,candidate_c,42,20260701_200443,1970,1782918486866,50,down,up,0.9282209012920267,-2.572628733755744,-2.572628733755744,False,False,39
cooldown_first_signal,hist_gradient_boosting_dynamic_full,hist_gradient_boosting,dynamic_full,0.85,candidate_c,42,20260701_200443,2021,1782918492070,50,down,up,0.9060497288831046,-3.191618242354144,-3.191618242354144,False,False,40
cooldown_first_signal,hist_gradient_boosting_dynamic_full,hist_gradient_boosting,dynamic_full,0.85,candidate_c,42,20260701_200443,2077,1782918497782,50,up,up,0.9385104034092997,2.7246066244712708,2.7246066244712708,True,True,41
cooldown_first_signal,hist_gradient_boosting_dynamic_full,hist_gradient_boosting,dynamic_full,0.85,candidate_c,42,20260701_200443,2128,1782918502986,50,down,up,0.9574703403599369,-6.7511733088010395,-6.7511733088010395,False,False,42
cooldown_first_signal,hist_gradient_boosting_dynamic_full,hist_gradient_boosting,dynamic_full,0.85,candidate_c,42,20260701_200443,2193,1782918509616,50,up,up,0.8820503419956985,4.248454290227688,4.248454290227688,True,True,43
cooldown_first_signal,hist_gradient_boosting_dynamic_full,hist_gradient_boosting,dynamic_full,0.85,candidate_c,42,20260701_200443,2244,1782918514818,50,down,up,0.9444039508497079,-3.109684074488195,-3.109684074488195,False,False,44
cooldown_first_signal,hist_gradient_boosting_dynamic_full,hist_gradient_boosting,dynamic_full,0.85,candidate_c,42,20260701_200443,2299,1782918520430,50,down,up,0.8635873743199176,-0.4013810854186506,-0.4013810854186506,False,False,45
cooldown_first_signal,hist_gradient_boosting_dynamic_full,hist_gradient_boosting,dynamic_full,0.85,candidate_c,42,20260701_200443,2350,1782918525632,50,down,up,0.9310810795237131,-3.278077106728672,-3.278077106728672,False,False,46
cooldown_first_signal,hist_gradient_boosting_dynamic_full,hist_gradient_boosting,dynamic_full,0.85,candidate_c,42,20260701_200443,2425,1782918533282,50,up,up,0.8511874254789981,3.697751482656386,3.697751482656386,True,True,47
cooldown_first_signal,hist_gradient_boosting_dynamic_full,hist_gradient_boosting,dynamic_full,0.85,candidate_c,42,20260701_200443,2476,1782918538484,50,up,up,0.8787990374065375,1.7227494076998973,1.7227494076998973,True,True,48
cooldown_first_signal,hist_gradient_boosting_dynamic_full,hist_gradient_boosting,dynamic_full,0.85,candidate_c,42,20260701_200443,2527,1782918543688,50,down,up,0.9410706836975424,-4.6155042480200414,-4.6155042480200414,False,False,49
cooldown_first_signal,hist_gradient_boosting_dynamic_full,hist_gradient_boosting,dynamic_full,0.85,candidate_c,42,20260701_200443,2578,1782918548890,50,down,up,0.911264153742687,-3.4632266397416345,-3.4632266397416345,False,False,50
cooldown_first_signal,hist_gradient_boosting_dynamic_full,hist_gradient_boosting,dynamic_full,0.85,candidate_c,42,20260701_200443,2629,1782918554092,50,up,up,0.954026974459847,4.685921900744461,4.685921900744461,True,True,51
cooldown_first_signal,hist_gradient_boosting_dynamic_full,hist_gradient_boosting,dynamic_full,0.85,candidate_c,42,20260701_200443,2680,1782918559294,50,up,up,0.95163795877597,1.7898528724225038,1.7898528724225038,True,True,52
cooldown_first_signal,hist_gradient_boosting_dynamic_full,hist_gradient_boosting,dynamic_full,0.85,candidate_c,42,20260701_200443,2731,1782918564496,50,down,up,0.9120951484916219,-1.9233294002640733,-1.9233294002640733,False,False,53
cooldown_first_signal,hist_gradient_boosting_dynamic_full,hist_gradient_boosting,dynamic_full,0.85,candidate_c,42,20260701_200443,2783,1782918569800,50,down,up,0.8556182909384343,-3.144830308804414,-3.144830308804414,False,False,54
cooldown_first_signal,hist_gradient_boosting_dynamic_full,hist_gradient_boosting,dynamic_full,0.85,candidate_c,42,20260701_200443,2834,1782918575004,50,down,up,0.9266143149143794,-0.7195225716738474,-0.7195225716738474,False,False,55
cooldown_first_signal,hist_gradient_boosting_dynamic_full,hist_gradient_boosting,dynamic_full,0.85,candidate_c,42,20260701_200954,11,1782918598976,50,up,up,0.9169649236041557,1.8900224377427222,1.8900224377427222,True,True,1
cooldown_first_signal,hist_gradient_boosting_dynamic_full,hist_gradient_boosting,dynamic_full,0.85,candidate_c,42,20260701_200954,62,1782918604182,50,up,up,0.9463641972038498,1.1538664140431365,1.1538664140431365,True,True,2
cooldown_first_signal,hist_gradient_boosting_dynamic_full,hist_gradient_boosting,dynamic_full,0.85,candidate_c,42,20260701_200954,120,1782918610098,50,up,up,0.9170916385852966,1.9899316149118995,1.9899316149118995,True,True,3
cooldown_first_signal,hist_gradient_boosting_dynamic_full,hist_gradient_boosting,dynamic_full,0.85,candidate_c,42,20260701_200954,171,1782918615300,50,down,up,0.9518613561640974,-3.5609767107114276,-3.5609767107114276,False,False,4
cooldown_first_signal,hist_gradient_boosting_dynamic_full,hist_gradient_boosting,dynamic_full,0.85,candidate_c,42,20260701_200954,222,1782918620506,50,up,up,0.9263701419028799,0.7525870178737293,0.7525870178737293,True,True,5
cooldown_first_signal,hist_gradient_boosting_dynamic_full,hist_gradient_boosting,dynamic_full,0.85,candidate_c,42,20260701_200954,273,1782918625708,50,down,up,0.947542560942493,-1.2876631005087624,-1.2876631005087624,False,False,6
cooldown_first_signal,hist_gradient_boosting_dynamic_full,hist_gradient_boosting,dynamic_full,0.85,candidate_c,42,20260701_200954,324,1782918630914,50,down,up,0.9290333868813742,-2.592382910008295,-2.592382910008295,False,False,7
cooldown_first_signal,hist_gradient_boosting_dynamic_full,hist_gradient_boosting,dynamic_full,0.85,candidate_c,42,20260701_200954,375,1782918636116,50,up,up,0.8764622958315234,0.5186110258370569,0.5186110258370569,True,True,8
cooldown_first_signal,hist_gradient_boosting_dynamic_full,hist_gradient_boosting,dynamic_full,0.85,candidate_c,42,20260701_200954,426,1782918641320,50,up,up,0.9563552488063918,3.981387848235318,3.981387848235318,True,True,9
cooldown_first_signal,hist_gradient_boosting_dynamic_full,hist_gradient_boosting,dynamic_full,0.85,candidate_c,42,20260701_200954,477,1782918646524,50,up,up,0.9548929797036741,1.7554286631416005,1.7554286631416005,True,True,10
cooldown_first_signal,hist_gradient_boosting_dynamic_full,hist_gradient_boosting,dynamic_full,0.85,candidate_c,42,20260701_200954,528,1782918651726,50,up,up,0.9341319833035308,3.008778110136223,3.008778110136223,True,True,11
cooldown_first_signal,hist_gradient_boosting_dynamic_full,hist_gradient_boosting,dynamic_full,0.85,candidate_c,42,20260701_200954,579,1782918656928,50,up,up,0.9239164551175052,2.9911627017042974,2.9911627017042974,True,True,12
cooldown_first_signal,hist_gradient_boosting_dynamic_full,hist_gradient_boosting,dynamic_full,0.85,candidate_c,42,20260701_200954,630,1782918662130,50,down,up,0.8746191562497119,-0.6849217810966923,-0.6849217810966923,False,False,13
cooldown_first_signal,hist_gradient_boosting_dynamic_full,hist_gradient_boosting,dynamic_full,0.85,candidate_c,42,20260701_200954,681,1782918667334,50,down,up,0.9352110083896255,-0.5011966068990681,-0.5011966068990681,False,False,14
cooldown_first_signal,hist_gradient_boosting_dynamic_full,hist_gradient_boosting,dynamic_full,0.85,candidate_c,42,20260701_200954,732,1782918672536,50,down,up,0.9262752473494605,-4.5945325063179165,-4.5945325063179165,False,False,15
cooldown_first_signal,hist_gradient_boosting_dynamic_full,hist_gradient_boosting,dynamic_full,0.85,candidate_c,42,20260701_200954,786,1782918678044,50,up,up,0.9292605911253307,1.7050683155672708,1.7050683155672708,True,True,16
cooldown_first_signal,hist_gradient_boosting_dynamic_full,hist_gradient_boosting,dynamic_full,0.85,candidate_c,42,20260701_200954,861,1782918685696,50,up,up,0.9186894489666065,1.2535464919505301,1.2535464919505301,True,True,17
cooldown_first_signal,hist_gradient_boosting_dynamic_full,hist_gradient_boosting,dynamic_full,0.85,candidate_c,42,20260701_200954,912,1782918690898,50,up,up,0.9362390483625633,3.4761536693905803,3.4761536693905803,True,True,18
cooldown_first_signal,hist_gradient_boosting_dynamic_full,hist_gradient_boosting,dynamic_full,0.85,candidate_c,42,20260701_200954,963,1782918696102,50,down,up,0.960296868481958,-2.088308728880328,-2.088308728880328,False,False,19
cooldown_first_signal,hist_gradient_boosting_dynamic_full,hist_gradient_boosting,dynamic_full,0.85,candidate_c,42,20260701_200954,1023,1782918702224,50,up,up,0.912027887750324,1.353676359379108,1.353676359379108,True,True,20
cooldown_first_signal,hist_gradient_boosting_dynamic_full,hist_gradient_boosting,dynamic_full,0.85,candidate_c,42,20260701_200954,1074,1782918707428,50,up,up,0.94578998835336,1.6876382171537863,1.6876382171537863,True,True,21
cooldown_first_signal,hist_gradient_boosting_dynamic_full,hist_gradient_boosting,dynamic_full,0.85,candidate_c,42,20260701_200954,1125,1782918712630,50,up,up,0.9268159323514603,0.13365175864699097,0.13365175864699097,True,True,22
cooldown_first_signal,hist_gradient_boosting_dynamic_full,hist_gradient_boosting,dynamic_full,0.85,candidate_c,42,20260701_200954,1176,1782918717832,50,down,up,0.9590377714515109,-6.598559509400914,-6.598559509400914,False,False,23
cooldown_first_signal,hist_gradient_boosting_dynamic_full,hist_gradient_boosting,dynamic_full,0.85,candidate_c,42,20260701_200954,1227,1782918723034,50,up,up,0.9227781538498442,1.3707320294109593,1.3707320294109593,True,True,24
cooldown_first_signal,hist_gradient_boosting_dynamic_full,hist_gradient_boosting,dynamic_full,0.85,candidate_c,42,20260701_200954,1278,1782918728236,50,down,up,0.9387577225889413,-1.7215371822787429,-1.7215371822787429,False,False,25
cooldown_first_signal,hist_gradient_boosting_dynamic_full,hist_gradient_boosting,dynamic_full,0.85,candidate_c,42,20260701_200954,1329,1782918733438,50,down,up,0.8798264541093462,-2.089603886329394,-2.089603886329394,False,False,26
cooldown_first_signal,hist_gradient_boosting_dynamic_full,hist_gradient_boosting,dynamic_full,0.85,candidate_c,42,20260701_200954,1380,1782918738642,50,up,up,0.9352952097883819,1.0032194985742926,1.0032194985742926,True,True,27
cooldown_first_signal,hist_gradient_boosting_dynamic_full,hist_gradient_boosting,dynamic_full,0.85,candidate_c,42,20260701_200954,1431,1782918743844,50,up,up,0.9379396955710485,2.808732818455617,2.808732818455617,True,True,28
cooldown_first_signal,hist_gradient_boosting_dynamic_full,hist_gradient_boosting,dynamic_full,0.85,candidate_c,42,20260701_200954,1482,1782918749046,50,up,up,0.9509429528882078,3.2421655326042575,3.2421655326042575,True,True,29
cooldown_first_signal,hist_gradient_boosting_dynamic_full,hist_gradient_boosting,dynamic_full,0.85,candidate_c,42,20260701_200954,1533,1782918754250,50,up,up,0.9335315213379908,4.109867105943632,4.109867105943632,True,True,30
cooldown_first_signal,hist_gradient_boosting_dynamic_full,hist_gradient_boosting,dynamic_full,0.85,candidate_c,42,20260701_200954,1584,1782918759452,50,up,up,0.9350526928516713,2.0707892629556746,2.0707892629556746,True,True,31
cooldown_first_signal,hist_gradient_boosting_dynamic_full,hist_gradient_boosting,dynamic_full,0.85,candidate_c,42,20260701_200954,1637,1782918764858,50,up,up,0.9078270049815749,0.4841972218772028,0.4841972218772028,True,True,32
cooldown_first_signal,hist_gradient_boosting_dynamic_full,hist_gradient_boosting,dynamic_full,0.85,candidate_c,42,20260701_200954,1688,1782918770062,50,down,up,0.926079285104839,-4.0904336444014255,-4.0904336444014255,False,False,33
cooldown_first_signal,hist_gradient_boosting_dynamic_full,hist_gradient_boosting,dynamic_full,0.85,candidate_c,42,20260701_200954,1742,1782918775570,50,down,up,0.8647820615962097,-1.3361983653281673,-1.3361983653281673,False,False,34
cooldown_first_signal,hist_gradient_boosting_dynamic_full,hist_gradient_boosting,dynamic_full,0.85,candidate_c,42,20260701_200954,1793,1782918780772,50,down,up,0.9086063888517183,-1.119215680378538,-1.119215680378538,False,False,35
cooldown_first_signal,hist_gradient_boosting_dynamic_full,hist_gradient_boosting,dynamic_full,0.85,candidate_c,42,20260701_200954,1844,1782918785974,50,up,up,0.9219273314020845,5.997662749253063,5.997662749253063,True,True,36
cooldown_first_signal,hist_gradient_boosting_dynamic_full,hist_gradient_boosting,dynamic_full,0.85,candidate_c,42,20260701_200954,1895,1782918791180,50,up,up,0.9530272902244256,1.235545990276865,1.235545990276865,True,True,37
cooldown_first_signal,hist_gradient_boosting_dynamic_full,hist_gradient_boosting,dynamic_full,0.85,candidate_c,42,20260701_200954,1946,1782918796382,50,down,up,0.8882076020436056,-1.5859779515681183,-1.5859779515681183,False,False,38
cooldown_first_signal,hist_gradient_boosting_dynamic_full,hist_gradient_boosting,dynamic_full,0.85,candidate_c,42,20260701_200954,1997,1782918801586,50,up,up,0.8709964068473137,0.7680959652422992,0.7680959652422992,True,True,39
cooldown_first_signal,hist_gradient_boosting_dynamic_full,hist_gradient_boosting,dynamic_full,0.85,candidate_c,42,20260701_200954,2048,1782918806788,50,down,up,0.9263701419028799,-0.6678582370711617,-0.6678582370711617,False,False,40
cooldown_first_signal,hist_gradient_boosting_dynamic_full,hist_gradient_boosting,dynamic_full,0.85,candidate_c,42,20260701_200954,2101,1782918812196,50,up,up,0.8586657093677222,5.009271326346099,5.009271326346099,True,True,41
cooldown_first_signal,hist_gradient_boosting_dynamic_full,hist_gradient_boosting,dynamic_full,0.85,candidate_c,42,20260701_200954,2152,1782918817398,50,down,up,0.908193021913659,-1.3017584587171616,-1.3017584587171616,False,False,42
cooldown_first_signal,hist_gradient_boosting_dynamic_full,hist_gradient_boosting,dynamic_full,0.85,candidate_c,42,20260701_200954,2212,1782918823518,50,up,up,0.8695233348458151,1.0348692517814229,1.0348692517814229,True,True,43
cooldown_first_signal,hist_gradient_boosting_dynamic_full,hist_gradient_boosting,dynamic_full,0.85,candidate_c,42,20260701_200954,2265,1782918828926,50,down,up,0.860204883919871,-0.7844164817594201,-0.7844164817594201,False,False,44
cooldown_first_signal,hist_gradient_boosting_dynamic_full,hist_gradient_boosting,dynamic_full,0.85,candidate_c,42,20260701_200954,2316,1782918834128,50,down,up,0.9320691578125856,-1.5188829700674145,-1.5188829700674145,False,False,45
cooldown_first_signal,hist_gradient_boosting_dynamic_full,hist_gradient_boosting,dynamic_full,0.85,candidate_c,42,20260701_200954,2372,1782918839842,50,up,up,0.9151323163746539,0.06677422881962158,0.06677422881962158,True,True,46
cooldown_first_signal,hist_gradient_boosting_dynamic_full,hist_gradient_boosting,dynamic_full,0.85,candidate_c,42,20260701_200954,2423,1782918845044,50,up,up,0.9376313965480781,4.690858251779062,4.690858251779062,True,True,47
cooldown_first_signal,hist_gradient_boosting_dynamic_full,hist_gradient_boosting,dynamic_full,0.85,candidate_c,42,20260701_200954,2480,1782918850860,50,down,up,0.8764068394155881,-3.070840450645207,-3.070840450645207,False,False,48
cooldown_first_signal,hist_gradient_boosting_dynamic_full,hist_gradient_boosting,dynamic_full,0.85,candidate_c,42,20260701_200954,2532,1782918856164,50,down,up,0.8566581399410568,-2.3873101942328834,-2.3873101942328834,False,False,49
cooldown_first_signal,hist_gradient_boosting_dynamic_full,hist_gradient_boosting,dynamic_full,0.85,candidate_c,42,20260701_200954,2588,1782918861884,50,down,up,0.9211648610761034,-1.3358770659133157,-1.3358770659133157,False,False,50
cooldown_first_signal,hist_gradient_boosting_dynamic_full,hist_gradient_boosting,dynamic_full,0.85,candidate_c,42,20260701_200954,2639,1782918867086,50,down,up,0.9328860593528773,-1.8036749877881064,-1.8036749877881064,False,False,51
cooldown_first_signal,hist_gradient_boosting_dynamic_full,hist_gradient_boosting,dynamic_full,0.85,candidate_c,42,20260701_200954,2690,1782918872290,50,down,up,0.8867661235618376,-0.033407414273822766,-0.033407414273822766,False,False,52
cooldown_first_signal,hist_gradient_boosting_dynamic_full,hist_gradient_boosting,dynamic_full,0.85,candidate_c,42,20260701_200954,2741,1782918877492,50,up,up,0.9313015123541535,4.56012728267341,4.56012728267341,True,True,53
cooldown_first_signal,hist_gradient_boosting_dynamic_full,hist_gradient_boosting,dynamic_full,0.85,candidate_c,42,20260701_200954,2792,1782918882694,50,down,up,0.928957119694189,-1.0685535541510305,-1.0685535541510305,False,False,54
cooldown_first_signal,hist_gradient_boosting_dynamic_full,hist_gradient_boosting,dynamic_full,0.85,candidate_c,42,20260701_200954,2843,1782918887896,50,up,up,0.919499767070558,2.204127228233599,2.204127228233599,True,True,55
cooldown_first_signal,lightgbm_dynamic_compact,lightgbm,dynamic_compact,0.75,candidate_a,30,20260701_191230,11,1782915154832,50,up,up,0.757724285364349,0.7864404283930426,0.7864404283930426,True,True,1
cooldown_first_signal,lightgbm_dynamic_compact,lightgbm,dynamic_compact,0.75,candidate_a,30,20260701_191230,62,1782915160038,50,up,up,0.8335499278066032,0.7361842066733182,0.7361842066733182,True,True,2
cooldown_first_signal,lightgbm_dynamic_compact,lightgbm,dynamic_compact,0.75,candidate_a,30,20260701_191230,119,1782915165854,50,down,up,0.7573744910674964,-0.88671986428146,-0.88671986428146,False,False,3
cooldown_first_signal,lightgbm_dynamic_compact,lightgbm,dynamic_compact,0.75,candidate_a,30,20260701_191230,170,1782915171056,50,up,up,0.7524097498977805,2.409414788284714,2.409414788284714,True,True,4
cooldown_first_signal,lightgbm_dynamic_compact,lightgbm,dynamic_compact,0.75,candidate_a,30,20260701_191230,221,1782915176258,50,up,up,0.8428738171614767,1.7564417501181318,1.7564417501181318,True,True,5
cooldown_first_signal,lightgbm_dynamic_compact,lightgbm,dynamic_compact,0.75,candidate_a,30,20260701_191230,272,1782915181460,50,down,up,0.7971894457630208,-0.4014018961207011,-0.4014018961207011,False,False,6
cooldown_first_signal,lightgbm_dynamic_compact,lightgbm,dynamic_compact,0.75,candidate_a,30,20260701_191230,323,1782915186662,50,down,up,0.7604843348484575,-2.6761200607816615,-2.6761200607816615,False,False,7
cooldown_first_signal,lightgbm_dynamic_compact,lightgbm,dynamic_compact,0.75,candidate_a,30,20260701_191230,377,1782915192170,50,up,up,0.78124238181043,0.25095971176503085,0.25095971176503085,True,True,8
cooldown_first_signal,lightgbm_dynamic_compact,lightgbm,dynamic_compact,0.75,candidate_a,30,20260701_191230,438,1782915198392,50,up,up,0.7529122403464306,2.308686432703766,2.308686432703766,True,True,9
cooldown_first_signal,lightgbm_dynamic_compact,lightgbm,dynamic_compact,0.75,candidate_a,30,20260701_191230,489,1782915203594,50,up,up,0.7784720684783687,4.164711844589775,4.164711844589775,True,True,10
cooldown_first_signal,lightgbm_dynamic_compact,lightgbm,dynamic_compact,0.75,candidate_a,30,20260701_191230,540,1782915208796,50,up,up,0.7749704709652516,9.512990079907357,9.512990079907357,True,True,11
cooldown_first_signal,lightgbm_dynamic_compact,lightgbm,dynamic_compact,0.75,candidate_a,30,20260701_191230,591,1782915213998,50,up,up,0.7822037859452877,0.3173852798377119,0.3173852798377119,True,True,12
cooldown_first_signal,lightgbm_dynamic_compact,lightgbm,dynamic_compact,0.75,candidate_a,30,20260701_191230,642,1782915219200,50,up,up,0.8004420777083131,5.370156628177192,5.370156628177192,True,True,13
cooldown_first_signal,lightgbm_dynamic_compact,lightgbm,dynamic_compact,0.75,candidate_a,30,20260701_191230,693,1782915224402,50,up,up,0.8321995607141718,0.3338895376558959,0.3338895376558959,True,True,14
cooldown_first_signal,lightgbm_dynamic_compact,lightgbm,dynamic_compact,0.75,candidate_a,30,20260701_191230,744,1782915229604,50,down,up,0.7990962406764549,-2.353842648123994,-2.353842648123994,False,False,15
cooldown_first_signal,lightgbm_dynamic_compact,lightgbm,dynamic_compact,0.75,candidate_a,30,20260701_191230,795,1782915234806,50,up,up,0.8243446751403865,1.1353665856606021,1.1353665856606021,True,True,16
cooldown_first_signal,lightgbm_dynamic_compact,lightgbm,dynamic_compact,0.75,candidate_a,30,20260701_191230,848,1782915240212,50,down,up,0.7928219961258989,-4.974970721962624,-4.974970721962624,False,False,17
cooldown_first_signal,lightgbm_dynamic_compact,lightgbm,dynamic_compact,0.75,candidate_a,30,20260701_191230,899,1782915245414,50,up,up,0.7601483266674628,7.649876190596316,7.649876190596316,True,True,18
cooldown_first_signal,lightgbm_dynamic_compact,lightgbm,dynamic_compact,0.75,candidate_a,30,20260701_191230,950,1782915250616,50,down,up,0.8157240149789474,-5.173905823231406,-5.173905823231406,False,False,19
cooldown_first_signal,lightgbm_dynamic_compact,lightgbm,dynamic_compact,0.75,candidate_a,30,20260701_191230,1001,1782915255820,50,up,up,0.8286955724757956,6.312135079689085,6.312135079689085,True,True,20
cooldown_first_signal,lightgbm_dynamic_compact,lightgbm,dynamic_compact,0.75,candidate_a,30,20260701_191230,1059,1782915261736,50,down,up,0.7798564065095965,-2.6024137387425927,-2.6024137387425927,False,False,21
cooldown_first_signal,lightgbm_dynamic_compact,lightgbm,dynamic_compact,0.75,candidate_a,30,20260701_191230,1117,1782915267652,50,down,up,0.7770725814817139,-2.4860327505615842,-2.4860327505615842,False,False,22
cooldown_first_signal,lightgbm_dynamic_compact,lightgbm,dynamic_compact,0.75,candidate_a,30,20260701_191230,1170,1782915273058,50,up,up,0.7558019813815984,1.9522760284695906,1.9522760284695906,True,True,23
cooldown_first_signal,lightgbm_dynamic_compact,lightgbm,dynamic_compact,0.75,candidate_a,30,20260701_191230,1221,1782915278260,50,down,up,0.7947837182424599,-2.6692580713771896,-2.6692580713771896,False,False,24
cooldown_first_signal,lightgbm_dynamic_compact,lightgbm,dynamic_compact,0.75,candidate_a,30,20260701_191230,1276,1782915283870,50,down,up,0.7539900819164872,-0.550652982661548,-0.550652982661548,False,False,25
cooldown_first_signal,lightgbm_dynamic_compact,lightgbm,dynamic_compact,0.75,candidate_a,30,20260701_191230,1337,1782915290092,50,up,up,0.7692265409066372,4.839645037069129,4.839645037069129,True,True,26
cooldown_first_signal,lightgbm_dynamic_compact,lightgbm,dynamic_compact,0.75,candidate_a,30,20260701_191230,1388,1782915295294,50,up,up,0.7781110234829184,0.0667214338445632,0.0667214338445632,True,True,27
cooldown_first_signal,lightgbm_dynamic_compact,lightgbm,dynamic_compact,0.75,candidate_a,30,20260701_191230,1443,1782915300904,50,down,up,0.7560782662299926,-4.220278521701593,-4.220278521701593,False,False,28
cooldown_first_signal,lightgbm_dynamic_compact,lightgbm,dynamic_compact,0.75,candidate_a,30,20260701_191230,1502,1782915306922,50,down,up,0.7749600358698968,-5.439947402717804,-5.439947402717804,False,False,29
cooldown_first_signal,lightgbm_dynamic_compact,lightgbm,dynamic_compact,0.75,candidate_a,30,20260701_191230,1553,1782915312124,50,up,up,0.776075935906669,11.520266068059115,11.520266068059115,True,True,30
cooldown_first_signal,lightgbm_dynamic_compact,lightgbm,dynamic_compact,0.75,candidate_a,30,20260701_191230,1604,1782915317326,50,down,up,0.7666005615659441,-1.1673291259461926,-1.1673291259461926,False,False,31
cooldown_first_signal,lightgbm_dynamic_compact,lightgbm,dynamic_compact,0.75,candidate_a,30,20260701_191230,1655,1782915322530,50,up,up,0.7926457423686379,3.001943758582648,3.001943758582648,True,True,32
cooldown_first_signal,lightgbm_dynamic_compact,lightgbm,dynamic_compact,0.75,candidate_a,30,20260701_191230,1706,1782915327732,50,down,up,0.7805514060263962,-11.353945496059836,-11.353945496059836,False,False,33
cooldown_first_signal,lightgbm_dynamic_compact,lightgbm,dynamic_compact,0.75,candidate_a,30,20260701_191230,1760,1782915333240,50,up,up,0.7616977833498022,0.2002969402137289,0.2002969402137289,True,True,34
cooldown_first_signal,lightgbm_dynamic_compact,lightgbm,dynamic_compact,0.75,candidate_a,30,20260701_191230,1830,1782915340382,50,down,up,0.7868423186000851,-1.0593078965992486,-1.0593078965992486,False,False,35
cooldown_first_signal,lightgbm_dynamic_compact,lightgbm,dynamic_compact,0.75,candidate_a,30,20260701_191230,1881,1782915345584,50,down,up,0.8210614107773885,-3.8038196689182957,-3.8038196689182957,False,False,36
cooldown_first_signal,lightgbm_dynamic_compact,lightgbm,dynamic_compact,0.75,candidate_a,30,20260701_191230,1934,1782915350990,50,down,up,0.76025881018927,-3.8221036090513305,-3.8221036090513305,False,False,37
cooldown_first_signal,lightgbm_dynamic_compact,lightgbm,dynamic_compact,0.75,candidate_a,30,20260701_191230,2002,1782915357926,50,down,up,0.7622293845991885,-3.173004743641794,-3.173004743641794,False,False,38
cooldown_first_signal,lightgbm_dynamic_compact,lightgbm,dynamic_compact,0.75,candidate_a,30,20260701_191230,2053,1782915363128,50,up,up,0.7739951554578274,0.06681114576911895,0.06681114576911895,True,True,39
cooldown_first_signal,lightgbm_dynamic_compact,lightgbm,dynamic_compact,0.75,candidate_a,30,20260701_191230,2104,1782915368332,50,down,up,0.8047270218890074,-3.19021089632332,-3.19021089632332,False,False,40
cooldown_first_signal,lightgbm_dynamic_compact,lightgbm,dynamic_compact,0.75,candidate_a,30,20260701_191230,2155,1782915373534,50,up,up,0.7748033284309578,5.279729597646998,5.279729597646998,True,True,41
cooldown_first_signal,lightgbm_dynamic_compact,lightgbm,dynamic_compact,0.75,candidate_a,30,20260701_191230,2206,1782915378736,50,up,up,0.763245752737444,3.5736024333887784,3.5736024333887784,True,True,42
cooldown_first_signal,lightgbm_dynamic_compact,lightgbm,dynamic_compact,0.75,candidate_a,30,20260701_191230,2258,1782915384040,50,down,up,0.809130497272529,-4.323746802055162,-4.323746802055162,False,False,43
cooldown_first_signal,lightgbm_dynamic_compact,lightgbm,dynamic_compact,0.75,candidate_a,30,20260701_191230,2309,1782915389242,50,down,up,0.7614042865949647,-2.154457932539433,-2.154457932539433,False,False,44
cooldown_first_signal,lightgbm_dynamic_compact,lightgbm,dynamic_compact,0.75,candidate_a,30,20260701_191230,2360,1782915394444,50,up,up,0.7794504971086061,0.03340964653597567,0.03340964653597567,True,True,45
cooldown_first_signal,lightgbm_dynamic_compact,lightgbm,dynamic_compact,0.75,candidate_a,30,20260701_191230,2420,1782915400564,50,up,up,0.7517015315571658,5.513227150806266,5.513227150806266,True,True,46
cooldown_first_signal,lightgbm_dynamic_compact,lightgbm,dynamic_compact,0.75,candidate_a,30,20260701_191230,2471,1782915405766,50,up,up,0.7559927785467709,0.41743858017362356,0.41743858017362356,True,True,47
cooldown_first_signal,lightgbm_dynamic_compact,lightgbm,dynamic_compact,0.75,candidate_a,30,20260701_191230,2522,1782915410968,50,up,up,0.8051921997945737,7.630458720804256,7.630458720804256,True,True,48
cooldown_first_signal,lightgbm_dynamic_compact,lightgbm,dynamic_compact,0.75,candidate_a,30,20260701_191230,2603,1782915419230,50,up,up,0.7634654479902481,7.96338512315975,7.96338512315975,True,True,49
cooldown_first_signal,lightgbm_dynamic_compact,lightgbm,dynamic_compact,0.75,candidate_a,30,20260701_191230,2654,1782915424432,50,down,up,0.835625921779477,-5.071158868230619,-5.071158868230619,False,False,50
cooldown_first_signal,lightgbm_dynamic_compact,lightgbm,dynamic_compact,0.75,candidate_a,30,20260701_191230,2705,1782915429634,50,up,up,0.777794111915265,4.57303461737224,4.57303461737224,True,True,51
cooldown_first_signal,lightgbm_dynamic_compact,lightgbm,dynamic_compact,0.75,candidate_a,30,20260701_191230,2756,1782915434836,50,down,up,0.7701698914747735,-5.571881018653357,-5.571881018653357,False,False,52
cooldown_first_signal,lightgbm_dynamic_compact,lightgbm,dynamic_compact,0.75,candidate_a,30,20260701_191230,2810,1782915440344,50,up,up,0.7654158270767558,4.507004636371548,4.507004636371548,True,True,53
cooldown_first_signal,lightgbm_dynamic_compact,lightgbm,dynamic_compact,0.75,candidate_a,30,20260701_191230,2861,1782915445550,50,up,up,0.8225930029761163,1.0511080430619657,1.0511080430619657,True,True,54
cooldown_first_signal,lightgbm_dynamic_compact,lightgbm,dynamic_compact,0.75,candidate_a,30,20260701_191745,16,1782915470642,50,up,up,0.7572275774503321,1.9013134907353013,1.9013134907353013,True,True,1
cooldown_first_signal,lightgbm_dynamic_compact,lightgbm,dynamic_compact,0.75,candidate_a,30,20260701_191745,67,1782915475844,50,up,up,0.7743831303530271,13.006514095810218,13.006514095810218,True,True,2
cooldown_first_signal,lightgbm_dynamic_compact,lightgbm,dynamic_compact,0.75,candidate_a,30,20260701_191745,118,1782915481046,50,down,up,0.8316767480010749,-2.0483630165557543,-2.0483630165557543,False,False,3
cooldown_first_signal,lightgbm_dynamic_compact,lightgbm,dynamic_compact,0.75,candidate_a,30,20260701_191745,169,1782915486248,50,down,up,0.8354494671910351,-3.0981591770884442,-3.0981591770884442,False,False,4
cooldown_first_signal,lightgbm_dynamic_compact,lightgbm,dynamic_compact,0.75,candidate_a,30,20260701_191745,220,1782915491450,50,up,up,0.7822160101343596,0.2832528423168945,0.2832528423168945,True,True,5
cooldown_first_signal,lightgbm_dynamic_compact,lightgbm,dynamic_compact,0.75,candidate_a,30,20260701_191745,272,1782915496756,50,down,up,0.7621724822957823,-2.832448193272885,-2.832448193272885,False,False,6
cooldown_first_signal,lightgbm_dynamic_compact,lightgbm,dynamic_compact,0.75,candidate_a,30,20260701_191745,332,1782915502876,50,up,up,0.7835681305812512,3.7664689270466845,3.7664689270466845,True,True,7
cooldown_first_signal,lightgbm_dynamic_compact,lightgbm,dynamic_compact,0.75,candidate_a,30,20260701_191745,384,1782915508180,50,up,up,0.7545943653753449,3.798369866265805,3.798369866265805,True,True,8
cooldown_first_signal,lightgbm_dynamic_compact,lightgbm,dynamic_compact,0.75,candidate_a,30,20260701_191745,445,1782915514402,50,down,up,0.765771399257919,-1.2492119554585734,-1.2492119554585734,False,False,9
cooldown_first_signal,lightgbm_dynamic_compact,lightgbm,dynamic_compact,0.75,candidate_a,30,20260701_191745,507,1782915520726,50,down,up,0.7972317103557374,-4.714344851827201,-4.714344851827201,False,False,10
cooldown_first_signal,lightgbm_dynamic_compact,lightgbm,dynamic_compact,0.75,candidate_a,30,20260701_191745,578,1782915527970,50,up,up,0.7741552147720155,5.018845682167594,5.018845682167594,True,True,11
cooldown_first_signal,lightgbm_dynamic_compact,lightgbm,dynamic_compact,0.75,candidate_a,30,20260701_191745,635,1782915533784,50,down,up,0.7541299104052716,-1.3662806923708803,-1.3662806923708803,False,False,12
cooldown_first_signal,lightgbm_dynamic_compact,lightgbm,dynamic_compact,0.75,candidate_a,30,20260701_191745,690,1782915539394,50,down,up,0.7926457423686379,-8.115483158706027,-8.115483158706027,False,False,13
cooldown_first_signal,lightgbm_dynamic_compact,lightgbm,dynamic_compact,0.75,candidate_a,30,20260701_191745,744,1782915544902,50,up,up,0.7725971009885297,4.252831677091784,4.252831677091784,True,True,14
cooldown_first_signal,lightgbm_dynamic_compact,lightgbm,dynamic_compact,0.75,candidate_a,30,20260701_191745,795,1782915550104,50,down,up,0.8436691394285875,-1.66706815224682,-1.66706815224682,False,False,15
cooldown_first_signal,lightgbm_dynamic_compact,lightgbm,dynamic_compact,0.75,candidate_a,30,20260701_191745,846,1782915555306,50,up,up,0.7524291044428304,1.1337953549395152,1.1337953549395152,True,True,16
cooldown_first_signal,lightgbm_dynamic_compact,lightgbm,dynamic_compact,0.75,candidate_a,30,20260701_191745,897,1782915560508,50,up,up,0.7619152318570918,2.300550214926478,2.300550214926478,True,True,17
cooldown_first_signal,lightgbm_dynamic_compact,lightgbm,dynamic_compact,0.75,candidate_a,30,20260701_191745,948,1782915565714,50,down,up,0.7922642919930643,-4.383373514256217,-4.383373514256217,False,False,18
cooldown_first_signal,lightgbm_dynamic_compact,lightgbm,dynamic_compact,0.75,candidate_a,30,20260701_191745,1005,1782915571528,50,down,up,0.8514813535596037,-1.1670002342334396,-1.1670002342334396,False,False,19
cooldown_first_signal,lightgbm_dynamic_compact,lightgbm,dynamic_compact,0.75,candidate_a,30,20260701_191745,1056,1782915576732,50,down,up,0.758684594600375,-0.2334272878168342,-0.2334272878168342,False,False,20
cooldown_first_signal,lightgbm_dynamic_compact,lightgbm,dynamic_compact,0.75,candidate_a,30,20260701_191745,1107,1782915581936,50,up,up,0.7842559695262664,4.135094194277489,4.135094194277489,True,True,21
cooldown_first_signal,lightgbm_dynamic_compact,lightgbm,dynamic_compact,0.75,candidate_a,30,20260701_191745,1158,1782915587138,50,up,up,0.7608650302948472,1.9833581253103638,1.9833581253103638,True,True,22
cooldown_first_signal,lightgbm_dynamic_compact,lightgbm,dynamic_compact,0.75,candidate_a,30,20260701_191745,1211,1782915592546,50,down,up,0.7508932993532815,-1.8496562722092325,-1.8496562722092325,False,False,23
cooldown_first_signal,lightgbm_dynamic_compact,lightgbm,dynamic_compact,0.75,candidate_a,30,20260701_191745,1275,1782915599074,50,down,up,0.7537275085796712,-1.4499987916682944,-1.4499987916682944,False,False,24
cooldown_first_signal,lightgbm_dynamic_compact,lightgbm,dynamic_compact,0.75,candidate_a,30,20260701_191745,1326,1782915604276,50,up,up,0.8549150221631985,7.467743266320603,7.467743266320603,True,True,25
cooldown_first_signal,lightgbm_dynamic_compact,lightgbm,dynamic_compact,0.75,candidate_a,30,20260701_191745,1377,1782915609478,50,down,up,0.7638671705476967,-0.23319283465106366,-0.23319283465106366,False,False,26
cooldown_first_signal,lightgbm_dynamic_compact,lightgbm,dynamic_compact,0.75,candidate_a,30,20260701_191745,1428,1782915614680,50,up,up,0.8022678303073684,2.5318669603846544,2.5318669603846544,True,True,27
cooldown_first_signal,lightgbm_dynamic_compact,lightgbm,dynamic_compact,0.75,candidate_a,30,20260701_191745,1479,1782915619884,50,up,up,0.7644496600906365,0.21648644170424447,0.21648644170424447,True,True,28
cooldown_first_signal,lightgbm_dynamic_compact,lightgbm,dynamic_compact,0.75,candidate_a,30,20260701_191745,1530,1782915625090,50,down,up,0.750145737876448,-2.5311712911879614,-2.5311712911879614,False,False,29
cooldown_first_signal,lightgbm_dynamic_compact,lightgbm,dynamic_compact,0.75,candidate_a,30,20260701_191745,1581,1782915630302,50,up,up,0.7579034823147849,4.980340978462117,4.980340978462117,True,True,30
cooldown_first_signal,lightgbm_dynamic_compact,lightgbm,dynamic_compact,0.75,candidate_a,30,20260701_191745,1632,1782915635506,50,down,up,0.8275297490759361,-0.8324183668118046,-0.8324183668118046,False,False,31
cooldown_first_signal,lightgbm_dynamic_compact,lightgbm,dynamic_compact,0.75,candidate_a,30,20260701_191745,1683,1782915640708,50,down,up,0.7537275085796712,-2.247716694457891,-2.247716694457891,False,False,32
cooldown_first_signal,lightgbm_dynamic_compact,lightgbm,dynamic_compact,0.75,candidate_a,30,20260701_191745,1734,1782915645910,50,down,up,0.8177556871269743,-2.897708395609433,-2.897708395609433,False,False,33
cooldown_first_signal,lightgbm_dynamic_compact,lightgbm,dynamic_compact,0.75,candidate_a,30,20260701_191745,1785,1782915651112,50,down,up,0.7521982722725996,-2.3155069835856246,-2.3155069835856246,False,False,34
cooldown_first_signal,lightgbm_dynamic_compact,lightgbm,dynamic_compact,0.75,candidate_a,30,20260701_191745,1861,1782915658864,50,down,up,0.7532409026142249,-1.833026301427676,-1.833026301427676,False,False,35
cooldown_first_signal,lightgbm_dynamic_compact,lightgbm,dynamic_compact,0.75,candidate_a,30,20260701_191745,1927,1782915665596,50,down,up,0.7604971856137223,-2.0000416675347577,-2.0000416675347577,False,False,36
cooldown_first_signal,lightgbm_dynamic_compact,lightgbm,dynamic_compact,0.75,candidate_a,30,20260701_191745,2001,1782915673148,50,down,up,0.7559927785467709,-0.766862855746675,-0.766862855746675,False,False,37
cooldown_first_signal,lightgbm_dynamic_compact,lightgbm,dynamic_compact,0.75,candidate_a,30,20260701_191745,2055,1782915678656,50,down,up,0.7617589533963155,-2.0506818517163072,-2.0506818517163072,False,False,38
cooldown_first_signal,lightgbm_dynamic_compact,lightgbm,dynamic_compact,0.75,candidate_a,30,20260701_191745,2106,1782915683858,50,up,up,0.771522689508159,1.7509411308580525,1.7509411308580525,True,True,39
cooldown_first_signal,lightgbm_dynamic_compact,lightgbm,dynamic_compact,0.75,candidate_a,30,20260701_191745,2157,1782915689060,50,up,up,0.8359814697666837,0.4501631841535847,0.4501631841535847,True,True,40
cooldown_first_signal,lightgbm_dynamic_compact,lightgbm,dynamic_compact,0.75,candidate_a,30,20260701_191745,2208,1782915694262,50,up,up,0.855201877727264,5.8518579649047275,5.8518579649047275,True,True,41
cooldown_first_signal,lightgbm_dynamic_compact,lightgbm,dynamic_compact,0.75,candidate_a,30,20260701_191745,2263,1782915699873,50,down,up,0.7536478642526808,-1.2996523429986695,-1.2996523429986695,False,False,42
cooldown_first_signal,lightgbm_dynamic_compact,lightgbm,dynamic_compact,0.75,candidate_a,30,20260701_191745,2324,1782915706095,50,up,up,0.7630420452563881,2.9332184489438973,2.9332184489438973,True,True,43
cooldown_first_signal,lightgbm_dynamic_compact,lightgbm,dynamic_compact,0.75,candidate_a,30,20260701_191745,2375,1782915711297,50,down,up,0.7727374149167007,-0.8330563420999582,-0.8330563420999582,False,False,44
cooldown_first_signal,lightgbm_dynamic_compact,lightgbm,dynamic_compact,0.75,candidate_a,30,20260701_191745,2426,1782915716501,50,up,up,0.7610092486289973,0.4665504178547053,0.4665504178547053,True,True,45
cooldown_first_signal,lightgbm_dynamic_compact,lightgbm,dynamic_compact,0.75,candidate_a,30,20260701_191745,2508,1782915724879,50,up,up,0.8380422476523103,4.184801501194713,4.184801501194713,True,True,46
cooldown_first_signal,lightgbm_dynamic_compact,lightgbm,dynamic_compact,0.75,candidate_a,30,20260701_191745,2569,1782915731101,50,up,up,0.793490945065033,0.2666788894489791,0.2666788894489791,True,True,47
cooldown_first_signal,lightgbm_dynamic_compact,lightgbm,dynamic_compact,0.75,candidate_a,30,20260701_191745,2620,1782915736305,50,up,up,0.815929615907942,0.683346430805365,0.683346430805365,True,True,48
cooldown_first_signal,lightgbm_dynamic_compact,lightgbm,dynamic_compact,0.75,candidate_a,30,20260701_191745,2671,1782915741507,50,down,up,0.7582314668468734,-4.316454440989048,-4.316454440989048,False,False,49
cooldown_first_signal,lightgbm_dynamic_compact,lightgbm,dynamic_compact,0.75,candidate_a,30,20260701_191745,2731,1782915747627,50,down,up,0.7517360799085445,-1.4672939348225889,-1.4672939348225889,False,False,50
cooldown_first_signal,lightgbm_dynamic_compact,lightgbm,dynamic_compact,0.75,candidate_a,30,20260701_191745,2782,1782915752829,50,up,up,0.753600379906866,2.935018523135824,2.935018523135824,True,True,51
cooldown_first_signal,lightgbm_dynamic_compact,lightgbm,dynamic_compact,0.75,candidate_a,30,20260701_191745,2833,1782915758031,50,down,up,0.8359814697666837,-1.5671067624822843,-1.5671067624822843,False,False,52
cooldown_first_signal,lightgbm_dynamic_compact,lightgbm,dynamic_compact,0.75,candidate_a,30,20260701_192258,20,1782915783225,50,up,up,0.8254464859808955,1.100490635408402,1.100490635408402,True,True,1
cooldown_first_signal,lightgbm_dynamic_compact,lightgbm,dynamic_compact,0.75,candidate_a,30,20260701_192258,71,1782915788429,50,down,up,0.7581579926259091,-2.10070548692598,-2.10070548692598,False,False,2
cooldown_first_signal,lightgbm_dynamic_compact,lightgbm,dynamic_compact,0.75,candidate_a,30,20260701_192258,128,1782915794243,50,up,up,0.7536478642526808,0.5169488345724282,0.5169488345724282,True,True,3
cooldown_first_signal,lightgbm_dynamic_compact,lightgbm,dynamic_compact,0.75,candidate_a,30,20260701_192258,181,1782915799649,50,down,up,0.7734581503382587,-3.30163155625951,-3.30163155625951,False,False,4
cooldown_first_signal,lightgbm_dynamic_compact,lightgbm,dynamic_compact,0.75,candidate_a,30,20260701_192258,237,1782915805361,50,down,up,0.7529085426839744,-1.3344331286369027,-1.3344331286369027,False,False,5
cooldown_first_signal,lightgbm_dynamic_compact,lightgbm,dynamic_compact,0.75,candidate_a,30,20260701_192258,301,1782915811889,50,up,up,0.7570531165012202,1.8520295156765343,1.8520295156765343,True,True,6
cooldown_first_signal,lightgbm_dynamic_compact,lightgbm,dynamic_compact,0.75,candidate_a,30,20260701_192258,365,1782915818417,50,up,up,0.7694685292866078,1.2012482971890392,1.2012482971890392,True,True,7
cooldown_first_signal,lightgbm_dynamic_compact,lightgbm,dynamic_compact,0.75,candidate_a,30,20260701_192258,416,1782915823619,50,down,up,0.8592312481983964,-1.6515180203136026,-1.6515180203136026,False,False,8
cooldown_first_signal,lightgbm_dynamic_compact,lightgbm,dynamic_compact,0.75,candidate_a,30,20260701_192258,469,1782915829027,50,down,up,0.7585232738534526,-0.8175530304099787,-0.8175530304099787,False,False,9
cooldown_first_signal,lightgbm_dynamic_compact,lightgbm,dynamic_compact,0.75,candidate_a,30,20260701_192258,570,1782915839329,50,down,up,0.7603859887291441,-3.303691875670145,-3.303691875670145,False,False,10
cooldown_first_signal,lightgbm_dynamic_compact,lightgbm,dynamic_compact,0.75,candidate_a,30,20260701_192258,621,1782915844533,50,down,up,0.7550116250842056,-1.8359909302045896,-1.8359909302045896,False,False,11
cooldown_first_signal,lightgbm_dynamic_compact,lightgbm,dynamic_compact,0.75,candidate_a,30,20260701_192258,674,1782915849939,50,down,up,0.7540775910073426,-0.08346945810755457,-0.08346945810755457,False,False,12
cooldown_first_signal,lightgbm_dynamic_compact,lightgbm,dynamic_compact,0.75,candidate_a,30,20260701_192258,725,1782915855141,50,up,up,0.8193623776636406,3.6223567854509753,3.6223567854509753,True,True,13
cooldown_first_signal,lightgbm_dynamic_compact,lightgbm,dynamic_compact,0.75,candidate_a,30,20260701_192258,778,1782915860547,50,down,up,0.8318866059643878,-1.0512273078810974,-1.0512273078810974,False,False,14
cooldown_first_signal,lightgbm_dynamic_compact,lightgbm,dynamic_compact,0.75,candidate_a,30,20260701_192258,831,1782915865953,50,down,up,0.7515472520907384,-5.023226162830241,-5.023226162830241,False,False,15
cooldown_first_signal,lightgbm_dynamic_compact,lightgbm,dynamic_compact,0.75,candidate_a,30,20260701_192258,882,1782915871155,50,up,up,0.7796761842360069,3.9070620145897905,3.9070620145897905,True,True,16
cooldown_first_signal,lightgbm_dynamic_compact,lightgbm,dynamic_compact,0.75,candidate_a,30,20260701_192258,933,1782915876356,50,down,up,0.828135591942866,-1.518819593440135,-1.518819593440135,False,False,17
cooldown_first_signal,lightgbm_dynamic_compact,lightgbm,dynamic_compact,0.75,candidate_a,30,20260701_192258,989,1782915882068,50,down,up,0.7502601261293642,-7.662022991077322,-7.662022991077322,False,False,18
cooldown_first_signal,lightgbm_dynamic_compact,lightgbm,dynamic_compact,0.75,candidate_a,30,20260701_192258,1046,1782915887882,50,up,up,0.754180191697771,4.827048844222581,4.827048844222581,True,True,19
cooldown_first_signal,lightgbm_dynamic_compact,lightgbm,dynamic_compact,0.75,candidate_a,30,20260701_192258,1097,1782915893084,50,down,up,0.7748033284309578,-0.6343922397122892,-0.6343922397122892,False,False,20
cooldown_first_signal,lightgbm_dynamic_compact,lightgbm,dynamic_compact,0.75,candidate_a,30,20260701_192258,1148,1782915898286,50,down,up,0.7914280454487594,-2.2872960737818637,-2.2872960737818637,False,False,21
cooldown_first_signal,lightgbm_dynamic_compact,lightgbm,dynamic_compact,0.75,candidate_a,30,20260701_192258,1201,1782915903692,50,up,up,0.837500525263897,5.910397374047083,5.910397374047083,True,True,22
cooldown_first_signal,lightgbm_dynamic_compact,lightgbm,dynamic_compact,0.75,candidate_a,30,20260701_192258,1252,1782915908894,50,down,up,0.7899620072434513,-0.15017558028240785,-0.15017558028240785,False,False,23
cooldown_first_signal,lightgbm_dynamic_compact,lightgbm,dynamic_compact,0.75,candidate_a,30,20260701_192258,1303,1782915914096,50,up,up,0.8502728891263152,0.46721993293807884,0.46721993293807884,True,True,24
cooldown_first_signal,lightgbm_dynamic_compact,lightgbm,dynamic_compact,0.75,candidate_a,30,20260701_192258,1354,1782915919298,50,up,up,0.7674211368154877,2.1858197032464943,2.1858197032464943,True,True,25
cooldown_first_signal,lightgbm_dynamic_compact,lightgbm,dynamic_compact,0.75,candidate_a,30,20260701_192258,1407,1782915924704,50,down,up,0.7608264623920834,-2.4856180305732334,-2.4856180305732334,False,False,26
cooldown_first_signal,lightgbm_dynamic_compact,lightgbm,dynamic_compact,0.75,candidate_a,30,20260701_192258,1488,1782915932972,50,down,up,0.7585232738534526,-1.2682847866729574,-1.2682847866729574,False,False,27
cooldown_first_signal,lightgbm_dynamic_compact,lightgbm,dynamic_compact,0.75,candidate_a,30,20260701_192258,1541,1782915938378,50,down,up,0.760497424603452,-3.788646910625193,-3.788646910625193,False,False,28
cooldown_first_signal,lightgbm_dynamic_compact,lightgbm,dynamic_compact,0.75,candidate_a,30,20260701_192258,1597,1782915944090,50,up,up,0.78124238181043,1.1687499634760457,1.1687499634760457,True,True,29
cooldown_first_signal,lightgbm_dynamic_compact,lightgbm,dynamic_compact,0.75,candidate_a,30,20260701_192258,1648,1782915949292,50,up,up,0.7798536968128953,1.8864758877490395,1.8864758877490395,True,True,30
cooldown_first_signal,lightgbm_dynamic_compact,lightgbm,dynamic_compact,0.75,candidate_a,30,20260701_192258,1699,1782915954494,50,down,up,0.8215240119988557,-3.2214263240593066,-3.2214263240593066,False,False,31
cooldown_first_signal,lightgbm_dynamic_compact,lightgbm,dynamic_compact,0.75,candidate_a,30,20260701_192258,1750,1782915959696,50,down,up,0.7723574250958065,-2.7883500397807293,-2.7883500397807293,False,False,32
cooldown_first_signal,lightgbm_dynamic_compact,lightgbm,dynamic_compact,0.75,candidate_a,30,20260701_192258,1801,1782915964900,50,down,up,0.7651351724991298,-0.734860004993898,-0.734860004993898,False,False,33
cooldown_first_signal,lightgbm_dynamic_compact,lightgbm,dynamic_compact,0.75,candidate_a,30,20260701_192258,1857,1782915970612,50,up,up,0.7530214719812784,0.6180443906211863,0.6180443906211863,True,True,34
cooldown_first_signal,lightgbm_dynamic_compact,lightgbm,dynamic_compact,0.75,candidate_a,30,20260701_192258,1909,1782915975916,50,up,up,0.7881586098617415,3.3574451345863565,3.3574451345863565,True,True,35
cooldown_first_signal,lightgbm_dynamic_compact,lightgbm,dynamic_compact,0.75,candidate_a,30,20260701_192258,1963,1782915981426,50,up,up,0.7796761842360069,3.7236764876547035,3.7236764876547035,True,True,36
cooldown_first_signal,lightgbm_dynamic_compact,lightgbm,dynamic_compact,0.75,candidate_a,30,20260701_192258,2014,1782915986630,50,down,up,0.8435640490239799,-4.056128133588244,-4.056128133588244,False,False,37
cooldown_first_signal,lightgbm_dynamic_compact,lightgbm,dynamic_compact,0.75,candidate_a,30,20260701_192258,2065,1782915991832,50,up,up,0.7801408772390367,1.6698658513258913,1.6698658513258913,True,True,38
cooldown_first_signal,lightgbm_dynamic_compact,lightgbm,dynamic_compact,0.75,candidate_a,30,20260701_192258,2116,1782915997034,50,down,up,0.7502601261293642,-0.5843554684403784,-0.5843554684403784,False,False,39
cooldown_first_signal,lightgbm_dynamic_compact,lightgbm,dynamic_compact,0.75,candidate_a,30,20260701_192258,2167,1782916002236,50,down,up,0.7656855241953242,-1.0352044654049486,-1.0352044654049486,False,False,40
cooldown_first_signal,lightgbm_dynamic_compact,lightgbm,dynamic_compact,0.75,candidate_a,30,20260701_192258,2234,1782916009070,50,up,up,0.767261536640487,1.8705214997249975,1.8705214997249975,True,True,41
cooldown_first_signal,lightgbm_dynamic_compact,lightgbm,dynamic_compact,0.75,candidate_a,30,20260701_192258,2293,1782916015088,50,down,up,0.7843905511409511,-0.7514082643222952,-0.7514082643222952,False,False,42
cooldown_first_signal,lightgbm_dynamic_compact,lightgbm,dynamic_compact,0.75,candidate_a,30,20260701_192258,2351,1782916021004,50,down,up,0.7682599690577466,-0.6513085875026192,-0.6513085875026192,False,False,43
cooldown_first_signal,lightgbm_dynamic_compact,lightgbm,dynamic_compact,0.75,candidate_a,30,20260701_192258,2414,1782916027430,50,down,up,0.7773900261606275,-1.46994832630587,-1.46994832630587,False,False,44
cooldown_first_signal,lightgbm_dynamic_compact,lightgbm,dynamic_compact,0.75,candidate_a,30,20260701_192258,2477,1782916033856,50,up,up,0.8120104967678421,2.673396943471129,2.673396943471129,True,True,45
cooldown_first_signal,lightgbm_dynamic_compact,lightgbm,dynamic_compact,0.75,candidate_a,30,20260701_192258,2528,1782916039058,50,down,up,0.7726470667467318,-2.037920352392364,-2.037920352392364,False,False,46
cooldown_first_signal,lightgbm_dynamic_compact,lightgbm,dynamic_compact,0.75,candidate_a,30,20260701_192258,2579,1782916044260,50,down,up,0.7919811949770247,-2.656519541708313,-2.656519541708313,False,False,47
cooldown_first_signal,lightgbm_dynamic_compact,lightgbm,dynamic_compact,0.75,candidate_a,30,20260701_192258,2630,1782916049462,50,down,up,0.7772498457275264,-2.2728469162391907,-2.2728469162391907,False,False,48
cooldown_first_signal,lightgbm_dynamic_compact,lightgbm,dynamic_compact,0.75,candidate_a,30,20260701_192258,2689,1782916055480,50,down,up,0.8140304375940708,-0.618450380639457,-0.618450380639457,False,False,49
cooldown_first_signal,lightgbm_dynamic_compact,lightgbm,dynamic_compact,0.75,candidate_a,30,20260701_192258,2751,1782916061804,50,down,up,0.7623200229753377,-5.382549673661474,-5.382549673661474,False,False,50
cooldown_first_signal,lightgbm_dynamic_compact,lightgbm,dynamic_compact,0.75,candidate_a,30,20260701_192258,2802,1782916067006,50,down,up,0.764875286548731,-0.8195247592646115,-0.8195247592646115,False,False,51
cooldown_first_signal,lightgbm_dynamic_compact,lightgbm,dynamic_compact,0.75,candidate_a,30,20260701_192258,2865,1782916073432,50,up,up,0.7942847280003462,4.398629567654577,4.398629567654577,True,True,52
cooldown_first_signal,lightgbm_dynamic_compact,lightgbm,dynamic_compact,0.75,candidate_a,30,20260701_192811,11,1782916095668,50,down,up,0.7589358701983208,-0.9200039811085858,-0.9200039811085858,False,False,1
cooldown_first_signal,lightgbm_dynamic_compact,lightgbm,dynamic_compact,0.75,candidate_a,30,20260701_192811,69,1782916101584,50,up,up,0.8068157514869478,0.8196618476685735,0.8196618476685735,True,True,2
cooldown_first_signal,lightgbm_dynamic_compact,lightgbm,dynamic_compact,0.75,candidate_a,30,20260701_192811,152,1782916110050,50,down,up,0.81020805386984,-1.7225246860352872,-1.7225246860352872,False,False,3
cooldown_first_signal,lightgbm_dynamic_compact,lightgbm,dynamic_compact,0.75,candidate_a,30,20260701_192811,203,1782916115254,50,up,up,0.8001305841458112,3.479095736182991,3.479095736182991,True,True,4
cooldown_first_signal,lightgbm_dynamic_compact,lightgbm,dynamic_compact,0.75,candidate_a,30,20260701_192811,254,1782916120456,50,down,up,0.7604971856137223,-4.129989323893302,-4.129989323893302,False,False,5
cooldown_first_signal,lightgbm_dynamic_compact,lightgbm,dynamic_compact,0.75,candidate_a,30,20260701_192811,313,1782916126474,50,up,up,0.7698832253891119,3.261832296657108,3.261832296657108,True,True,6
cooldown_first_signal,lightgbm_dynamic_compact,lightgbm,dynamic_compact,0.75,candidate_a,30,20260701_192811,364,1782916131676,50,down,up,0.7586588869421005,-2.8594433115358697,-2.8594433115358697,False,False,7
cooldown_first_signal,lightgbm_dynamic_compact,lightgbm,dynamic_compact,0.75,candidate_a,30,20260701_192811,433,1782916138714,50,up,up,0.7709838505993304,1.6226637614846773,1.6226637614846773,True,True,8
cooldown_first_signal,lightgbm_dynamic_compact,lightgbm,dynamic_compact,0.75,candidate_a,30,20260701_192811,493,1782916144836,50,down,up,0.7963432720211246,-0.11704012219060367,-0.11704012219060367,False,False,9
cooldown_first_signal,lightgbm_dynamic_compact,lightgbm,dynamic_compact,0.75,candidate_a,30,20260701_192811,544,1782916150038,50,down,up,0.7609825134720155,-0.31768404983645304,-0.31768404983645304,False,False,10
cooldown_first_signal,lightgbm_dynamic_compact,lightgbm,dynamic_compact,0.75,candidate_a,30,20260701_192811,595,1782916155240,50,down,up,0.8346998918016023,-4.196906829504465,-4.196906829504465,False,False,11
cooldown_first_signal,lightgbm_dynamic_compact,lightgbm,dynamic_compact,0.75,candidate_a,30,20260701_192811,655,1782916161360,50,down,up,0.7624865457870655,-2.1913371924286995,-2.1913371924286995,False,False,12
cooldown_first_signal,lightgbm_dynamic_compact,lightgbm,dynamic_compact,0.75,candidate_a,30,20260701_192811,706,1782916166562,50,down,up,0.7617589533963155,-0.3680914874659713,-0.3680914874659713,False,False,13
cooldown_first_signal,lightgbm_dynamic_compact,lightgbm,dynamic_compact,0.75,candidate_a,30,20260701_192811,757,1782916171764,50,down,up,0.8454352260714386,-1.6397406198054298,-1.6397406198054298,False,False,14
cooldown_first_signal,lightgbm_dynamic_compact,lightgbm,dynamic_compact,0.75,candidate_a,30,20260701_192811,820,1782916178192,50,up,up,0.7971767191408451,0.3346650212310287,0.3346650212310287,True,True,15
cooldown_first_signal,lightgbm_dynamic_compact,lightgbm,dynamic_compact,0.75,candidate_a,30,20260701_192811,873,1782916183598,50,down,up,0.7782429372414142,-1.2214435287327685,-1.2214435287327685,False,False,16
cooldown_first_signal,lightgbm_dynamic_compact,lightgbm,dynamic_compact,0.75,candidate_a,30,20260701_192811,933,1782916189718,50,up,up,0.766763099495028,1.572944024108569,1.572944024108569,True,True,17
cooldown_first_signal,lightgbm_dynamic_compact,lightgbm,dynamic_compact,0.75,candidate_a,30,20260701_192811,994,1782916195939,50,down,up,0.7748033284309578,-2.1081356468166668,-2.1081356468166668,False,False,18
cooldown_first_signal,lightgbm_dynamic_compact,lightgbm,dynamic_compact,0.75,candidate_a,30,20260701_192811,1048,1782916201447,50,down,up,0.8443278051752752,-0.8533886641537425,-0.8533886641537425,False,False,19
cooldown_first_signal,lightgbm_dynamic_compact,lightgbm,dynamic_compact,0.75,candidate_a,30,20260701_192811,1110,1782916207771,50,up,up,0.7926457423686379,1.9919901907039517,1.9919901907039517,True,True,20
cooldown_first_signal,lightgbm_dynamic_compact,lightgbm,dynamic_compact,0.75,candidate_a,30,20260701_192811,1161,1782916212973,50,up,up,0.7621724822957823,4.619157957628239,4.619157957628239,True,True,21
cooldown_first_signal,lightgbm_dynamic_compact,lightgbm,dynamic_compact,0.75,candidate_a,30,20260701_192811,1215,1782916218481,50,down,up,0.8240686690630311,-1.639285305061744,-1.639285305061744,False,False,22
cooldown_first_signal,lightgbm_dynamic_compact,lightgbm,dynamic_compact,0.75,candidate_a,30,20260701_192811,1304,1782916227561,50,up,up,0.7604971856137223,3.598781101210591,3.598781101210591,True,True,23
cooldown_first_signal,lightgbm_dynamic_compact,lightgbm,dynamic_compact,0.75,candidate_a,30,20260701_192811,1355,1782916232763,50,down,up,0.8066492479679508,-3.011849116398846,-3.011849116398846,False,False,24
cooldown_first_signal,lightgbm_dynamic_compact,lightgbm,dynamic_compact,0.75,candidate_a,30,20260701_192811,1406,1782916237965,50,down,up,0.8178886056616191,-2.0921920230576596,-2.0921920230576596,False,False,25
cooldown_first_signal,lightgbm_dynamic_compact,lightgbm,dynamic_compact,0.75,candidate_a,30,20260701_192811,1476,1782916245115,50,down,up,0.7573008589709631,-0.8206887253270345,-0.8206887253270345,False,False,26
cooldown_first_signal,lightgbm_dynamic_compact,lightgbm,dynamic_compact,0.75,candidate_a,30,20260701_192811,1527,1782916250317,50,down,up,0.7890829657747624,-3.433775452860166,-3.433775452860166,False,False,27
cooldown_first_signal,lightgbm_dynamic_compact,lightgbm,dynamic_compact,0.75,candidate_a,30,20260701_192811,1578,1782916255519,50,down,up,0.7803244676700942,-0.4188969438112533,-0.4188969438112533,False,False,28
cooldown_first_signal,lightgbm_dynamic_compact,lightgbm,dynamic_compact,0.75,candidate_a,30,20260701_192811,1630,1782916260823,50,up,up,0.7998170515558123,4.540158201895572,4.540158201895572,True,True,29
cooldown_first_signal,lightgbm_dynamic_compact,lightgbm,dynamic_compact,0.75,candidate_a,30,20260701_192811,1681,1782916266025,50,up,up,0.8225628447924838,1.2559311347848379,1.2559311347848379,True,True,30
cooldown_first_signal,lightgbm_dynamic_compact,lightgbm,dynamic_compact,0.75,candidate_a,30,20260701_192811,1732,1782916271227,50,down,up,0.7603859887291441,-3.733832963718209,-3.733832963718209,False,False,31
cooldown_first_signal,lightgbm_dynamic_compact,lightgbm,dynamic_compact,0.75,candidate_a,30,20260701_192811,1783,1782916276429,50,up,up,0.7884988144556668,1.0384937820195894,1.0384937820195894,True,True,32
cooldown_first_signal,lightgbm_dynamic_compact,lightgbm,dynamic_compact,0.75,candidate_a,30,20260701_192811,1834,1782916281631,50,down,up,0.825063746582993,-1.2728601922196159,-1.2728601922196159,False,False,33
cooldown_first_signal,lightgbm_dynamic_compact,lightgbm,dynamic_compact,0.75,candidate_a,30,20260701_192811,1923,1782916290711,50,down,up,0.7748033284309578,-0.30153405450317194,-0.30153405450317194,False,False,34
cooldown_first_signal,lightgbm_dynamic_compact,lightgbm,dynamic_compact,0.75,candidate_a,30,20260701_192811,1981,1782916296627,50,down,up,0.7554682176048748,-3.9535458364214904,-3.9535458364214904,False,False,35
cooldown_first_signal,lightgbm_dynamic_compact,lightgbm,dynamic_compact,0.75,candidate_a,30,20260701_192811,2036,1782916302237,50,up,up,0.7842578027372477,3.720422016517677,3.720422016517677,True,True,36
cooldown_first_signal,lightgbm_dynamic_compact,lightgbm,dynamic_compact,0.75,candidate_a,30,20260701_192811,2096,1782916308357,50,up,up,0.7812055811875994,0.8040854240243256,0.8040854240243256,True,True,37
cooldown_first_signal,lightgbm_dynamic_compact,lightgbm,dynamic_compact,0.75,candidate_a,30,20260701_192811,2147,1782916313559,50,up,up,0.7748033284309578,0.5527642820468692,0.5527642820468692,True,True,38
cooldown_first_signal,lightgbm_dynamic_compact,lightgbm,dynamic_compact,0.75,candidate_a,30,20260701_192811,2198,1782916318761,50,up,up,0.7989994276297582,0.452236687282781,0.452236687282781,True,True,39
cooldown_first_signal,lightgbm_dynamic_compact,lightgbm,dynamic_compact,0.75,candidate_a,30,20260701_192811,2259,1782916324983,50,down,up,0.8520257741925494,-0.6365335055313892,-0.6365335055313892,False,False,40
cooldown_first_signal,lightgbm_dynamic_compact,lightgbm,dynamic_compact,0.75,candidate_a,30,20260701_192811,2324,1782916331613,50,up,up,0.7535915387014888,0.1340499419821839,0.1340499419821839,True,True,41
cooldown_first_signal,lightgbm_dynamic_compact,lightgbm,dynamic_compact,0.75,candidate_a,30,20260701_192811,2386,1782916337939,50,down,up,0.7577820863500059,-2.0946847792657763,-2.0946847792657763,False,False,42
cooldown_first_signal,lightgbm_dynamic_compact,lightgbm,dynamic_compact,0.75,candidate_a,30,20260701_192811,2443,1782916343753,50,up,up,0.7926457423686379,3.922071457125309,3.922071457125309,True,True,43
cooldown_first_signal,lightgbm_dynamic_compact,lightgbm,dynamic_compact,0.75,candidate_a,30,20260701_192811,2494,1782916348955,50,down,up,0.8023921143811108,-1.0387739116957118,-1.0387739116957118,False,False,44
cooldown_first_signal,lightgbm_dynamic_compact,lightgbm,dynamic_compact,0.75,candidate_a,30,20260701_192811,2545,1782916354157,50,up,up,0.7890464900368016,1.038881828030469,1.038881828030469,True,True,45
cooldown_first_signal,lightgbm_dynamic_compact,lightgbm,dynamic_compact,0.75,candidate_a,30,20260701_192811,2620,1782916361809,50,up,up,0.7663947163522926,0.6701767172234696,0.6701767172234696,True,True,46
cooldown_first_signal,lightgbm_dynamic_compact,lightgbm,dynamic_compact,0.75,candidate_a,30,20260701_192811,2671,1782916367011,50,up,up,0.8364015395540666,0.16753295163818294,0.16753295163818294,True,True,47
cooldown_first_signal,lightgbm_dynamic_compact,lightgbm,dynamic_compact,0.75,candidate_a,30,20260701_192811,2770,1782916377109,50,up,up,0.7604971856137223,3.1836647835570275,3.1836647835570275,True,True,48
cooldown_first_signal,lightgbm_dynamic_compact,lightgbm,dynamic_compact,0.75,candidate_a,30,20260701_192811,2821,1782916382311,50,down,up,0.7568684052755362,-5.628267975908985,-5.628267975908985,False,False,49
cooldown_first_signal,lightgbm_dynamic_compact,lightgbm,dynamic_compact,0.75,candidate_a,30,20260701_193325,14,1782916410161,50,down,up,0.7624865457870655,-0.6539262823879177,-0.6539262823879177,False,False,1
cooldown_first_signal,lightgbm_dynamic_compact,lightgbm,dynamic_compact,0.75,candidate_a,30,20260701_193325,72,1782916416077,50,down,up,0.7791499929460428,-1.224130804245993,-1.224130804245993,False,False,2
cooldown_first_signal,lightgbm_dynamic_compact,lightgbm,dynamic_compact,0.75,candidate_a,30,20260701_193325,144,1782916423422,50,down,up,0.7683805224456799,-4.478697252646713,-4.478697252646713,False,False,3
cooldown_first_signal,lightgbm_dynamic_compact,lightgbm,dynamic_compact,0.75,candidate_a,30,20260701_193325,201,1782916429236,50,down,up,0.788466197106667,-3.306009805591481,-3.306009805591481,False,False,4
cooldown_first_signal,lightgbm_dynamic_compact,lightgbm,dynamic_compact,0.75,candidate_a,30,20260701_193325,252,1782916434440,50,down,up,0.7514690695735196,-1.1079634875665878,-1.1079634875665878,False,False,5
cooldown_first_signal,lightgbm_dynamic_compact,lightgbm,dynamic_compact,0.75,candidate_a,30,20260701_193325,320,1782916441376,50,down,up,0.8235468681031745,-1.007349453723272,-1.007349453723272,False,False,6
cooldown_first_signal,lightgbm_dynamic_compact,lightgbm,dynamic_compact,0.75,candidate_a,30,20260701_193325,371,1782916446578,50,down,up,0.7969139041650917,-6.338247503947514,-6.338247503947514,False,False,7
cooldown_first_signal,lightgbm_dynamic_compact,lightgbm,dynamic_compact,0.75,candidate_a,30,20260701_193325,432,1782916452800,50,up,up,0.7838447732771783,8.250180420188435,8.250180420188435,True,True,8
cooldown_first_signal,lightgbm_dynamic_compact,lightgbm,dynamic_compact,0.75,candidate_a,30,20260701_193325,483,1782916458002,50,up,up,0.8207904726535195,2.43439923643729,2.43439923643729,True,True,9
cooldown_first_signal,lightgbm_dynamic_compact,lightgbm,dynamic_compact,0.75,candidate_a,30,20260701_193325,534,1782916463204,50,up,up,0.8029556073212507,2.534515995566977,2.534515995566977,True,True,10
cooldown_first_signal,lightgbm_dynamic_compact,lightgbm,dynamic_compact,0.75,candidate_a,30,20260701_193325,585,1782916468406,50,down,up,0.8391523620719985,-0.7719085691093586,-0.7719085691093586,False,False,11
cooldown_first_signal,lightgbm_dynamic_compact,lightgbm,dynamic_compact,0.75,candidate_a,30,20260701_193325,636,1782916473608,50,up,up,0.7662274001263669,0.21816491421633444,0.21816491421633444,True,True,12
cooldown_first_signal,lightgbm_dynamic_compact,lightgbm,dynamic_compact,0.75,candidate_a,30,20260701_193325,687,1782916478810,50,down,up,0.7541094063131477,-0.03356310072644142,-0.03356310072644142,False,False,13
cooldown_first_signal,lightgbm_dynamic_compact,lightgbm,dynamic_compact,0.75,candidate_a,30,20260701_193325,760,1782916486258,50,up,up,0.7699838985692682,8.139092902290646,8.139092902290646,True,True,14
cooldown_first_signal,lightgbm_dynamic_compact,lightgbm,dynamic_compact,0.75,candidate_a,30,20260701_193325,811,1782916491460,50,down,up,0.7719547800862507,-1.0059729644762427,-1.0059729644762427,False,False,15
cooldown_first_signal,lightgbm_dynamic_compact,lightgbm,dynamic_compact,0.75,candidate_a,30,20260701_193325,873,1782916497784,50,up,up,0.7624865457870655,4.98035944109354,4.98035944109354,True,True,16
cooldown_first_signal,lightgbm_dynamic_compact,lightgbm,dynamic_compact,0.75,candidate_a,30,20260701_193325,924,1782916502986,50,up,up,0.8313805757262918,2.1453382888414474,2.1453382888414474,True,True,17
cooldown_first_signal,lightgbm_dynamic_compact,lightgbm,dynamic_compact,0.75,candidate_a,30,20260701_193325,989,1782916509618,50,up,up,0.78124238181043,3.8711915477307457,3.8711915477307457,True,True,18
cooldown_first_signal,lightgbm_dynamic_compact,lightgbm,dynamic_compact,0.75,candidate_a,30,20260701_193325,1052,1782916516044,50,down,up,0.7593627669472018,-0.469122916066933,-0.469122916066933,False,False,19
cooldown_first_signal,lightgbm_dynamic_compact,lightgbm,dynamic_compact,0.75,candidate_a,30,20260701_193325,1105,1782916521450,50,down,up,0.7640131651858029,-4.189158959312378,-4.189158959312378,False,False,20
cooldown_first_signal,lightgbm_dynamic_compact,lightgbm,dynamic_compact,0.75,candidate_a,30,20260701_193325,1156,1782916526652,50,down,up,0.8300442308489366,-3.453313630447097,-3.453313630447097,False,False,21
cooldown_first_signal,lightgbm_dynamic_compact,lightgbm,dynamic_compact,0.75,candidate_a,30,20260701_193325,1232,1782916534404,50,up,up,0.78124238181043,0.7886349316610364,0.7886349316610364,True,True,22
cooldown_first_signal,lightgbm_dynamic_compact,lightgbm,dynamic_compact,0.75,candidate_a,30,20260701_193325,1283,1782916539606,50,down,up,0.7641373918998441,-6.140800502001387,-6.140800502001387,False,False,23
cooldown_first_signal,lightgbm_dynamic_compact,lightgbm,dynamic_compact,0.75,candidate_a,30,20260701_193325,1336,1782916545012,50,up,up,0.8443278051752752,1.9136812260311942,1.9136812260311942,True,True,24
cooldown_first_signal,lightgbm_dynamic_compact,lightgbm,dynamic_compact,0.75,candidate_a,30,20260701_193325,1391,1782916550622,50,down,up,0.7624865457870655,-3.423826982609235,-3.423826982609235,False,False,25
cooldown_first_signal,lightgbm_dynamic_compact,lightgbm,dynamic_compact,0.75,candidate_a,30,20260701_193325,1467,1782916558374,50,down,up,0.7694685292866078,-1.5617089125730121,-1.5617089125730121,False,False,26
cooldown_first_signal,lightgbm_dynamic_compact,lightgbm,dynamic_compact,0.75,candidate_a,30,20260701_193325,1525,1782916564290,50,up,up,0.7583548529696357,3.006677679953107,3.006677679953107,True,True,27
cooldown_first_signal,lightgbm_dynamic_compact,lightgbm,dynamic_compact,0.75,candidate_a,30,20260701_193325,1583,1782916570206,50,up,up,0.762326537849728,0.4702077226581558,0.4702077226581558,True,True,28
cooldown_first_signal,lightgbm_dynamic_compact,lightgbm,dynamic_compact,0.75,candidate_a,30,20260701_193325,1634,1782916575408,50,up,up,0.7677030954408368,1.847157769943042,1.847157769943042,True,True,29
cooldown_first_signal,lightgbm_dynamic_compact,lightgbm,dynamic_compact,0.75,candidate_a,30,20260701_193325,1702,1782916582344,50,down,up,0.7929195080438866,-1.779889764373932,-1.779889764373932,False,False,30
cooldown_first_signal,lightgbm_dynamic_compact,lightgbm,dynamic_compact,0.75,candidate_a,30,20260701_193325,1753,1782916587546,50,up,up,0.7859338377672376,2.770736654915673,2.770736654915673,True,True,31
cooldown_first_signal,lightgbm_dynamic_compact,lightgbm,dynamic_compact,0.75,candidate_a,30,20260701_193325,1804,1782916592748,50,up,up,0.768870269527696,2.652588918390375,2.652588918390375,True,True,32
cooldown_first_signal,lightgbm_dynamic_compact,lightgbm,dynamic_compact,0.75,candidate_a,30,20260701_193325,1866,1782916599072,50,up,up,0.8287665771219054,0.4028200762173917,0.4028200762173917,True,True,33
cooldown_first_signal,lightgbm_dynamic_compact,lightgbm,dynamic_compact,0.75,candidate_a,30,20260701_193325,1917,1782916604274,50,down,up,0.7726470667467318,-0.2685359003129495,-0.2685359003129495,False,False,34
cooldown_first_signal,lightgbm_dynamic_compact,lightgbm,dynamic_compact,0.75,candidate_a,30,20260701_193325,1968,1782916609476,50,down,up,0.7532241828200454,-0.08391972239341072,-0.08391972239341072,False,False,35
cooldown_first_signal,lightgbm_dynamic_compact,lightgbm,dynamic_compact,0.75,candidate_a,30,20260701_193325,2026,1782916615392,50,up,up,0.7890464900368016,4.615724177750025,4.615724177750025,True,True,36
cooldown_first_signal,lightgbm_dynamic_compact,lightgbm,dynamic_compact,0.75,candidate_a,30,20260701_193325,2077,1782916620594,50,up,up,0.8289147601847943,5.60342043520512,5.60342043520512,True,True,37
cooldown_first_signal,lightgbm_dynamic_compact,lightgbm,dynamic_compact,0.75,candidate_a,30,20260701_193325,2128,1782916625796,50,down,up,0.7795781014493437,-2.6660026810931825,-2.6660026810931825,False,False,38
cooldown_first_signal,lightgbm_dynamic_compact,lightgbm,dynamic_compact,0.75,candidate_a,30,20260701_193325,2192,1782916632324,50,up,up,0.7604971856137223,0.6206621794468958,0.6206621794468958,True,True,39
cooldown_first_signal,lightgbm_dynamic_compact,lightgbm,dynamic_compact,0.75,candidate_a,30,20260701_193325,2243,1782916637526,50,down,up,0.7694685292866078,-0.60385004725938,-0.60385004725938,False,False,40
cooldown_first_signal,lightgbm_dynamic_compact,lightgbm,dynamic_compact,0.75,candidate_a,30,20260701_193325,2294,1782916642728,50,down,up,0.7740978950855825,-3.539445950898612,-3.539445950898612,False,False,41
cooldown_first_signal,lightgbm_dynamic_compact,lightgbm,dynamic_compact,0.75,candidate_a,30,20260701_193325,2345,1782916647930,50,down,up,0.7556029720299445,-2.768793183735019,-2.768793183735019,False,False,42
cooldown_first_signal,lightgbm_dynamic_compact,lightgbm,dynamic_compact,0.75,candidate_a,30,20260701_193325,2411,1782916654662,50,up,up,0.7709838505993304,0.28536585161109684,0.28536585161109684,True,True,43
cooldown_first_signal,lightgbm_dynamic_compact,lightgbm,dynamic_compact,0.75,candidate_a,30,20260701_193325,2462,1782916659864,50,up,up,0.7555932287917586,0.6546441547405912,0.6546441547405912,True,True,44
cooldown_first_signal,lightgbm_dynamic_compact,lightgbm,dynamic_compact,0.75,candidate_a,30,20260701_193325,2513,1782916665066,50,up,up,0.7709838505993304,1.17492541321651,1.17492541321651,True,True,45
cooldown_first_signal,lightgbm_dynamic_compact,lightgbm,dynamic_compact,0.75,candidate_a,30,20260701_193325,2571,1782916670984,50,down,up,0.8191178404718068,-0.7216030327472645,-0.7216030327472645,False,False,46
cooldown_first_signal,lightgbm_dynamic_compact,lightgbm,dynamic_compact,0.75,candidate_a,30,20260701_193325,2622,1782916676186,50,up,up,0.7502601261293642,2.433488153528174,2.433488153528174,True,True,47
cooldown_first_signal,lightgbm_dynamic_compact,lightgbm,dynamic_compact,0.75,candidate_a,30,20260701_193325,2673,1782916681388,50,down,up,0.8227793745615442,-1.0067156321968973,-1.0067156321968973,False,False,48
cooldown_first_signal,lightgbm_dynamic_compact,lightgbm,dynamic_compact,0.75,candidate_a,30,20260701_193325,2724,1782916686590,50,down,up,0.7860951195442604,-0.1845831148394872,-0.1845831148394872,False,False,49
cooldown_first_signal,lightgbm_dynamic_compact,lightgbm,dynamic_compact,0.75,candidate_a,30,20260701_193325,2775,1782916691792,50,down,up,0.7555097408674203,-2.080793520677915,-2.080793520677915,False,False,50
cooldown_first_signal,lightgbm_dynamic_compact,lightgbm,dynamic_compact,0.75,candidate_a,30,20260701_193325,2827,1782916697096,50,up,up,0.7508932993532815,4.112100905921956,4.112100905921956,True,True,51
cooldown_first_signal,lightgbm_dynamic_compact,lightgbm,dynamic_compact,0.75,candidate_a,30,20260701_193836,11,1782916720762,50,up,up,0.7717109659075969,0.8380536706331654,0.8380536706331654,True,True,1
cooldown_first_signal,lightgbm_dynamic_compact,lightgbm,dynamic_compact,0.75,candidate_a,30,20260701_193836,63,1782916726068,50,down,up,0.7535667820416554,-2.446956765123076,-2.446956765123076,False,False,2
cooldown_first_signal,lightgbm_dynamic_compact,lightgbm,dynamic_compact,0.75,candidate_a,30,20260701_193836,114,1782916731272,50,down,up,0.8430435694713381,-3.017246075693869,-3.017246075693869,False,False,3
cooldown_first_signal,lightgbm_dynamic_compact,lightgbm,dynamic_compact,0.75,candidate_a,30,20260701_193836,175,1782916737494,50,up,up,0.7585232738534526,0.8384134199812543,0.8384134199812543,True,True,4
cooldown_first_signal,lightgbm_dynamic_compact,lightgbm,dynamic_compact,0.75,candidate_a,30,20260701_193836,226,1782916742696,50,up,up,0.7627673297164688,0.7377419563070475,0.7377419563070475,True,True,5
cooldown_first_signal,lightgbm_dynamic_compact,lightgbm,dynamic_compact,0.75,candidate_a,30,20260701_193836,277,1782916747898,50,up,up,0.7502601261293642,1.894515712326239,1.894515712326239,True,True,6
cooldown_first_signal,lightgbm_dynamic_compact,lightgbm,dynamic_compact,0.75,candidate_a,30,20260701_193836,328,1782916753100,50,up,up,0.8163675199945085,2.1455936128345066,2.1455936128345066,True,True,7
cooldown_first_signal,lightgbm_dynamic_compact,lightgbm,dynamic_compact,0.75,candidate_a,30,20260701_193836,379,1782916758302,50,up,up,0.8167952383443379,4.223231291462515,4.223231291462515,True,True,8
cooldown_first_signal,lightgbm_dynamic_compact,lightgbm,dynamic_compact,0.75,candidate_a,30,20260701_193836,430,1782916763504,50,down,up,0.8146339625954493,-3.4172771838958393,-3.4172771838958393,False,False,9
cooldown_first_signal,lightgbm_dynamic_compact,lightgbm,dynamic_compact,0.75,candidate_a,30,20260701_193836,481,1782916768706,50,up,up,0.7953937847522258,2.0108502126059413,2.0108502126059413,True,True,10
cooldown_first_signal,lightgbm_dynamic_compact,lightgbm,dynamic_compact,0.75,candidate_a,30,20260701_193836,540,1782916774724,50,down,up,0.8260580906442476,-0.5528272506982734,-0.5528272506982734,False,False,11
cooldown_first_signal,lightgbm_dynamic_compact,lightgbm,dynamic_compact,0.75,candidate_a,30,20260701_193836,600,1782916780846,50,up,up,0.7911817440381478,0.6701183345203532,0.6701183345203532,True,True,12
cooldown_first_signal,lightgbm_dynamic_compact,lightgbm,dynamic_compact,0.75,candidate_a,30,20260701_193836,651,1782916786048,50,down,up,0.7518803992453823,-0.80408811800603,-0.80408811800603,False,False,13
cooldown_first_signal,lightgbm_dynamic_compact,lightgbm,dynamic_compact,0.75,candidate_a,30,20260701_193836,702,1782916791250,50,up,up,0.8143139521103038,0.39366814110763926,0.39366814110763926,True,True,14
cooldown_first_signal,lightgbm_dynamic_compact,lightgbm,dynamic_compact,0.75,candidate_a,30,20260701_193836,766,1782916797780,50,up,up,0.806844197171244,1.9427833553709029,1.9427833553709029,True,True,15
cooldown_first_signal,lightgbm_dynamic_compact,lightgbm,dynamic_compact,0.75,candidate_a,30,20260701_193836,817,1782916802982,50,down,up,0.7757954212343389,-3.114495380583948,-3.114495380583948,False,False,16
cooldown_first_signal,lightgbm_dynamic_compact,lightgbm,dynamic_compact,0.75,candidate_a,30,20260701_193836,869,1782916808286,50,down,up,0.7538266411600097,-0.9212398548463785,-0.9212398548463785,False,False,17
cooldown_first_signal,lightgbm_dynamic_compact,lightgbm,dynamic_compact,0.75,candidate_a,30,20260701_193836,928,1782916814304,50,down,up,0.7588793367921748,-3.2670020230285424,-3.2670020230285424,False,False,18
cooldown_first_signal,lightgbm_dynamic_compact,lightgbm,dynamic_compact,0.75,candidate_a,30,20260701_193836,1007,1782916822362,50,down,up,0.7585162504113228,-4.156836781301632,-4.156836781301632,False,False,19
cooldown_first_signal,lightgbm_dynamic_compact,lightgbm,dynamic_compact,0.75,candidate_a,30,20260701_193836,1066,1782916828382,50,up,up,0.7624865457870655,0.5701622363107894,0.5701622363107894,True,True,20
cooldown_first_signal,lightgbm_dynamic_compact,lightgbm,dynamic_compact,0.75,candidate_a,30,20260701_193836,1123,1782916834196,50,down,up,0.7748724405999884,-2.012222575292766,-2.012222575292766,False,False,21
cooldown_first_signal,lightgbm_dynamic_compact,lightgbm,dynamic_compact,0.75,candidate_a,30,20260701_193836,1174,1782916839400,50,up,up,0.7740978950855825,1.3585236035096315,1.3585236035096315,True,True,22
cooldown_first_signal,lightgbm_dynamic_compact,lightgbm,dynamic_compact,0.75,candidate_a,30,20260701_193836,1225,1782916844602,50,up,up,0.7670674330146116,0.9055593799600636,0.9055593799600636,True,True,23
cooldown_first_signal,lightgbm_dynamic_compact,lightgbm,dynamic_compact,0.75,candidate_a,30,20260701_193836,1303,1782916852558,50,up,up,0.7632846778369499,0.7546214273923546,0.7546214273923546,True,True,24
cooldown_first_signal,lightgbm_dynamic_compact,lightgbm,dynamic_compact,0.75,candidate_a,30,20260701_193836,1362,1782916858576,50,down,up,0.7519667985741888,-0.9557239902657777,-0.9557239902657777,False,False,25
cooldown_first_signal,lightgbm_dynamic_compact,lightgbm,dynamic_compact,0.75,candidate_a,30,20260701_193836,1477,1782916870306,50,up,up,0.7672224003845217,2.5830496591305874,2.5830496591305874,True,True,26
cooldown_first_signal,lightgbm_dynamic_compact,lightgbm,dynamic_compact,0.75,candidate_a,30,20260701_193836,1528,1782916875512,50,down,up,0.8050541557894794,-1.2073477169805003,-1.2073477169805003,False,False,27
cooldown_first_signal,lightgbm_dynamic_compact,lightgbm,dynamic_compact,0.75,candidate_a,30,20260701_193836,1579,1782916880714,50,down,up,0.7537683006350497,-4.343622463739427,-4.343622463739427,False,False,28
cooldown_first_signal,lightgbm_dynamic_compact,lightgbm,dynamic_compact,0.75,candidate_a,30,20260701_193836,1637,1782916886630,50,up,up,0.8101393426906287,0.3523067283039971,0.3523067283039971,True,True,29
cooldown_first_signal,lightgbm_dynamic_compact,lightgbm,dynamic_compact,0.75,candidate_a,30,20260701_193836,1688,1782916891832,50,up,up,0.7537275085796712,1.610488305086033,1.610488305086033,True,True,30
cooldown_first_signal,lightgbm_dynamic_compact,lightgbm,dynamic_compact,0.75,candidate_a,30,20260701_193836,1739,1782916897034,50,up,up,0.8339685574784321,4.44490291241717,4.44490291241717,True,True,31
cooldown_first_signal,lightgbm_dynamic_compact,lightgbm,dynamic_compact,0.75,candidate_a,30,20260701_193836,1790,1782916902238,50,down,up,0.7975343036897928,-3.1854956002441703,-3.1854956002441703,False,False,32
cooldown_first_signal,lightgbm_dynamic_compact,lightgbm,dynamic_compact,0.75,candidate_a,30,20260701_193836,1841,1782916907440,50,down,up,0.7516273617457301,-1.257833155978716,-1.257833155978716,False,False,33
cooldown_first_signal,lightgbm_dynamic_compact,lightgbm,dynamic_compact,0.75,candidate_a,30,20260701_193836,1892,1782916912644,50,down,up,0.7572546899460988,-0.3857840263599144,-0.3857840263599144,False,False,34
cooldown_first_signal,lightgbm_dynamic_compact,lightgbm,dynamic_compact,0.75,candidate_a,30,20260701_193836,1944,1782916917948,50,up,up,0.7550594231952967,3.1873552584227305,3.1873552584227305,True,True,35
cooldown_first_signal,lightgbm_dynamic_compact,lightgbm,dynamic_compact,0.75,candidate_a,30,20260701_193836,1995,1782916923152,50,up,up,0.8288405589510299,1.308076280970294,1.308076280970294,True,True,36
cooldown_first_signal,lightgbm_dynamic_compact,lightgbm,dynamic_compact,0.75,candidate_a,30,20260701_193836,2046,1782916928356,50,up,up,0.8044407261318214,4.913028496404959,4.913028496404959,True,True,37
cooldown_first_signal,lightgbm_dynamic_compact,lightgbm,dynamic_compact,0.75,candidate_a,30,20260701_193836,2109,1782916934782,50,up,up,0.7685440883645022,0.4357974044899571,0.4357974044899571,True,True,38
cooldown_first_signal,lightgbm_dynamic_compact,lightgbm,dynamic_compact,0.75,candidate_a,30,20260701_193836,2160,1782916939986,50,down,up,0.7726470667467318,-0.25141062310440887,-0.25141062310440887,False,False,39
cooldown_first_signal,lightgbm_dynamic_compact,lightgbm,dynamic_compact,0.75,candidate_a,30,20260701_193836,2221,1782916946212,50,up,up,0.7556369207090272,0.01676115769289055,0.01676115769289055,True,True,40
cooldown_first_signal,lightgbm_dynamic_compact,lightgbm,dynamic_compact,0.75,candidate_a,30,20260701_193836,2274,1782916951618,50,up,up,0.7709838505993304,0.23465581439507943,0.23465581439507943,True,True,41
cooldown_first_signal,lightgbm_dynamic_compact,lightgbm,dynamic_compact,0.75,candidate_a,30,20260701_193836,2330,1782916957330,50,down,up,0.7590875074334916,-6.034138136506995,-6.034138136506995,False,False,42
cooldown_first_signal,lightgbm_dynamic_compact,lightgbm,dynamic_compact,0.75,candidate_a,30,20260701_193836,2381,1782916962532,50,down,up,0.7823460309514906,-1.4088156640179594,-1.4088156640179594,False,False,43
cooldown_first_signal,lightgbm_dynamic_compact,lightgbm,dynamic_compact,0.75,candidate_a,30,20260701_193836,2436,1782916968142,50,down,up,0.7504280306372243,-0.46969344953740055,-0.46969344953740055,False,False,44
cooldown_first_signal,lightgbm_dynamic_compact,lightgbm,dynamic_compact,0.75,candidate_a,30,20260701_193836,2487,1782916973344,50,up,up,0.7531570198058333,1.6943309531614048,1.6943309531614048,True,True,45
cooldown_first_signal,lightgbm_dynamic_compact,lightgbm,dynamic_compact,0.75,candidate_a,30,20260701_193836,2538,1782916978546,50,up,up,0.7653140430076334,2.935224624354138,2.935224624354138,True,True,46
cooldown_first_signal,lightgbm_dynamic_compact,lightgbm,dynamic_compact,0.75,candidate_a,30,20260701_193836,2589,1782916983748,50,up,up,0.7742763939728314,0.5365692933123611,0.5365692933123611,True,True,47
cooldown_first_signal,lightgbm_dynamic_compact,lightgbm,dynamic_compact,0.75,candidate_a,30,20260701_193836,2640,1782916988950,50,up,up,0.7636249020058486,1.4419526050302167,1.4419526050302167,True,True,48
cooldown_first_signal,lightgbm_dynamic_compact,lightgbm,dynamic_compact,0.75,candidate_a,30,20260701_193836,2694,1782916994458,50,down,up,0.7502601261293642,-0.40234736156441464,-0.40234736156441464,False,False,49
cooldown_first_signal,lightgbm_dynamic_compact,lightgbm,dynamic_compact,0.75,candidate_a,30,20260701_193836,2746,1782916999762,50,up,up,0.76729447528828,0.7712252505842621,0.7712252505842621,True,True,50
cooldown_first_signal,lightgbm_dynamic_compact,lightgbm,dynamic_compact,0.75,candidate_a,30,20260701_193836,2797,1782917004964,50,up,up,0.7714140310058709,1.9949723344270254,1.9949723344270254,True,True,51
cooldown_first_signal,lightgbm_dynamic_compact,lightgbm,dynamic_compact,0.75,candidate_a,30,20260701_193836,2848,1782917010168,50,up,up,0.7964063379511476,0.5028338879875527,0.5028338879875527,True,True,52
cooldown_first_signal,lightgbm_dynamic_compact,lightgbm,dynamic_compact,0.75,candidate_a,30,20260701_194351,11,1782917035978,50,up,up,0.7617987230209303,1.0226380205069496,1.0226380205069496,True,True,1
cooldown_first_signal,lightgbm_dynamic_compact,lightgbm,dynamic_compact,0.75,candidate_a,30,20260701_194351,67,1782917041692,50,up,up,0.8226978697897613,1.2906113055866086,1.2906113055866086,True,True,2
cooldown_first_signal,lightgbm_dynamic_compact,lightgbm,dynamic_compact,0.75,candidate_a,30,20260701_194351,123,1782917047404,50,down,up,0.7632069664515023,-0.33518045696845356,-0.33518045696845356,False,False,3
cooldown_first_signal,lightgbm_dynamic_compact,lightgbm,dynamic_compact,0.75,candidate_a,30,20260701_194351,174,1782917052606,50,down,up,0.8028748796602844,-2.061428905422158,-2.061428905422158,False,False,4
cooldown_first_signal,lightgbm_dynamic_compact,lightgbm,dynamic_compact,0.75,candidate_a,30,20260701_194351,236,1782917058930,50,down,up,0.7614495157899374,-4.275198733870722,-4.275198733870722,False,False,5
cooldown_first_signal,lightgbm_dynamic_compact,lightgbm,dynamic_compact,0.75,candidate_a,30,20260701_194351,287,1782917064134,50,down,up,0.7517179686187824,-3.1197139926719686,-3.1197139926719686,False,False,6
cooldown_first_signal,lightgbm_dynamic_compact,lightgbm,dynamic_compact,0.75,candidate_a,30,20260701_194351,344,1782917069948,50,down,up,0.7624865457870655,-2.0972362620541585,-2.0972362620541585,False,False,7
cooldown_first_signal,lightgbm_dynamic_compact,lightgbm,dynamic_compact,0.75,candidate_a,30,20260701_194351,395,1782917075150,50,down,up,0.7537275085796712,-0.9901031637149504,-0.9901031637149504,False,False,8
cooldown_first_signal,lightgbm_dynamic_compact,lightgbm,dynamic_compact,0.75,candidate_a,30,20260701_194351,446,1782917080352,50,down,up,0.7580629073544324,-1.6447409826647608,-1.6447409826647608,False,False,9
cooldown_first_signal,lightgbm_dynamic_compact,lightgbm,dynamic_compact,0.75,candidate_a,30,20260701_194351,507,1782917086576,50,up,up,0.7926457423686379,1.2757232385585127,1.2757232385585127,True,True,10
cooldown_first_signal,lightgbm_dynamic_compact,lightgbm,dynamic_compact,0.75,candidate_a,30,20260701_194351,558,1782917091778,50,down,up,0.7943078419091744,-0.5370781104596656,-0.5370781104596656,False,False,11
cooldown_first_signal,lightgbm_dynamic_compact,lightgbm,dynamic_compact,0.75,candidate_a,30,20260701_194351,609,1782917096980,50,down,up,0.8219903965626351,-4.07837529612376,-4.07837529612376,False,False,12
cooldown_first_signal,lightgbm_dynamic_compact,lightgbm,dynamic_compact,0.75,candidate_a,30,20260701_194351,666,1782917102794,50,down,up,0.7517188643097807,-1.8638217917721356,-1.8638217917721356,False,False,13
cooldown_first_signal,lightgbm_dynamic_compact,lightgbm,dynamic_compact,0.75,candidate_a,30,20260701_194351,717,1782917107996,50,up,up,0.852141637738723,3.089957219206685,3.089957219206685,True,True,14
cooldown_first_signal,lightgbm_dynamic_compact,lightgbm,dynamic_compact,0.75,candidate_a,30,20260701_194351,768,1782917113198,50,down,up,0.752213086696496,-3.726948946676245,-3.726948946676245,False,False,15
cooldown_first_signal,lightgbm_dynamic_compact,lightgbm,dynamic_compact,0.75,candidate_a,30,20260701_194351,857,1782917122276,50,down,up,0.7685440883645022,-0.1847772132734793,-0.1847772132734793,False,False,16
cooldown_first_signal,lightgbm_dynamic_compact,lightgbm,dynamic_compact,0.75,candidate_a,30,20260701_194351,908,1782917127478,50,up,up,0.7585232738534526,2.7381129362380463,2.7381129362380463,True,True,17
cooldown_first_signal,lightgbm_dynamic_compact,lightgbm,dynamic_compact,0.75,candidate_a,30,20260701_194351,970,1782917133802,50,down,up,0.7622620698626175,-0.6886387208115963,-0.6886387208115963,False,False,18
cooldown_first_signal,lightgbm_dynamic_compact,lightgbm,dynamic_compact,0.75,candidate_a,30,20260701_194351,1027,1782917139616,50,down,up,0.7816742063969954,-3.2586722254457356,-3.2586722254457356,False,False,19
cooldown_first_signal,lightgbm_dynamic_compact,lightgbm,dynamic_compact,0.75,candidate_a,30,20260701_194351,1081,1782917145124,50,down,up,0.7655299702975993,-0.7393212191075804,-0.7393212191075804,False,False,20
cooldown_first_signal,lightgbm_dynamic_compact,lightgbm,dynamic_compact,0.75,candidate_a,30,20260701_194351,1132,1782917150326,50,down,up,0.7848697872906585,-1.0922598267670836,-1.0922598267670836,False,False,21
cooldown_first_signal,lightgbm_dynamic_compact,lightgbm,dynamic_compact,0.75,candidate_a,30,20260701_194351,1186,1782917155834,50,up,up,0.7579770960588676,0.4369516571811616,0.4369516571811616,True,True,22
cooldown_first_signal,lightgbm_dynamic_compact,lightgbm,dynamic_compact,0.75,candidate_a,30,20260701_194351,1237,1782917161036,50,up,up,0.7592204546889921,1.243759144360368,1.243759144360368,True,True,23
cooldown_first_signal,lightgbm_dynamic_compact,lightgbm,dynamic_compact,0.75,candidate_a,30,20260701_194351,1300,1782917167462,50,down,up,0.7746442958211853,-5.294282259196148,-5.294282259196148,False,False,24
cooldown_first_signal,lightgbm_dynamic_compact,lightgbm,dynamic_compact,0.75,candidate_a,30,20260701_194351,1356,1782917173174,50,down,up,0.7604971856137223,-0.5044971718726199,-0.5044971718726199,False,False,25
cooldown_first_signal,lightgbm_dynamic_compact,lightgbm,dynamic_compact,0.75,candidate_a,30,20260701_194351,1407,1782917178376,50,up,up,0.7672226347175266,0.35316643136162895,0.35316643136162895,True,True,26
cooldown_first_signal,lightgbm_dynamic_compact,lightgbm,dynamic_compact,0.75,candidate_a,30,20260701_194351,1470,1782917184810,50,down,up,0.7748033284309578,-4.12027503256307,-4.12027503256307,False,False,27
cooldown_first_signal,lightgbm_dynamic_compact,lightgbm,dynamic_compact,0.75,candidate_a,30,20260701_194351,1524,1782917190320,50,down,up,0.7660264722819268,-7.436351476964864,-7.436351476964864,False,False,28
cooldown_first_signal,lightgbm_dynamic_compact,lightgbm,dynamic_compact,0.75,candidate_a,30,20260701_194351,1576,1782917195624,50,up,up,0.7766757550465114,2.356951956059561,2.356951956059561,True,True,29
cooldown_first_signal,lightgbm_dynamic_compact,lightgbm,dynamic_compact,0.75,candidate_a,30,20260701_194351,1627,1782917200826,50,up,up,0.8111169622897458,6.244450896482068,6.244450896482068,True,True,30
cooldown_first_signal,lightgbm_dynamic_compact,lightgbm,dynamic_compact,0.75,candidate_a,30,20260701_194351,1678,1782917206028,50,up,up,0.8516320769124868,2.3717469430106775,2.3717469430106775,True,True,31
cooldown_first_signal,lightgbm_dynamic_compact,lightgbm,dynamic_compact,0.75,candidate_a,30,20260701_194351,1729,1782917211230,50,down,up,0.7524930824942972,-4.5573830867273735,-4.5573830867273735,False,False,32
cooldown_first_signal,lightgbm_dynamic_compact,lightgbm,dynamic_compact,0.75,candidate_a,30,20260701_194351,1791,1782917217554,50,up,up,0.787851965120382,1.3292692468525047,1.3292692468525047,True,True,33
cooldown_first_signal,lightgbm_dynamic_compact,lightgbm,dynamic_compact,0.75,candidate_a,30,20260701_194351,1842,1782917222756,50,up,up,0.7758612204010172,4.1723412470418,4.1723412470418,True,True,34
cooldown_first_signal,lightgbm_dynamic_compact,lightgbm,dynamic_compact,0.75,candidate_a,30,20260701_194351,1893,1782917227960,50,up,up,0.8178559169138435,6.962213176577858,6.962213176577858,True,True,35
cooldown_first_signal,lightgbm_dynamic_compact,lightgbm,dynamic_compact,0.75,candidate_a,30,20260701_194351,1944,1782917233162,50,up,up,0.8448524861307583,2.0838322347005445,2.0838322347005445,True,True,36
cooldown_first_signal,lightgbm_dynamic_compact,lightgbm,dynamic_compact,0.75,candidate_a,30,20260701_194351,1996,1782917238468,50,up,up,0.7559927785467709,1.764167737068334,1.764167737068334,True,True,37
cooldown_first_signal,lightgbm_dynamic_compact,lightgbm,dynamic_compact,0.75,candidate_a,30,20260701_194351,2057,1782917244692,50,down,up,0.7709838505993304,-1.394530249125836,-1.394530249125836,False,False,38
cooldown_first_signal,lightgbm_dynamic_compact,lightgbm,dynamic_compact,0.75,candidate_a,30,20260701_194351,2108,1782917249894,50,down,up,0.7534374851095055,-1.663587349677309,-1.663587349677309,False,False,39
cooldown_first_signal,lightgbm_dynamic_compact,lightgbm,dynamic_compact,0.75,candidate_a,30,20260701_194351,2162,1782917255402,50,up,up,0.7690778071904204,2.7226867876573024,2.7226867876573024,True,True,40
cooldown_first_signal,lightgbm_dynamic_compact,lightgbm,dynamic_compact,0.75,candidate_a,30,20260701_194351,2219,1782917261218,50,up,up,0.7663947163522926,2.0834646000045254,2.0834646000045254,True,True,41
cooldown_first_signal,lightgbm_dynamic_compact,lightgbm,dynamic_compact,0.75,candidate_a,30,20260701_194351,2270,1782917266420,50,down,up,0.7826233665378608,-0.9407235003644487,-0.9407235003644487,False,False,42
cooldown_first_signal,lightgbm_dynamic_compact,lightgbm,dynamic_compact,0.75,candidate_a,30,20260701_194351,2323,1782917271826,50,down,up,0.7748033284309578,-3.0240385867319475,-3.0240385867319475,False,False,43
cooldown_first_signal,lightgbm_dynamic_compact,lightgbm,dynamic_compact,0.75,candidate_a,30,20260701_194351,2377,1782917277342,50,up,up,0.7536478642526808,2.0838567482917014,2.0838567482917014,True,True,44
cooldown_first_signal,lightgbm_dynamic_compact,lightgbm,dynamic_compact,0.75,candidate_a,30,20260701_194351,2428,1782917282544,50,up,up,0.7679275128168263,4.603691858438008,4.603691858438008,True,True,45
cooldown_first_signal,lightgbm_dynamic_compact,lightgbm,dynamic_compact,0.75,candidate_a,30,20260701_194351,2480,1782917287848,50,down,up,0.7632069664515023,-1.7129944907068317,-1.7129944907068317,False,False,46
cooldown_first_signal,lightgbm_dynamic_compact,lightgbm,dynamic_compact,0.75,candidate_a,30,20260701_194351,2531,1782917293050,50,down,up,0.772053761731424,-0.7054715195276007,-0.7054715195276007,False,False,47
cooldown_first_signal,lightgbm_dynamic_compact,lightgbm,dynamic_compact,0.75,candidate_a,30,20260701_194351,2591,1782917299170,50,up,up,0.7559927785467709,3.997953988252867,3.997953988252867,True,True,48
cooldown_first_signal,lightgbm_dynamic_compact,lightgbm,dynamic_compact,0.75,candidate_a,30,20260701_194351,2642,1782917304372,50,up,up,0.8305651776338127,5.1885465772816275,5.1885465772816275,True,True,49
cooldown_first_signal,lightgbm_dynamic_compact,lightgbm,dynamic_compact,0.75,candidate_a,30,20260701_194351,2697,1782917309982,50,up,up,0.758698990473024,0.8392056750450294,0.8392056750450294,True,True,50
cooldown_first_signal,lightgbm_dynamic_compact,lightgbm,dynamic_compact,0.75,candidate_a,30,20260701_194351,2748,1782917315184,50,up,up,0.7617589533963155,4.598461193769943,4.598461193769943,True,True,51
cooldown_first_signal,lightgbm_dynamic_compact,lightgbm,dynamic_compact,0.75,candidate_a,30,20260701_194351,2802,1782917320692,50,up,up,0.758698990473024,1.1407836008991978,1.1407836008991978,True,True,52
cooldown_first_signal,lightgbm_dynamic_compact,lightgbm,dynamic_compact,0.75,candidate_a,30,20260701_194351,2853,1782917325894,50,up,up,0.8243276463638738,0.5367781068343902,0.5367781068343902,True,True,53
cooldown_first_signal,lightgbm_dynamic_compact,lightgbm,dynamic_compact,0.75,candidate_a,30,20260701_194906,11,1782917350070,50,up,up,0.8310165383971865,1.6261266585027023,1.6261266585027023,True,True,1
cooldown_first_signal,lightgbm_dynamic_compact,lightgbm,dynamic_compact,0.75,candidate_a,30,20260701_194906,62,1782917355272,50,up,up,0.7545943653753449,1.0224494704624831,1.0224494704624831,True,True,2
cooldown_first_signal,lightgbm_dynamic_compact,lightgbm,dynamic_compact,0.75,candidate_a,30,20260701_194906,113,1782917360474,50,down,up,0.7517188643097807,-2.0615671094559307,-2.0615671094559307,False,False,3
cooldown_first_signal,lightgbm_dynamic_compact,lightgbm,dynamic_compact,0.75,candidate_a,30,20260701_194906,164,1782917365678,50,down,up,0.755651048601841,-3.889286106447676,-3.889286106447676,False,False,4
cooldown_first_signal,lightgbm_dynamic_compact,lightgbm,dynamic_compact,0.75,candidate_a,30,20260701_194906,237,1782917373126,50,down,up,0.7655299702975993,-1.7612854364335018,-1.7612854364335018,False,False,5
cooldown_first_signal,lightgbm_dynamic_compact,lightgbm,dynamic_compact,0.75,candidate_a,30,20260701_194906,305,1782917380062,50,down,up,0.7867459284192974,-2.399250360096694,-2.399250360096694,False,False,6
cooldown_first_signal,lightgbm_dynamic_compact,lightgbm,dynamic_compact,0.75,candidate_a,30,20260701_194906,356,1782917385266,50,up,up,0.7590913270596149,1.30899607552859,1.30899607552859,True,True,7
cooldown_first_signal,lightgbm_dynamic_compact,lightgbm,dynamic_compact,0.75,candidate_a,30,20260701_194906,409,1782917390672,50,down,up,0.7660109342226626,-0.6040729619460894,-0.6040729619460894,False,False,8
cooldown_first_signal,lightgbm_dynamic_compact,lightgbm,dynamic_compact,0.75,candidate_a,30,20260701_194906,460,1782917395874,50,up,up,0.7669643631890523,3.9602730910348605,3.9602730910348605,True,True,9
cooldown_first_signal,lightgbm_dynamic_compact,lightgbm,dynamic_compact,0.75,candidate_a,30,20260701_194906,511,1782917401076,50,up,up,0.8016627303578965,3.5393509568426573,3.5393509568426573,True,True,10
cooldown_first_signal,lightgbm_dynamic_compact,lightgbm,dynamic_compact,0.75,candidate_a,30,20260701_194906,562,1782917406278,50,down,up,0.8170544092226465,-6.404780447646363,-6.404780447646363,False,False,11
cooldown_first_signal,lightgbm_dynamic_compact,lightgbm,dynamic_compact,0.75,candidate_a,30,20260701_194906,615,1782917411684,50,up,up,0.7744693254659264,2.097077931610958,2.097077931610958,True,True,12
cooldown_first_signal,lightgbm_dynamic_compact,lightgbm,dynamic_compact,0.75,candidate_a,30,20260701_194906,666,1782917416886,50,down,up,0.7897462324640475,-1.2914901699989656,-1.2914901699989656,False,False,13
cooldown_first_signal,lightgbm_dynamic_compact,lightgbm,dynamic_compact,0.75,candidate_a,30,20260701_194906,717,1782917422090,50,down,up,0.7847896512176181,-1.4258551146684173,-1.4258551146684173,False,False,14
cooldown_first_signal,lightgbm_dynamic_compact,lightgbm,dynamic_compact,0.75,candidate_a,30,20260701_194906,768,1782917427292,50,down,up,0.7545943653753449,-1.3925041334716948,-1.3925041334716948,False,False,15
cooldown_first_signal,lightgbm_dynamic_compact,lightgbm,dynamic_compact,0.75,candidate_a,30,20260701_194906,819,1782917432494,50,down,up,0.7537275085796712,-0.7718567601655568,-0.7718567601655568,False,False,16
cooldown_first_signal,lightgbm_dynamic_compact,lightgbm,dynamic_compact,0.75,candidate_a,30,20260701_194906,870,1782917437698,50,up,up,0.7709838505993304,0.016780790024206738,0.016780790024206738,True,True,17
cooldown_first_signal,lightgbm_dynamic_compact,lightgbm,dynamic_compact,0.75,candidate_a,30,20260701_194906,932,1782917444022,50,up,up,0.8141075742761171,1.2420306529814518,1.2420306529814518,True,True,18
cooldown_first_signal,lightgbm_dynamic_compact,lightgbm,dynamic_compact,0.75,candidate_a,30,20260701_194906,1007,1782917451674,50,up,up,0.7510519120494007,0.9901447037741207,0.9901447037741207,True,True,19
cooldown_first_signal,lightgbm_dynamic_compact,lightgbm,dynamic_compact,0.75,candidate_a,30,20260701_194906,1061,1782917457182,50,up,up,0.7516625093497276,5.420076938245089,5.420076938245089,True,True,20
cooldown_first_signal,lightgbm_dynamic_compact,lightgbm,dynamic_compact,0.75,candidate_a,30,20260701_194906,1112,1782917462384,50,down,up,0.8144654169537954,-1.1069080285219801,-1.1069080285219801,False,False,21
cooldown_first_signal,lightgbm_dynamic_compact,lightgbm,dynamic_compact,0.75,candidate_a,30,20260701_194906,1163,1782917467586,50,up,up,0.8405953657169423,1.291390534106096,1.291390534106096,True,True,22
cooldown_first_signal,lightgbm_dynamic_compact,lightgbm,dynamic_compact,0.75,candidate_a,30,20260701_194906,1214,1782917472790,50,up,up,0.7523085549702325,1.5930683082543418,1.5930683082543418,True,True,23
cooldown_first_signal,lightgbm_dynamic_compact,lightgbm,dynamic_compact,0.75,candidate_a,30,20260701_194906,1265,1782917477992,50,up,up,0.7604971856137223,0.4862276031403212,0.4862276031403212,True,True,24
cooldown_first_signal,lightgbm_dynamic_compact,lightgbm,dynamic_compact,0.75,candidate_a,30,20260701_194906,1316,1782917483194,50,up,up,0.7926457423686379,0.36884438539219744,0.36884438539219744,True,True,25
cooldown_first_signal,lightgbm_dynamic_compact,lightgbm,dynamic_compact,0.75,candidate_a,30,20260701_194906,1377,1782917489416,50,up,up,0.7624865457870655,2.6824056820062836,2.6824056820062836,True,True,26
cooldown_first_signal,lightgbm_dynamic_compact,lightgbm,dynamic_compact,0.75,candidate_a,30,20260701_194906,1432,1782917495026,50,down,up,0.7521982722725996,-0.40225295174001197,-0.40225295174001197,False,False,27
cooldown_first_signal,lightgbm_dynamic_compact,lightgbm,dynamic_compact,0.75,candidate_a,30,20260701_194906,1483,1782917500230,50,up,up,0.8158346711763925,0.13408454198060582,0.13408454198060582,True,True,28
cooldown_first_signal,lightgbm_dynamic_compact,lightgbm,dynamic_compact,0.75,candidate_a,30,20260701_194906,1543,1782917506354,50,up,up,0.7920801131192666,4.156537202264499,4.156537202264499,True,True,29
cooldown_first_signal,lightgbm_dynamic_compact,lightgbm,dynamic_compact,0.75,candidate_a,30,20260701_194906,1603,1782917512474,50,down,up,0.784950659454261,-3.0657657001120775,-3.0657657001120775,False,False,30
cooldown_first_signal,lightgbm_dynamic_compact,lightgbm,dynamic_compact,0.75,candidate_a,30,20260701_194906,1691,1782917521456,50,down,up,0.7916630228764097,-3.687256923872173,-3.687256923872173,False,False,31
cooldown_first_signal,lightgbm_dynamic_compact,lightgbm,dynamic_compact,0.75,candidate_a,30,20260701_194906,1742,1782917526658,50,up,up,0.7791030234342642,0.11736508673809709,0.11736508673809709,True,True,32
cooldown_first_signal,lightgbm_dynamic_compact,lightgbm,dynamic_compact,0.75,candidate_a,30,20260701_194906,1793,1782917531860,50,down,up,0.799098313079681,-2.2802092091944726,-2.2802092091944726,False,False,33
cooldown_first_signal,lightgbm_dynamic_compact,lightgbm,dynamic_compact,0.75,candidate_a,30,20260701_194906,1851,1782917537776,50,up,up,0.8179409830566596,6.355301604337171,6.355301604337171,True,True,34
cooldown_first_signal,lightgbm_dynamic_compact,lightgbm,dynamic_compact,0.75,candidate_a,30,20260701_194906,1902,1782917542978,50,up,up,0.8062240383185684,1.9774387643356484,1.9774387643356484,True,True,35
cooldown_first_signal,lightgbm_dynamic_compact,lightgbm,dynamic_compact,0.75,candidate_a,30,20260701_194906,1953,1782917548180,50,up,up,0.7704952869453597,0.31833820753890407,0.31833820753890407,True,True,36
cooldown_first_signal,lightgbm_dynamic_compact,lightgbm,dynamic_compact,0.75,candidate_a,30,20260701_194906,2007,1782917553688,50,down,up,0.7643711530681955,-1.5916403696958348,-1.5916403696958348,False,False,37
cooldown_first_signal,lightgbm_dynamic_compact,lightgbm,dynamic_compact,0.75,candidate_a,30,20260701_194906,2058,1782917558890,50,up,up,0.7582314668468734,1.089190455005884,1.089190455005884,True,True,38
cooldown_first_signal,lightgbm_dynamic_compact,lightgbm,dynamic_compact,0.75,candidate_a,30,20260701_194906,2110,1782917564194,50,down,up,0.7897230621944421,-1.0890718343403716,-1.0890718343403716,False,False,39
cooldown_first_signal,lightgbm_dynamic_compact,lightgbm,dynamic_compact,0.75,candidate_a,30,20260701_194906,2161,1782917569398,50,up,up,0.7670122208695322,0.45243295823338414,0.45243295823338414,True,True,40
cooldown_first_signal,lightgbm_dynamic_compact,lightgbm,dynamic_compact,0.75,candidate_a,30,20260701_194906,2212,1782917574600,50,up,up,0.768632407076679,1.608577740803696,1.608577740803696,True,True,41
cooldown_first_signal,lightgbm_dynamic_compact,lightgbm,dynamic_compact,0.75,candidate_a,30,20260701_194906,2263,1782917579802,50,up,up,0.8042317001736984,4.607163888545873,4.607163888545873,True,True,42
cooldown_first_signal,lightgbm_dynamic_compact,lightgbm,dynamic_compact,0.75,candidate_a,30,20260701_194906,2314,1782917585004,50,down,up,0.7936023661091642,-2.6620479855066215,-2.6620479855066215,False,False,43
cooldown_first_signal,lightgbm_dynamic_compact,lightgbm,dynamic_compact,0.75,candidate_a,30,20260701_194906,2365,1782917590206,50,down,up,0.757745674157201,-0.6028883375452931,-0.6028883375452931,False,False,44
cooldown_first_signal,lightgbm_dynamic_compact,lightgbm,dynamic_compact,0.75,candidate_a,30,20260701_194906,2416,1782917595408,50,up,up,0.7681200103033046,0.703412135032444,0.703412135032444,True,True,45
cooldown_first_signal,lightgbm_dynamic_compact,lightgbm,dynamic_compact,0.75,candidate_a,30,20260701_194906,2467,1782917600610,50,down,up,0.7622115700362881,-0.887576689556635,-0.887576689556635,False,False,46
cooldown_first_signal,lightgbm_dynamic_compact,lightgbm,dynamic_compact,0.75,candidate_a,30,20260701_194906,2527,1782917606730,50,down,up,0.7687135372531114,-2.9811825413228465,-2.9811825413228465,False,False,47
cooldown_first_signal,lightgbm_dynamic_compact,lightgbm,dynamic_compact,0.75,candidate_a,30,20260701_194906,2578,1782917611932,50,up,up,0.7730905816407432,2.529734855305499,2.529734855305499,True,True,48
cooldown_first_signal,lightgbm_dynamic_compact,lightgbm,dynamic_compact,0.75,candidate_a,30,20260701_194906,2629,1782917617134,50,up,up,0.8100284765601187,4.656214748643972,4.656214748643972,True,True,49
cooldown_first_signal,lightgbm_dynamic_compact,lightgbm,dynamic_compact,0.75,candidate_a,30,20260701_194906,2681,1782917622438,50,up,up,0.7502601261293642,0.7366118699980717,0.7366118699980717,True,True,50
cooldown_first_signal,lightgbm_dynamic_compact,lightgbm,dynamic_compact,0.75,candidate_a,30,20260701_194906,2732,1782917627640,50,down,up,0.7824133745551427,-1.1885361503316538,-1.1885361503316538,False,False,51
cooldown_first_signal,lightgbm_dynamic_compact,lightgbm,dynamic_compact,0.75,candidate_a,30,20260701_194906,2783,1782917632842,50,down,up,0.7665625195920595,-2.762567379437364,-2.762567379437364,False,False,52
cooldown_first_signal,lightgbm_dynamic_compact,lightgbm,dynamic_compact,0.75,candidate_a,30,20260701_194906,2848,1782917639472,50,up,up,0.7926457423686379,2.059937481733165,2.059937481733165,True,True,53
cooldown_first_signal,lightgbm_dynamic_compact,lightgbm,dynamic_compact,0.75,candidate_a,30,20260701_195416,11,1782917660796,50,up,up,0.7573414757047566,0.5864950302925109,0.5864950302925109,True,True,1
cooldown_first_signal,lightgbm_dynamic_compact,lightgbm,dynamic_compact,0.75,candidate_a,30,20260701_195416,62,1782917665998,50,up,up,0.7862460183225323,2.178508676748958,2.178508676748958,True,True,2
cooldown_first_signal,lightgbm_dynamic_compact,lightgbm,dynamic_compact,0.75,candidate_a,30,20260701_195416,113,1782917671200,50,down,up,0.8111169622897458,-1.5581321513857826,-1.5581321513857826,False,False,3
cooldown_first_signal,lightgbm_dynamic_compact,lightgbm,dynamic_compact,0.75,candidate_a,30,20260701_195416,187,1782917678748,50,up,up,0.758684594600375,1.6593907689266274,1.6593907689266274,True,True,4
cooldown_first_signal,lightgbm_dynamic_compact,lightgbm,dynamic_compact,0.75,candidate_a,30,20260701_195416,249,1782917685074,50,down,up,0.7604971856137223,-3.7208896948959236,-3.7208896948959236,False,False,5
cooldown_first_signal,lightgbm_dynamic_compact,lightgbm,dynamic_compact,0.75,candidate_a,30,20260701_195416,300,1782917690276,50,down,up,0.7515582070159047,-0.7209811379593756,-0.7209811379593756,False,False,6
cooldown_first_signal,lightgbm_dynamic_compact,lightgbm,dynamic_compact,0.75,candidate_a,30,20260701_195416,351,1782917695478,50,up,up,0.7617589533963155,2.0121854597809907,2.0121854597809907,True,True,7
cooldown_first_signal,lightgbm_dynamic_compact,lightgbm,dynamic_compact,0.75,candidate_a,30,20260701_195416,415,1782917702006,50,down,up,0.758684594600375,-0.08385455929849073,-0.08385455929849073,False,False,8
cooldown_first_signal,lightgbm_dynamic_compact,lightgbm,dynamic_compact,0.75,candidate_a,30,20260701_195416,483,1782917708942,50,down,up,0.7624865457870655,-3.287126288541442,-3.287126288541442,False,False,9
cooldown_first_signal,lightgbm_dynamic_compact,lightgbm,dynamic_compact,0.75,candidate_a,30,20260701_195416,540,1782917714756,50,down,up,0.7634533493412408,-0.4529490759419552,-0.4529490759419552,False,False,10
cooldown_first_signal,lightgbm_dynamic_compact,lightgbm,dynamic_compact,0.75,candidate_a,30,20260701_195416,596,1782917720468,50,up,up,0.7748033284309578,0.7046465568372184,0.7046465568372184,True,True,11
cooldown_first_signal,lightgbm_dynamic_compact,lightgbm,dynamic_compact,0.75,candidate_a,30,20260701_195416,650,1782917725976,50,down,up,0.7577624845805698,-8.354506190807465,-8.354506190807465,False,False,12
cooldown_first_signal,lightgbm_dynamic_compact,lightgbm,dynamic_compact,0.75,candidate_a,30,20260701_195416,701,1782917731180,50,down,up,0.7748033284309578,-0.33580288370749223,-0.33580288370749223,False,False,13
cooldown_first_signal,lightgbm_dynamic_compact,lightgbm,dynamic_compact,0.75,candidate_a,30,20260701_195416,752,1782917736382,50,up,up,0.8165876345380271,0.11753495615440812,0.11753495615440812,True,True,14
cooldown_first_signal,lightgbm_dynamic_compact,lightgbm,dynamic_compact,0.75,candidate_a,30,20260701_195416,805,1782917741788,50,down,up,0.7604971856137223,-3.408473667021461,-3.408473667021461,False,False,15
cooldown_first_signal,lightgbm_dynamic_compact,lightgbm,dynamic_compact,0.75,candidate_a,30,20260701_195416,857,1782917747092,50,down,up,0.7694685292866078,-0.8902004882671566,-0.8902004882671566,False,False,16
cooldown_first_signal,lightgbm_dynamic_compact,lightgbm,dynamic_compact,0.75,candidate_a,30,20260701_195416,908,1782917752294,50,down,up,0.7755299991744837,-4.317016857362521,-4.317016857362521,False,False,17
cooldown_first_signal,lightgbm_dynamic_compact,lightgbm,dynamic_compact,0.75,candidate_a,30,20260701_195416,966,1782917758212,50,up,up,0.7748033284309578,0.9746891707829164,0.9746891707829164,True,True,18
cooldown_first_signal,lightgbm_dynamic_compact,lightgbm,dynamic_compact,0.75,candidate_a,30,20260701_195416,1019,1782917763620,50,up,up,0.7621156705516031,1.781154877298352,1.781154877298352,True,True,19
cooldown_first_signal,lightgbm_dynamic_compact,lightgbm,dynamic_compact,0.75,candidate_a,30,20260701_195416,1070,1782917768822,50,down,up,0.7851141125263338,-1.108823462705466,-1.108823462705466,False,False,20
cooldown_first_signal,lightgbm_dynamic_compact,lightgbm,dynamic_compact,0.75,candidate_a,30,20260701_195416,1121,1782917774024,50,up,up,0.8399769165608273,1.1929575181124363,1.1929575181124363,True,True,21
cooldown_first_signal,lightgbm_dynamic_compact,lightgbm,dynamic_compact,0.75,candidate_a,30,20260701_195416,1175,1782917779534,50,up,up,0.7621038398189399,2.990312563260211,2.990312563260211,True,True,22
cooldown_first_signal,lightgbm_dynamic_compact,lightgbm,dynamic_compact,0.75,candidate_a,30,20260701_195416,1241,1782917786266,50,up,up,0.8301721531238134,4.634593377401686,4.634593377401686,True,True,23
cooldown_first_signal,lightgbm_dynamic_compact,lightgbm,dynamic_compact,0.75,candidate_a,30,20260701_195416,1292,1782917791470,50,down,up,0.8281495536915983,-0.016784226184451967,-0.016784226184451967,False,False,24
cooldown_first_signal,lightgbm_dynamic_compact,lightgbm,dynamic_compact,0.75,candidate_a,30,20260701_195416,1347,1782917797080,50,up,up,0.7624865457870655,0.6042331567912562,0.6042331567912562,True,True,25
cooldown_first_signal,lightgbm_dynamic_compact,lightgbm,dynamic_compact,0.75,candidate_a,30,20260701_195416,1398,1782917802282,50,down,up,0.7512911094499916,-0.5538469284582792,-0.5538469284582792,False,False,26
cooldown_first_signal,lightgbm_dynamic_compact,lightgbm,dynamic_compact,0.75,candidate_a,30,20260701_195416,1461,1782917808708,50,down,up,0.7628806431344116,-0.01678416984174369,-0.01678416984174369,False,False,27
cooldown_first_signal,lightgbm_dynamic_compact,lightgbm,dynamic_compact,0.75,candidate_a,30,20260701_195416,1524,1782917815134,50,up,up,0.7926457423686379,1.7455565933777173,1.7455565933777173,True,True,28
cooldown_first_signal,lightgbm_dynamic_compact,lightgbm,dynamic_compact,0.75,candidate_a,30,20260701_195416,1582,1782917821052,50,down,up,0.7567347905251297,-1.7955957560167324,-1.7955957560167324,False,False,29
cooldown_first_signal,lightgbm_dynamic_compact,lightgbm,dynamic_compact,0.75,candidate_a,30,20260701_195416,1664,1782917829416,50,down,up,0.764432531892375,-0.0167941200424071,-0.0167941200424071,False,False,30
cooldown_first_signal,lightgbm_dynamic_compact,lightgbm,dynamic_compact,0.75,candidate_a,30,20260701_195416,1723,1782917835436,50,down,up,0.8251999995892904,-0.6381154770707109,-0.6381154770707109,False,False,31
cooldown_first_signal,lightgbm_dynamic_compact,lightgbm,dynamic_compact,0.75,candidate_a,30,20260701_195416,1775,1782917840740,50,down,up,0.7897318976811613,-0.01679358417994159,-0.01679358417994159,False,False,32
cooldown_first_signal,lightgbm_dynamic_compact,lightgbm,dynamic_compact,0.75,candidate_a,30,20260701_195416,1851,1782917848494,50,up,up,0.7748033284309578,0.571013506989182,0.571013506989182,True,True,33
cooldown_first_signal,lightgbm_dynamic_compact,lightgbm,dynamic_compact,0.75,candidate_a,30,20260701_195416,1902,1782917853696,50,down,up,0.7534374851095055,-1.074787582509007,-1.074787582509007,False,False,34
cooldown_first_signal,lightgbm_dynamic_compact,lightgbm,dynamic_compact,0.75,candidate_a,30,20260701_195416,1953,1782917858900,50,down,up,0.808774179077084,-3.0231650018264222,-3.0231650018264222,False,False,35
cooldown_first_signal,lightgbm_dynamic_compact,lightgbm,dynamic_compact,0.75,candidate_a,30,20260701_195416,2020,1782917865734,50,up,up,0.7740978950855825,0.5880154060045051,0.5880154060045051,True,True,36
cooldown_first_signal,lightgbm_dynamic_compact,lightgbm,dynamic_compact,0.75,candidate_a,30,20260701_195416,2071,1782917870936,50,up,up,0.8143139521103038,1.1423032697588376,1.1423032697588376,True,True,37
cooldown_first_signal,lightgbm_dynamic_compact,lightgbm,dynamic_compact,0.75,candidate_a,30,20260701_195416,2122,1782917876140,50,down,up,0.7679241485036936,-2.5698887977210205,-2.5698887977210205,False,False,38
cooldown_first_signal,lightgbm_dynamic_compact,lightgbm,dynamic_compact,0.75,candidate_a,30,20260701_195416,2173,1782917881342,50,down,up,0.7740978950855825,-0.9072527295284072,-0.9072527295284072,False,False,39
cooldown_first_signal,lightgbm_dynamic_compact,lightgbm,dynamic_compact,0.75,candidate_a,30,20260701_195416,2232,1782917887360,50,up,up,0.7624865457870655,0.7057050371384044,0.7057050371384044,True,True,40
cooldown_first_signal,lightgbm_dynamic_compact,lightgbm,dynamic_compact,0.75,candidate_a,30,20260701_195416,2283,1782917892562,50,down,up,0.8393261567170899,-0.4368341953808752,-0.4368341953808752,False,False,41
cooldown_first_signal,lightgbm_dynamic_compact,lightgbm,dynamic_compact,0.75,candidate_a,30,20260701_195416,2341,1782917898478,50,down,up,0.7604971856137223,-0.5881043297084609,-0.5881043297084609,False,False,42
cooldown_first_signal,lightgbm_dynamic_compact,lightgbm,dynamic_compact,0.75,candidate_a,30,20260701_195416,2401,1782917904598,50,down,up,0.8492670556614046,-0.7057168949464732,-0.7057168949464732,False,False,43
cooldown_first_signal,lightgbm_dynamic_compact,lightgbm,dynamic_compact,0.75,candidate_a,30,20260701_195416,2502,1782917914900,50,down,up,0.7604971856137223,-0.28566747465652575,-0.28566747465652575,False,False,44
cooldown_first_signal,lightgbm_dynamic_compact,lightgbm,dynamic_compact,0.75,candidate_a,30,20260701_195416,2564,1782917921224,50,down,up,0.7624865457870655,-0.0672279641444895,-0.0672279641444895,False,False,45
cooldown_first_signal,lightgbm_dynamic_compact,lightgbm,dynamic_compact,0.75,candidate_a,30,20260701_195416,2632,1782917928160,50,down,up,0.7540698292171634,-0.4033704966421858,-0.4033704966421858,False,False,46
cooldown_first_signal,lightgbm_dynamic_compact,lightgbm,dynamic_compact,0.75,candidate_a,30,20260701_195416,2723,1782917937444,50,up,up,0.7709838505993304,0.10084770903473483,0.10084770903473483,True,True,47
cooldown_first_signal,lightgbm_dynamic_compact,lightgbm,dynamic_compact,0.75,candidate_a,30,20260701_195416,2776,1782917942850,50,down,up,0.7757954212343389,-0.28572653113623225,-0.28572653113623225,False,False,48
cooldown_first_signal,lightgbm_dynamic_compact,lightgbm,dynamic_compact,0.75,candidate_a,30,20260701_195416,2831,1782917948462,50,up,up,0.7604971856137223,0.4370060046299251,0.4370060046299251,True,True,49
cooldown_first_signal,lightgbm_dynamic_compact,lightgbm,dynamic_compact,0.75,candidate_a,30,20260701_195929,13,1782917973350,50,up,up,0.7559927785467709,0.6723146701581584,0.6723146701581584,True,True,1
cooldown_first_signal,lightgbm_dynamic_compact,lightgbm,dynamic_compact,0.75,candidate_a,30,20260701_195929,64,1782917978552,50,up,up,0.7582314668468734,0.6218492620591043,0.6218492620591043,True,True,2
cooldown_first_signal,lightgbm_dynamic_compact,lightgbm,dynamic_compact,0.75,candidate_a,30,20260701_195929,122,1782917984468,50,up,up,0.7559927785467709,2.386408228738368,2.386408228738368,True,True,3
cooldown_first_signal,lightgbm_dynamic_compact,lightgbm,dynamic_compact,0.75,candidate_a,30,20260701_195929,226,1782917995078,50,up,up,0.7508932993532815,0.03360336436886158,0.03360336436886158,True,True,4
cooldown_first_signal,lightgbm_dynamic_compact,lightgbm,dynamic_compact,0.75,candidate_a,30,20260701_195929,285,1782918001096,50,up,up,0.7826875199275949,3.1588383204050885,3.1588383204050885,True,True,5
cooldown_first_signal,lightgbm_dynamic_compact,lightgbm,dynamic_compact,0.75,candidate_a,30,20260701_195929,336,1782918006298,50,down,up,0.7827053466720711,-1.3269650210345763,-1.3269650210345763,False,False,6
cooldown_first_signal,lightgbm_dynamic_compact,lightgbm,dynamic_compact,0.75,candidate_a,30,20260701_195929,390,1782918011806,50,down,up,0.7890464900368016,-1.6967247332910773,-1.6967247332910773,False,False,7
cooldown_first_signal,lightgbm_dynamic_compact,lightgbm,dynamic_compact,0.75,candidate_a,30,20260701_195929,442,1782918017110,50,up,up,0.7549708653355325,1.3946778756213085,1.3946778756213085,True,True,8
cooldown_first_signal,lightgbm_dynamic_compact,lightgbm,dynamic_compact,0.75,candidate_a,30,20260701_195929,504,1782918023434,50,up,up,0.7635846427973784,0.5712792707113223,0.5712792707113223,True,True,9
cooldown_first_signal,lightgbm_dynamic_compact,lightgbm,dynamic_compact,0.75,candidate_a,30,20260701_195929,558,1782918028944,50,up,up,0.7671457574895904,0.7224589815524318,0.7224589815524318,True,True,10
cooldown_first_signal,lightgbm_dynamic_compact,lightgbm,dynamic_compact,0.75,candidate_a,30,20260701_195929,624,1782918035676,50,down,up,0.7503220689637204,-1.1088104228174078,-1.1088104228174078,False,False,11
cooldown_first_signal,lightgbm_dynamic_compact,lightgbm,dynamic_compact,0.75,candidate_a,30,20260701_195929,675,1782918040878,50,up,up,0.7537275085796712,0.6048727540952648,0.6048727540952648,True,True,12
cooldown_first_signal,lightgbm_dynamic_compact,lightgbm,dynamic_compact,0.75,candidate_a,30,20260701_195929,726,1782918046080,50,down,up,0.7677002911163182,-0.1848110517010948,-0.1848110517010948,False,False,13
cooldown_first_signal,lightgbm_dynamic_compact,lightgbm,dynamic_compact,0.75,candidate_a,30,20260701_195929,795,1782918053118,50,up,up,0.7613878775502234,0.15121183686295225,0.15121183686295225,True,True,14
cooldown_first_signal,lightgbm_dynamic_compact,lightgbm,dynamic_compact,0.75,candidate_a,30,20260701_195929,846,1782918058320,50,down,up,0.7502601261293642,-1.9993262774475884,-1.9993262774475884,False,False,15
cooldown_first_signal,lightgbm_dynamic_compact,lightgbm,dynamic_compact,0.75,candidate_a,30,20260701_195929,899,1782918063726,50,down,up,0.7553514002717341,-0.2688820305296602,-0.2688820305296602,False,False,16
cooldown_first_signal,lightgbm_dynamic_compact,lightgbm,dynamic_compact,0.75,candidate_a,30,20260701_195929,950,1782918068928,50,down,up,0.7758605833404,-0.3697227331589392,-0.3697227331589392,False,False,17
cooldown_first_signal,lightgbm_dynamic_compact,lightgbm,dynamic_compact,0.75,candidate_a,30,20260701_195929,1003,1782918074334,50,up,up,0.7812602942235376,1.2269536505660206,1.2269536505660206,True,True,18
cooldown_first_signal,lightgbm_dynamic_compact,lightgbm,dynamic_compact,0.75,candidate_a,30,20260701_195929,1054,1782918079536,50,up,up,0.7755135118332548,0.7898595478472714,0.7898595478472714,True,True,19
cooldown_first_signal,lightgbm_dynamic_compact,lightgbm,dynamic_compact,0.75,candidate_a,30,20260701_195929,1105,1782918084738,50,down,up,0.7500449869975591,-0.43690906997961854,-0.43690906997961854,False,False,20
cooldown_first_signal,lightgbm_dynamic_compact,lightgbm,dynamic_compact,0.75,candidate_a,30,20260701_195929,1172,1782918091572,50,down,up,0.7782429372414142,-0.43690906997961854,-0.43690906997961854,False,False,21
cooldown_first_signal,lightgbm_dynamic_compact,lightgbm,dynamic_compact,0.75,candidate_a,30,20260701_195929,1223,1782918096774,50,up,up,0.7638671705476967,14.267384909341096,14.267384909341096,True,True,22
cooldown_first_signal,lightgbm_dynamic_compact,lightgbm,dynamic_compact,0.75,candidate_a,30,20260701_195929,1274,1782918101978,50,down,up,0.7563969844622779,-1.0236402156349467,-1.0236402156349467,False,False,23
cooldown_first_signal,lightgbm_dynamic_compact,lightgbm,dynamic_compact,0.75,candidate_a,30,20260701_195929,1330,1782918107690,50,up,up,0.801161701524369,0.8557786453011751,0.8557786453011751,True,True,24
cooldown_first_signal,lightgbm_dynamic_compact,lightgbm,dynamic_compact,0.75,candidate_a,30,20260701_195929,1381,1782918112892,50,down,up,0.8068157514869478,-2.013424507906203,-2.013424507906203,False,False,25
cooldown_first_signal,lightgbm_dynamic_compact,lightgbm,dynamic_compact,0.75,candidate_a,30,20260701_195929,1447,1782918119628,50,down,up,0.7748033284309578,-2.8193619683170024,-2.8193619683170024,False,False,26
cooldown_first_signal,lightgbm_dynamic_compact,lightgbm,dynamic_compact,0.75,candidate_a,30,20260701_195929,1498,1782918124832,50,up,up,0.7926457423686379,1.1582651873331962,1.1582651873331962,True,True,27
cooldown_first_signal,lightgbm_dynamic_compact,lightgbm,dynamic_compact,0.75,candidate_a,30,20260701_195929,1549,1782918130034,50,down,up,0.8256903052861645,-2.7190902796714322,-2.7190902796714322,False,False,28
cooldown_first_signal,lightgbm_dynamic_compact,lightgbm,dynamic_compact,0.75,candidate_a,30,20260701_195929,1600,1782918135236,50,down,up,0.8523538745110407,-1.1248678909825394,-1.1248678909825394,False,False,29
cooldown_first_signal,lightgbm_dynamic_compact,lightgbm,dynamic_compact,0.75,candidate_a,30,20260701_195929,1678,1782918143192,50,down,up,0.7585232738534526,-1.1921582850382695,-1.1921582850382695,False,False,30
cooldown_first_signal,lightgbm_dynamic_compact,lightgbm,dynamic_compact,0.75,candidate_a,30,20260701_195929,1730,1782918148498,50,up,up,0.7791499929460428,3.3921786771329288,3.3921786771329288,True,True,31
cooldown_first_signal,lightgbm_dynamic_compact,lightgbm,dynamic_compact,0.75,candidate_a,30,20260701_195929,1793,1782918154924,50,up,up,0.7604971856137223,1.6283651130333254,1.6283651130333254,True,True,32
cooldown_first_signal,lightgbm_dynamic_compact,lightgbm,dynamic_compact,0.75,candidate_a,30,20260701_195929,1851,1782918160840,50,up,up,0.810641051692669,6.326867453805285,6.326867453805285,True,True,33
cooldown_first_signal,lightgbm_dynamic_compact,lightgbm,dynamic_compact,0.75,candidate_a,30,20260701_195929,1902,1782918166042,50,up,up,0.7553610759678613,3.680681202702374,3.680681202702374,True,True,34
cooldown_first_signal,lightgbm_dynamic_compact,lightgbm,dynamic_compact,0.75,candidate_a,30,20260701_195929,1953,1782918171244,50,up,up,0.7791030234342642,2.866354943582561,2.866354943582561,True,True,35
cooldown_first_signal,lightgbm_dynamic_compact,lightgbm,dynamic_compact,0.75,candidate_a,30,20260701_195929,2004,1782918176446,50,down,up,0.7852458860430895,-0.40216397733550124,-0.40216397733550124,False,False,36
cooldown_first_signal,lightgbm_dynamic_compact,lightgbm,dynamic_compact,0.75,candidate_a,30,20260701_195929,2055,1782918181648,50,up,up,0.764123521725181,2.094688289435709,2.094688289435709,True,True,37
cooldown_first_signal,lightgbm_dynamic_compact,lightgbm,dynamic_compact,0.75,candidate_a,30,20260701_195929,2106,1782918186852,50,up,up,0.7819229542607189,2.5130995313071836,2.5130995313071836,True,True,38
cooldown_first_signal,lightgbm_dynamic_compact,lightgbm,dynamic_compact,0.75,candidate_a,30,20260701_195929,2157,1782918192054,50,up,up,0.7934089065107272,1.658228961221031,1.658228961221031,True,True,39
cooldown_first_signal,lightgbm_dynamic_compact,lightgbm,dynamic_compact,0.75,candidate_a,30,20260701_195929,2208,1782918197258,50,down,up,0.8205781868955819,-1.7919301180757685,-1.7919301180757685,False,False,40
cooldown_first_signal,lightgbm_dynamic_compact,lightgbm,dynamic_compact,0.75,candidate_a,30,20260701_195929,2259,1782918202460,50,down,up,0.7991206442253063,-4.656503317758132,-4.656503317758132,False,False,41
cooldown_first_signal,lightgbm_dynamic_compact,lightgbm,dynamic_compact,0.75,candidate_a,30,20260701_195929,2313,1782918207968,50,down,up,0.7686117642421559,-0.31841076161387427,-0.31841076161387427,False,False,42
cooldown_first_signal,lightgbm_dynamic_compact,lightgbm,dynamic_compact,0.75,candidate_a,30,20260701_195929,2365,1782918213272,50,up,up,0.7691554637983589,3.2009679995392837,3.2009679995392837,True,True,43
cooldown_first_signal,lightgbm_dynamic_compact,lightgbm,dynamic_compact,0.75,candidate_a,30,20260701_195929,2416,1782918218474,50,up,up,0.8503511775052363,2.0606967332925663,2.0606967332925663,True,True,44
cooldown_first_signal,lightgbm_dynamic_compact,lightgbm,dynamic_compact,0.75,candidate_a,30,20260701_195929,2467,1782918223676,50,up,up,0.7784175772034834,0.9882606361544255,0.9882606361544255,True,True,45
cooldown_first_signal,lightgbm_dynamic_compact,lightgbm,dynamic_compact,0.75,candidate_a,30,20260701_195929,2519,1782918228980,50,up,up,0.7586326081219158,1.2728879063095278,1.2728879063095278,True,True,46
cooldown_first_signal,lightgbm_dynamic_compact,lightgbm,dynamic_compact,0.75,candidate_a,30,20260701_195929,2570,1782918234182,50,down,up,0.7868292281456695,-0.8875588531054301,-0.8875588531054301,False,False,47
cooldown_first_signal,lightgbm_dynamic_compact,lightgbm,dynamic_compact,0.75,candidate_a,30,20260701_195929,2636,1782918240914,50,up,up,0.7751101653874687,1.4907385772167103,1.4907385772167103,True,True,48
cooldown_first_signal,lightgbm_dynamic_compact,lightgbm,dynamic_compact,0.75,candidate_a,30,20260701_195929,2687,1782918246120,50,up,up,0.8111441261204657,0.8373533270988887,0.8373533270988887,True,True,49
cooldown_first_signal,lightgbm_dynamic_compact,lightgbm,dynamic_compact,0.75,candidate_a,30,20260701_195929,2738,1782918251322,50,down,up,0.7567868994961154,-5.325121259540655,-5.325121259540655,False,False,50
cooldown_first_signal,lightgbm_dynamic_compact,lightgbm,dynamic_compact,0.75,candidate_a,30,20260701_195929,2792,1782918256830,50,down,up,0.769139987505365,-0.7875539662971498,-0.7875539662971498,False,False,51
cooldown_first_signal,lightgbm_dynamic_compact,lightgbm,dynamic_compact,0.75,candidate_a,30,20260701_195929,2858,1782918263562,50,up,up,0.7577820863500059,2.530642137872352,2.530642137872352,True,True,52
cooldown_first_signal,lightgbm_dynamic_compact,lightgbm,dynamic_compact,0.75,candidate_a,30,20260701_200443,12,1782918287128,50,up,up,0.8301721531238134,2.3440789820661223,2.3440789820661223,True,True,1
cooldown_first_signal,lightgbm_dynamic_compact,lightgbm,dynamic_compact,0.75,candidate_a,30,20260701_200443,63,1782918292330,50,up,up,0.8039929396129042,0.21761346659099345,0.21761346659099345,True,True,2
cooldown_first_signal,lightgbm_dynamic_compact,lightgbm,dynamic_compact,0.75,candidate_a,30,20260701_200443,114,1782918297532,50,down,up,0.8056265868183468,-3.8830628997621464,-3.8830628997621464,False,False,3
cooldown_first_signal,lightgbm_dynamic_compact,lightgbm,dynamic_compact,0.75,candidate_a,30,20260701_200443,167,1782918302940,50,down,up,0.7525420598318929,-2.545123618497014,-2.545123618497014,False,False,4
cooldown_first_signal,lightgbm_dynamic_compact,lightgbm,dynamic_compact,0.75,candidate_a,30,20260701_200443,235,1782918309876,50,up,up,0.7585232738534526,4.489115987533765,4.489115987533765,True,True,5
cooldown_first_signal,lightgbm_dynamic_compact,lightgbm,dynamic_compact,0.75,candidate_a,30,20260701_200443,286,1782918315080,50,up,up,0.7971388514439325,3.5160125069588766,3.5160125069588766,True,True,6
cooldown_first_signal,lightgbm_dynamic_compact,lightgbm,dynamic_compact,0.75,candidate_a,30,20260701_200443,337,1782918320284,50,up,up,0.7673164349895888,4.267943144302677,4.267943144302677,True,True,7
cooldown_first_signal,lightgbm_dynamic_compact,lightgbm,dynamic_compact,0.75,candidate_a,30,20260701_200443,392,1782918325894,50,up,up,0.852141637738723,5.55393379945146,5.55393379945146,True,True,8
cooldown_first_signal,lightgbm_dynamic_compact,lightgbm,dynamic_compact,0.75,candidate_a,30,20260701_200443,443,1782918331098,50,up,up,0.7819998350717154,2.9257633525570093,2.9257633525570093,True,True,9
cooldown_first_signal,lightgbm_dynamic_compact,lightgbm,dynamic_compact,0.75,candidate_a,30,20260701_200443,494,1782918336300,50,up,up,0.8107306856371183,1.6378387547755224,1.6378387547755224,True,True,10
cooldown_first_signal,lightgbm_dynamic_compact,lightgbm,dynamic_compact,0.75,candidate_a,30,20260701_200443,545,1782918341504,50,down,up,0.8285004439252792,-1.9381156336595318,-1.9381156336595318,False,False,11
cooldown_first_signal,lightgbm_dynamic_compact,lightgbm,dynamic_compact,0.75,candidate_a,30,20260701_200443,608,1782918347930,50,down,up,0.7890464900368016,-7.620276285148497,-7.620276285148497,False,False,12
cooldown_first_signal,lightgbm_dynamic_compact,lightgbm,dynamic_compact,0.75,candidate_a,30,20260701_200443,666,1782918353846,50,up,up,0.78124238181043,1.923265068572988,1.923265068572988,True,True,13
cooldown_first_signal,lightgbm_dynamic_compact,lightgbm,dynamic_compact,0.75,candidate_a,30,20260701_200443,727,1782918360068,50,up,up,0.7737694191003353,2.3577905328853177,2.3577905328853177,True,True,14
cooldown_first_signal,lightgbm_dynamic_compact,lightgbm,dynamic_compact,0.75,candidate_a,30,20260701_200443,789,1782918366392,50,up,up,0.7585162504113228,2.1235025753751913,2.1235025753751913,True,True,15
cooldown_first_signal,lightgbm_dynamic_compact,lightgbm,dynamic_compact,0.75,candidate_a,30,20260701_200443,840,1782918371594,50,up,up,0.7703602285322576,5.533308090748257,5.533308090748257,True,True,16
cooldown_first_signal,lightgbm_dynamic_compact,lightgbm,dynamic_compact,0.75,candidate_a,30,20260701_200443,891,1782918376796,50,up,up,0.8059975134368221,3.7926474433458424,3.7926474433458424,True,True,17
cooldown_first_signal,lightgbm_dynamic_compact,lightgbm,dynamic_compact,0.75,candidate_a,30,20260701_200443,942,1782918381998,50,up,up,0.7602064887599502,6.597038681193101,6.597038681193101,True,True,18
cooldown_first_signal,lightgbm_dynamic_compact,lightgbm,dynamic_compact,0.75,candidate_a,30,20260701_200443,995,1782918387404,50,up,up,0.759057947562244,4.406062006978573,4.406062006978573,True,True,19
cooldown_first_signal,lightgbm_dynamic_compact,lightgbm,dynamic_compact,0.75,candidate_a,30,20260701_200443,1069,1782918394952,50,up,up,0.8064131513644068,2.7200826371109876,2.7200826371109876,True,True,20
cooldown_first_signal,lightgbm_dynamic_compact,lightgbm,dynamic_compact,0.75,candidate_a,30,20260701_200443,1120,1782918400154,50,down,up,0.8346213004520804,-1.4514284474964612,-1.4514284474964612,False,False,21
cooldown_first_signal,lightgbm_dynamic_compact,lightgbm,dynamic_compact,0.75,candidate_a,30,20260701_200443,1174,1782918405664,50,down,up,0.777347054908841,-2.619637772506289,-2.619637772506289,False,False,22
cooldown_first_signal,lightgbm_dynamic_compact,lightgbm,dynamic_compact,0.75,candidate_a,30,20260701_200443,1225,1782918410866,50,up,up,0.7926457423686379,2.553449284408149,2.553449284408149,True,True,23
cooldown_first_signal,lightgbm_dynamic_compact,lightgbm,dynamic_compact,0.75,candidate_a,30,20260701_200443,1276,1782918416068,50,down,up,0.7581418992319945,-0.5172179347834316,-0.5172179347834316,False,False,24
cooldown_first_signal,lightgbm_dynamic_compact,lightgbm,dynamic_compact,0.75,candidate_a,30,20260701_200443,1332,1782918421780,50,down,up,0.7682264045144471,-4.27114068653589,-4.27114068653589,False,False,25
cooldown_first_signal,lightgbm_dynamic_compact,lightgbm,dynamic_compact,0.75,candidate_a,30,20260701_200443,1385,1782918427188,50,up,up,0.7800122102553627,6.5928215022781345,6.5928215022781345,True,True,26
cooldown_first_signal,lightgbm_dynamic_compact,lightgbm,dynamic_compact,0.75,candidate_a,30,20260701_200443,1449,1782918433718,50,up,up,0.8352465398440385,2.919559463501198,2.919559463501198,True,True,27
cooldown_first_signal,lightgbm_dynamic_compact,lightgbm,dynamic_compact,0.75,candidate_a,30,20260701_200443,1500,1782918438920,50,down,up,0.777296541009662,-2.201539242854267,-2.201539242854267,False,False,28
cooldown_first_signal,lightgbm_dynamic_compact,lightgbm,dynamic_compact,0.75,candidate_a,30,20260701_200443,1551,1782918444124,50,down,up,0.8068157514869478,-6.322478077767091,-6.322478077767091,False,False,29
cooldown_first_signal,lightgbm_dynamic_compact,lightgbm,dynamic_compact,0.75,candidate_a,30,20260701_200443,1609,1782918450042,50,up,up,0.7926457423686379,2.537306332164313,2.537306332164313,True,True,30
cooldown_first_signal,lightgbm_dynamic_compact,lightgbm,dynamic_compact,0.75,candidate_a,30,20260701_200443,1660,1782918455244,50,down,up,0.8091961674469651,-0.9513088424151217,-0.9513088424151217,False,False,31
cooldown_first_signal,lightgbm_dynamic_compact,lightgbm,dynamic_compact,0.75,candidate_a,30,20260701_200443,1711,1782918460446,50,down,up,0.8042304372499579,-1.9528723497475031,-1.9528723497475031,False,False,32
cooldown_first_signal,lightgbm_dynamic_compact,lightgbm,dynamic_compact,0.75,candidate_a,30,20260701_200443,1768,1782918466260,50,up,up,0.7642430846999727,1.435693853311104,1.435693853311104,True,True,33
cooldown_first_signal,lightgbm_dynamic_compact,lightgbm,dynamic_compact,0.75,candidate_a,30,20260701_200443,1819,1782918471464,50,up,up,0.8340183486769808,1.6691718153660773,1.6691718153660773,True,True,34
cooldown_first_signal,lightgbm_dynamic_compact,lightgbm,dynamic_compact,0.75,candidate_a,30,20260701_200443,1870,1782918476666,50,down,up,0.8206320488965448,-4.47263390573549,-4.47263390573549,False,False,35
cooldown_first_signal,lightgbm_dynamic_compact,lightgbm,dynamic_compact,0.75,candidate_a,30,20260701_200443,1922,1782918481970,50,down,up,0.7740148869180294,-5.376240855591297,-5.376240855591297,False,False,36
cooldown_first_signal,lightgbm_dynamic_compact,lightgbm,dynamic_compact,0.75,candidate_a,30,20260701_200443,1973,1782918487174,50,down,up,0.7701395207970057,-2.789798691801293,-2.789798691801293,False,False,37
cooldown_first_signal,lightgbm_dynamic_compact,lightgbm,dynamic_compact,0.75,candidate_a,30,20260701_200443,2040,1782918494008,50,down,up,0.7624865457870655,-0.4679547120112204,-0.4679547120112204,False,False,38
cooldown_first_signal,lightgbm_dynamic_compact,lightgbm,dynamic_compact,0.75,candidate_a,30,20260701_200443,2091,1782918499210,50,up,up,0.8203367051006777,0.25070175599939404,0.25070175599939404,True,True,39
cooldown_first_signal,lightgbm_dynamic_compact,lightgbm,dynamic_compact,0.75,candidate_a,30,20260701_200443,2144,1782918504618,50,down,up,0.7539307025363151,-7.871837790003333,-7.871837790003333,False,False,40
cooldown_first_signal,lightgbm_dynamic_compact,lightgbm,dynamic_compact,0.75,candidate_a,30,20260701_200443,2198,1782918510126,50,up,up,0.7528677702840513,4.465894864138509,4.465894864138509,True,True,41
cooldown_first_signal,lightgbm_dynamic_compact,lightgbm,dynamic_compact,0.75,candidate_a,30,20260701_200443,2249,1782918515328,50,down,up,0.8077474661492056,-3.2768713903208457,-3.2768713903208457,False,False,42
cooldown_first_signal,lightgbm_dynamic_compact,lightgbm,dynamic_compact,0.75,candidate_a,30,20260701_200443,2302,1782918520736,50,down,up,0.7635846427973784,-0.4013810854186506,-0.4013810854186506,False,False,43
cooldown_first_signal,lightgbm_dynamic_compact,lightgbm,dynamic_compact,0.75,candidate_a,30,20260701_200443,2353,1782918525938,50,down,up,0.8621119531326901,-3.69619918666908,-3.69619918666908,False,False,44
cooldown_first_signal,lightgbm_dynamic_compact,lightgbm,dynamic_compact,0.75,candidate_a,30,20260701_200443,2416,1782918532364,50,up,up,0.758684594600375,3.697751482656386,3.697751482656386,True,True,45
cooldown_first_signal,lightgbm_dynamic_compact,lightgbm,dynamic_compact,0.75,candidate_a,30,20260701_200443,2467,1782918537566,50,up,up,0.8296623456530633,0.6690288961941349,0.6690288961941349,True,True,46
cooldown_first_signal,lightgbm_dynamic_compact,lightgbm,dynamic_compact,0.75,candidate_a,30,20260701_200443,2522,1782918543178,50,down,up,0.7971767191408451,-4.297770259931166,-4.297770259931166,False,False,47
cooldown_first_signal,lightgbm_dynamic_compact,lightgbm,dynamic_compact,0.75,candidate_a,30,20260701_200443,2573,1782918548380,50,down,up,0.7597940631563368,-4.149047852073373,-4.149047852073373,False,False,48
cooldown_first_signal,lightgbm_dynamic_compact,lightgbm,dynamic_compact,0.75,candidate_a,30,20260701_200443,2624,1782918553582,50,up,up,0.8195060662381463,5.606886930848987,5.606886930848987,True,True,49
cooldown_first_signal,lightgbm_dynamic_compact,lightgbm,dynamic_compact,0.75,candidate_a,30,20260701_200443,2675,1782918558784,50,up,up,0.8148171289915507,1.6393044999740702,1.6393044999740702,True,True,50
cooldown_first_signal,lightgbm_dynamic_compact,lightgbm,dynamic_compact,0.75,candidate_a,30,20260701_200443,2726,1782918563986,50,up,up,0.7692301758421096,0.21742311793193636,0.21742311793193636,True,True,51
cooldown_first_signal,lightgbm_dynamic_compact,lightgbm,dynamic_compact,0.75,candidate_a,30,20260701_200443,2779,1782918569392,50,down,up,0.7602064887599502,-4.081205962910284,-4.081205962910284,False,False,52
cooldown_first_signal,lightgbm_dynamic_compact,lightgbm,dynamic_compact,0.75,candidate_a,30,20260701_200443,2835,1782918575106,50,down,up,0.7618285687408353,-0.7195225716738474,-0.7195225716738474,False,False,53
cooldown_first_signal,lightgbm_dynamic_compact,lightgbm,dynamic_compact,0.75,candidate_a,30,20260701_200954,14,1782918599282,50,up,up,0.7604971856137223,1.8900224377427222,1.8900224377427222,True,True,1
cooldown_first_signal,lightgbm_dynamic_compact,lightgbm,dynamic_compact,0.75,candidate_a,30,20260701_200954,65,1782918604488,50,up,up,0.8575693440529888,0.6187068525131956,0.6187068525131956,True,True,2
cooldown_first_signal,lightgbm_dynamic_compact,lightgbm,dynamic_compact,0.75,candidate_a,30,20260701_200954,122,1782918610302,50,up,up,0.7758612204010172,2.3410960175440643,2.3410960175440643,True,True,3
cooldown_first_signal,lightgbm_dynamic_compact,lightgbm,dynamic_compact,0.75,candidate_a,30,20260701_200954,173,1782918615504,50,down,up,0.8303333500906293,-3.5609767107114276,-3.5609767107114276,False,False,4
cooldown_first_signal,lightgbm_dynamic_compact,lightgbm,dynamic_compact,0.75,candidate_a,30,20260701_200954,227,1782918621016,50,up,up,0.7954665374322882,1.4717257238427983,1.4717257238427983,True,True,5
cooldown_first_signal,lightgbm_dynamic_compact,lightgbm,dynamic_compact,0.75,candidate_a,30,20260701_200954,278,1782918626218,50,down,up,0.8194597329298435,-2.0066033973464847,-2.0066033973464847,False,False,6
cooldown_first_signal,lightgbm_dynamic_compact,lightgbm,dynamic_compact,0.75,candidate_a,30,20260701_200954,332,1782918631730,50,down,up,0.7602064887599502,-1.6057633522981174,-1.6057633522981174,False,False,7
cooldown_first_signal,lightgbm_dynamic_compact,lightgbm,dynamic_compact,0.75,candidate_a,30,20260701_200954,390,1782918637648,50,up,up,0.7577255317514521,4.634738283690876,4.634738283690876,True,True,8
cooldown_first_signal,lightgbm_dynamic_compact,lightgbm,dynamic_compact,0.75,candidate_a,30,20260701_200954,441,1782918642850,50,up,up,0.8031226529612434,4.381728859621514,4.381728859621514,True,True,9
cooldown_first_signal,lightgbm_dynamic_compact,lightgbm,dynamic_compact,0.75,candidate_a,30,20260701_200954,509,1782918649788,50,up,up,0.7624865457870655,6.118738637075349,6.118738637075349,True,True,10
cooldown_first_signal,lightgbm_dynamic_compact,lightgbm,dynamic_compact,0.75,candidate_a,30,20260701_200954,578,1782918656826,50,up,up,0.7763971641398062,2.9911627017042974,2.9911627017042974,True,True,11
cooldown_first_signal,lightgbm_dynamic_compact,lightgbm,dynamic_compact,0.75,candidate_a,30,20260701_200954,676,1782918666822,50,up,up,0.7559927785467709,0.08353765250879164,0.08353765250879164,True,True,12
cooldown_first_signal,lightgbm_dynamic_compact,lightgbm,dynamic_compact,0.75,candidate_a,30,20260701_200954,727,1782918672026,50,down,up,0.78124238181043,-4.5945325063179165,-4.5945325063179165,False,False,13
cooldown_first_signal,lightgbm_dynamic_compact,lightgbm,dynamic_compact,0.75,candidate_a,30,20260701_200954,788,1782918678248,50,up,up,0.777815236622109,1.6214729828334384,1.6214729828334384,True,True,14
cooldown_first_signal,lightgbm_dynamic_compact,lightgbm,dynamic_compact,0.75,candidate_a,30,20260701_200954,882,1782918687838,50,up,up,0.7551309071584118,2.45736184653067,2.45736184653067,True,True,15
cooldown_first_signal,lightgbm_dynamic_compact,lightgbm,dynamic_compact,0.75,candidate_a,30,20260701_200954,933,1782918693042,50,up,up,0.832753043356618,2.623884535710719,2.623884535710719,True,True,16
cooldown_first_signal,lightgbm_dynamic_compact,lightgbm,dynamic_compact,0.75,candidate_a,30,20260701_200954,984,1782918698246,50,down,up,0.7721957552247827,-1.8546164494448458,-1.8546164494448458,False,False,17
cooldown_first_signal,lightgbm_dynamic_compact,lightgbm,dynamic_compact,0.75,candidate_a,30,20260701_200954,1035,1782918703448,50,up,up,0.7505417822753752,1.9385172515495874,1.9385172515495874,True,True,18
cooldown_first_signal,lightgbm_dynamic_compact,lightgbm,dynamic_compact,0.75,candidate_a,30,20260701_200954,1087,1782918708754,50,up,up,0.7565957462880493,3.27479087703475,3.27479087703475,True,True,19
cooldown_first_signal,lightgbm_dynamic_compact,lightgbm,dynamic_compact,0.75,candidate_a,30,20260701_200954,1138,1782918713956,50,down,up,0.8218267321088162,-2.7392341001242215,-2.7392341001242215,False,False,20
cooldown_first_signal,lightgbm_dynamic_compact,lightgbm,dynamic_compact,0.75,candidate_a,30,20260701_200954,1212,1782918721504,50,up,up,0.7540698292171634,0.7522309917495917,0.7522309917495917,True,True,21
cooldown_first_signal,lightgbm_dynamic_compact,lightgbm,dynamic_compact,0.75,candidate_a,30,20260701_200954,1273,1782918727726,50,down,up,0.7501574890632848,-1.1031891359281065,-1.1031891359281065,False,False,22
cooldown_first_signal,lightgbm_dynamic_compact,lightgbm,dynamic_compact,0.75,candidate_a,30,20260701_200954,1324,1782918732928,50,down,up,0.7628806431344116,-2.6579761434097904,-2.6579761434097904,False,False,23
cooldown_first_signal,lightgbm_dynamic_compact,lightgbm,dynamic_compact,0.75,candidate_a,30,20260701_200954,1379,1782918738540,50,up,up,0.8436410827433704,1.0032194985742926,1.0032194985742926,True,True,24
cooldown_first_signal,lightgbm_dynamic_compact,lightgbm,dynamic_compact,0.75,candidate_a,30,20260701_200954,1432,1782918743946,50,up,up,0.7717381867814478,3.8620076253770286,3.8620076253770286,True,True,25
cooldown_first_signal,lightgbm_dynamic_compact,lightgbm,dynamic_compact,0.75,candidate_a,30,20260701_200954,1483,1782918749148,50,up,up,0.8192247949392862,3.2421655326042575,3.2421655326042575,True,True,26
cooldown_first_signal,lightgbm_dynamic_compact,lightgbm,dynamic_compact,0.75,candidate_a,30,20260701_200954,1534,1782918754352,50,up,up,0.7567148297528454,4.109867105943632,4.109867105943632,True,True,27
cooldown_first_signal,lightgbm_dynamic_compact,lightgbm,dynamic_compact,0.75,candidate_a,30,20260701_200954,1585,1782918759554,50,up,up,0.8443278051752752,1.1187877016838321,1.1187877016838321,True,True,28
cooldown_first_signal,lightgbm_dynamic_compact,lightgbm,dynamic_compact,0.75,candidate_a,30,20260701_200954,1639,1782918765062,50,up,up,0.7890464900368016,0.4841972218772028,0.4841972218772028,True,True,29
cooldown_first_signal,lightgbm_dynamic_compact,lightgbm,dynamic_compact,0.75,candidate_a,30,20260701_200954,1690,1782918770266,50,down,up,0.7516883579290142,-4.0904336444014255,-4.0904336444014255,False,False,30
cooldown_first_signal,lightgbm_dynamic_compact,lightgbm,dynamic_compact,0.75,candidate_a,30,20260701_200954,1768,1782918778222,50,up,up,0.7604971856137223,1.352900844895366,1.352900844895366,True,True,31
cooldown_first_signal,lightgbm_dynamic_compact,lightgbm,dynamic_compact,0.75,candidate_a,30,20260701_200954,1841,1782918785668,50,up,up,0.7647985177232723,5.997662749253063,5.997662749253063,True,True,32
cooldown_first_signal,lightgbm_dynamic_compact,lightgbm,dynamic_compact,0.75,candidate_a,30,20260701_200954,1892,1782918790874,50,up,up,0.7653274625747906,1.235545990276865,1.235545990276865,True,True,33
cooldown_first_signal,lightgbm_dynamic_compact,lightgbm,dynamic_compact,0.75,candidate_a,30,20260701_200954,1943,1782918796076,50,down,up,0.7502601261293642,-1.5859779515681183,-1.5859779515681183,False,False,34
cooldown_first_signal,lightgbm_dynamic_compact,lightgbm,dynamic_compact,0.75,candidate_a,30,20260701_200954,1994,1782918801280,50,up,up,0.7602637260783613,0.4174288221236999,0.4174288221236999,True,True,35
cooldown_first_signal,lightgbm_dynamic_compact,lightgbm,dynamic_compact,0.75,candidate_a,30,20260701_200954,2045,1782918806482,50,down,up,0.776785567045039,-0.6678582370711617,-0.6678582370711617,False,False,36
cooldown_first_signal,lightgbm_dynamic_compact,lightgbm,dynamic_compact,0.75,candidate_a,30,20260701_200954,2096,1782918811686,50,up,up,0.7627673297164688,4.975876184172279,4.975876184172279,True,True,37
cooldown_first_signal,lightgbm_dynamic_compact,lightgbm,dynamic_compact,0.75,candidate_a,30,20260701_200954,2147,1782918816888,50,down,up,0.8145931058826937,-1.3017584587171616,-1.3017584587171616,False,False,38
cooldown_first_signal,lightgbm_dynamic_compact,lightgbm,dynamic_compact,0.75,candidate_a,30,20260701_200954,2218,1782918824130,50,up,up,0.7604971856137223,1.3186237240447873,1.3186237240447873,True,True,39
cooldown_first_signal,lightgbm_dynamic_compact,lightgbm,dynamic_compact,0.75,candidate_a,30,20260701_200954,2269,1782918829334,50,down,up,0.7685335233021556,-1.0681112871824272,-1.0681112871824272,False,False,40
cooldown_first_signal,lightgbm_dynamic_compact,lightgbm,dynamic_compact,0.75,candidate_a,30,20260701_200954,2320,1782918834536,50,down,up,0.7740978950855825,-1.5188829700674145,-1.5188829700674145,False,False,41
cooldown_first_signal,lightgbm_dynamic_compact,lightgbm,dynamic_compact,0.75,candidate_a,30,20260701_200954,2378,1782918840454,50,down,up,0.7604971856137223,-0.05008192568323189,-0.05008192568323189,False,False,42
cooldown_first_signal,lightgbm_dynamic_compact,lightgbm,dynamic_compact,0.75,candidate_a,30,20260701_200954,2434,1782918846166,50,down,up,0.7934142503120423,-0.6424987024877815,-0.6424987024877815,False,False,43
cooldown_first_signal,lightgbm_dynamic_compact,lightgbm,dynamic_compact,0.75,candidate_a,30,20260701_200954,2486,1782918851472,50,down,up,0.7709838505993304,-3.070840450645207,-3.070840450645207,False,False,44
cooldown_first_signal,lightgbm_dynamic_compact,lightgbm,dynamic_compact,0.75,candidate_a,30,20260701_200954,2547,1782918857694,50,down,up,0.7540065054191316,-0.6678939217474866,-0.6678939217474866,False,False,45
cooldown_first_signal,lightgbm_dynamic_compact,lightgbm,dynamic_compact,0.75,candidate_a,30,20260701_200954,2598,1782918862904,50,down,up,0.7572208139192397,-1.7533386490109493,-1.7533386490109493,False,False,46
cooldown_first_signal,lightgbm_dynamic_compact,lightgbm,dynamic_compact,0.75,candidate_a,30,20260701_200954,2651,1782918868310,50,down,up,0.7833914224420676,-2.2546878718665564,-2.2546878718665564,False,False,47
cooldown_first_signal,lightgbm_dynamic_compact,lightgbm,dynamic_compact,0.75,candidate_a,30,20260701_200954,2702,1782918873514,50,up,up,0.8053119464088577,0.8352579067594235,0.8352579067594235,True,True,48
cooldown_first_signal,lightgbm_dynamic_compact,lightgbm,dynamic_compact,0.75,candidate_a,30,20260701_200954,2753,1782918878716,50,up,up,0.7919811949770247,3.7917541874232796,3.7917541874232796,True,True,49
cooldown_first_signal,lightgbm_dynamic_compact,lightgbm,dynamic_compact,0.75,candidate_a,30,20260701_200954,2806,1782918884122,50,up,up,0.7599881204265047,0.4174357921127303,0.4174357921127303,True,True,50
cooldown_first_signal,lightgbm_dynamic_compact,lightgbm,dynamic_compact,0.75,candidate_a,30,20260701_200954,2858,1782918889426,50,up,up,0.7509647645628948,1.452615919168565,1.452615919168565,True,True,51
cooldown_first_signal,logit_dynamic_compact,logit,dynamic_compact,0.65,reference_baseline,30,20260701_191230,133,1782915167282,50,up,down,0.3369076310657699,1.2549917296045265,-1.2549917296045265,False,False,1
cooldown_first_signal,logit_dynamic_compact,logit,dynamic_compact,0.65,reference_baseline,30,20260701_191230,215,1782915175646,50,up,up,0.6563516773627607,2.7604967890404453,2.7604967890404453,True,True,2
cooldown_first_signal,logit_dynamic_compact,logit,dynamic_compact,0.65,reference_baseline,30,20260701_191230,291,1782915183398,50,down,down,0.33779541643434874,-0.6022438602493185,0.6022438602493185,True,True,3
cooldown_first_signal,logit_dynamic_compact,logit,dynamic_compact,0.65,reference_baseline,30,20260701_191230,358,1782915190232,50,up,up,0.6764575575808269,1.355220988858985,1.355220988858985,True,True,4
cooldown_first_signal,logit_dynamic_compact,logit,dynamic_compact,0.65,reference_baseline,30,20260701_191230,451,1782915199718,50,up,up,0.7201174554224697,1.5055215001025246,1.5055215001025246,True,True,5
cooldown_first_signal,logit_dynamic_compact,logit,dynamic_compact,0.65,reference_baseline,30,20260701_191230,520,1782915206756,50,up,up,0.714556839718534,6.177979307531167,6.177979307531167,True,True,6
cooldown_first_signal,logit_dynamic_compact,logit,dynamic_compact,0.65,reference_baseline,30,20260701_191230,602,1782915215120,50,up,down,0.34129787535210054,6.598923289604652,-6.598923289604652,False,False,7
cooldown_first_signal,logit_dynamic_compact,logit,dynamic_compact,0.65,reference_baseline,30,20260701_191230,653,1782915220322,50,up,down,0.31576035151098925,3.3396368979787816,-3.3396368979787816,False,False,8
cooldown_first_signal,logit_dynamic_compact,logit,dynamic_compact,0.65,reference_baseline,30,20260701_191230,735,1782915228686,50,down,up,0.8279374188332017,-0.05844476802407961,-0.05844476802407961,False,False,9
cooldown_first_signal,logit_dynamic_compact,logit,dynamic_compact,0.65,reference_baseline,30,20260701_191230,792,1782915234500,50,up,up,0.6562012321581411,2.30439563467133,2.30439563467133,True,True,10
cooldown_first_signal,logit_dynamic_compact,logit,dynamic_compact,0.65,reference_baseline,30,20260701_191230,855,1782915240926,50,down,up,0.6527165646545838,-7.81081146486895,-7.81081146486895,False,False,11
cooldown_first_signal,logit_dynamic_compact,logit,dynamic_compact,0.65,reference_baseline,30,20260701_191230,929,1782915248474,50,up,up,0.6930172094643415,3.072727621900029,3.072727621900029,True,True,12
cooldown_first_signal,logit_dynamic_compact,logit,dynamic_compact,0.65,reference_baseline,30,20260701_191230,980,1782915253678,50,up,down,0.3297416804568619,0.8515604845871216,-0.8515604845871216,False,False,13
cooldown_first_signal,logit_dynamic_compact,logit,dynamic_compact,0.65,reference_baseline,30,20260701_191230,1049,1782915260716,50,up,up,0.9999999999655387,4.623405279862158,4.623405279862158,True,True,14
cooldown_first_signal,logit_dynamic_compact,logit,dynamic_compact,0.65,reference_baseline,30,20260701_191230,1107,1782915266632,50,down,down,0.23368534653862869,-0.6007023211307416,0.6007023211307416,True,True,15
cooldown_first_signal,logit_dynamic_compact,logit,dynamic_compact,0.65,reference_baseline,30,20260701_191230,1247,1782915280912,50,down,up,0.6535622274557568,-4.920155877209398,-4.920155877209398,False,False,16
cooldown_first_signal,logit_dynamic_compact,logit,dynamic_compact,0.65,reference_baseline,30,20260701_191230,1327,1782915289072,50,up,down,0.32861679825385415,2.5532916184434207,-2.5532916184434207,False,False,17
cooldown_first_signal,logit_dynamic_compact,logit,dynamic_compact,0.65,reference_baseline,30,20260701_191230,1378,1782915294274,50,up,up,0.6831718399242309,0.1668119320585859,0.1668119320585859,True,True,18
cooldown_first_signal,logit_dynamic_compact,logit,dynamic_compact,0.65,reference_baseline,30,20260701_191230,1434,1782915299986,50,down,up,0.6666266811267422,-2.3353280927462805,-2.3353280927462805,False,False,19
cooldown_first_signal,logit_dynamic_compact,logit,dynamic_compact,0.65,reference_baseline,30,20260701_191230,1507,1782915307432,50,down,down,0.32407334549567496,-2.8041478019580346,2.8041478019580346,True,True,20
cooldown_first_signal,logit_dynamic_compact,logit,dynamic_compact,0.65,reference_baseline,30,20260701_191230,1578,1782915314674,50,up,up,0.6577780176049358,10.718301499810234,10.718301499810234,True,True,21
cooldown_first_signal,logit_dynamic_compact,logit,dynamic_compact,0.65,reference_baseline,30,20260701_191230,1671,1782915324162,50,up,down,0.3406779511414364,0.8004649367165939,-0.8004649367165939,False,False,22
cooldown_first_signal,logit_dynamic_compact,logit,dynamic_compact,0.65,reference_baseline,30,20260701_191230,1722,1782915329364,50,down,down,0.31166265287912126,-7.853933511700051,7.853933511700051,True,True,23
cooldown_first_signal,logit_dynamic_compact,logit,dynamic_compact,0.65,reference_baseline,30,20260701_191230,1773,1782915334566,50,down,up,0.7108357994426893,-4.238437118030403,-4.238437118030403,False,False,24
cooldown_first_signal,logit_dynamic_compact,logit,dynamic_compact,0.65,reference_baseline,30,20260701_191230,1829,1782915340280,50,up,down,0.3225584608178802,5.993577355964952,-5.993577355964952,False,False,25
cooldown_first_signal,logit_dynamic_compact,logit,dynamic_compact,0.65,reference_baseline,30,20260701_191230,1886,1782915346094,50,down,up,0.7398225937714495,-4.6373407686484125,-4.6373407686484125,False,False,26
cooldown_first_signal,logit_dynamic_compact,logit,dynamic_compact,0.65,reference_baseline,30,20260701_191230,1939,1782915351500,50,down,down,0.3450770025866865,-5.023813040716529,5.023813040716529,True,True,27
cooldown_first_signal,logit_dynamic_compact,logit,dynamic_compact,0.65,reference_baseline,30,20260701_191230,1990,1782915356702,50,down,down,0.31626699643688805,-2.9389982524652414,2.9389982524652414,True,True,28
cooldown_first_signal,logit_dynamic_compact,logit,dynamic_compact,0.65,reference_baseline,30,20260701_191230,2113,1782915369250,50,down,down,0.30065600564009554,-0.3508557957621061,0.3508557957621061,True,True,29
cooldown_first_signal,logit_dynamic_compact,logit,dynamic_compact,0.65,reference_baseline,30,20260701_191230,2167,1782915374758,50,up,up,0.7005993017080624,3.775725260855012,3.775725260855012,True,True,30
cooldown_first_signal,logit_dynamic_compact,logit,dynamic_compact,0.65,reference_baseline,30,20260701_191230,2223,1782915380470,50,up,up,0.6660716206582882,3.5401274278901163,3.5401274278901163,True,True,31
cooldown_first_signal,logit_dynamic_compact,logit,dynamic_compact,0.65,reference_baseline,30,20260701_191230,2314,1782915389752,50,down,down,0.34574598308140087,-2.154457932539433,2.154457932539433,True,True,32
cooldown_first_signal,logit_dynamic_compact,logit,dynamic_compact,0.65,reference_baseline,30,20260701_191230,2431,1782915401686,50,up,up,0.6502555081824547,3.6246741760348478,3.6246741760348478,True,True,33
cooldown_first_signal,logit_dynamic_compact,logit,dynamic_compact,0.65,reference_baseline,30,20260701_191230,2537,1782915412498,50,down,up,0.6843647294211216,-1.5186928560517732,-1.5186928560517732,False,False,34
cooldown_first_signal,logit_dynamic_compact,logit,dynamic_compact,0.65,reference_baseline,30,20260701_191230,2588,1782915417700,50,down,down,0.3370274619407936,-0.5341269569691942,0.5341269569691942,True,True,35
cooldown_first_signal,logit_dynamic_compact,logit,dynamic_compact,0.65,reference_baseline,30,20260701_191230,2641,1782915423106,50,down,up,0.6602862727407511,-2.2530359659644894,-2.2530359659644894,False,False,36
cooldown_first_signal,logit_dynamic_compact,logit,dynamic_compact,0.65,reference_baseline,30,20260701_191230,2693,1782915428410,50,up,down,0.34913671820420417,4.306053593676751,-4.306053593676751,False,False,37
cooldown_first_signal,logit_dynamic_compact,logit,dynamic_compact,0.65,reference_baseline,30,20260701_191230,2745,1782915433714,50,down,down,0.30578067709512213,-2.6692714307041676,2.6692714307041676,True,True,38
cooldown_first_signal,logit_dynamic_compact,logit,dynamic_compact,0.65,reference_baseline,30,20260701_191230,2800,1782915439324,50,up,down,0.34386094446392856,2.219887353236416,-2.219887353236416,False,False,39
cooldown_first_signal,logit_dynamic_compact,logit,dynamic_compact,0.65,reference_baseline,30,20260701_191230,2855,1782915444938,50,up,up,0.6505064449043307,3.0875452596590414,3.0875452596590414,True,True,40
cooldown_first_signal,logit_dynamic_compact,logit,dynamic_compact,0.65,reference_baseline,30,20260701_191745,20,1782915471050,50,up,up,0.6502879288650829,10.374490761781985,10.374490761781985,True,True,1
cooldown_first_signal,logit_dynamic_compact,logit,dynamic_compact,0.65,reference_baseline,30,20260701_191745,71,1782915476252,50,up,up,0.9998821416121271,4.156739916365559,4.156739916365559,True,True,2
cooldown_first_signal,logit_dynamic_compact,logit,dynamic_compact,0.65,reference_baseline,30,20260701_191745,128,1782915482066,50,down,down,0.34896226906306205,-3.8634503442547263,3.8634503442547263,True,True,3
cooldown_first_signal,logit_dynamic_compact,logit,dynamic_compact,0.65,reference_baseline,30,20260701_191745,185,1782915487880,50,down,up,0.6631414664828531,-0.7163043360558508,-0.7163043360558508,False,False,4
cooldown_first_signal,logit_dynamic_compact,logit,dynamic_compact,0.65,reference_baseline,30,20260701_191745,236,1782915493082,50,down,up,0.6553874795242868,-3.5150585273902024,-3.5150585273902024,False,False,5
cooldown_first_signal,logit_dynamic_compact,logit,dynamic_compact,0.65,reference_baseline,30,20260701_191745,339,1782915503590,50,up,up,0.6531619286446346,1.7827762157662796,1.7827762157662796,True,True,6
cooldown_first_signal,logit_dynamic_compact,logit,dynamic_compact,0.65,reference_baseline,30,20260701_191745,407,1782915510526,50,down,up,0.6854720804596749,-1.232403895395917,-1.232403895395917,False,False,7
cooldown_first_signal,logit_dynamic_compact,logit,dynamic_compact,0.65,reference_baseline,30,20260701_191745,488,1782915518788,50,down,down,0.3453735582430926,-2.8977325242984797,2.8977325242984797,True,True,8
cooldown_first_signal,logit_dynamic_compact,logit,dynamic_compact,0.65,reference_baseline,30,20260701_191745,544,1782915524502,50,down,down,0.30796003019077134,-7.230555594892607,7.230555594892607,True,True,9
cooldown_first_signal,logit_dynamic_compact,logit,dynamic_compact,0.65,reference_baseline,30,20260701_191745,595,1782915529704,50,up,up,0.9836598239248637,5.067802699103563,5.067802699103563,True,True,10
cooldown_first_signal,logit_dynamic_compact,logit,dynamic_compact,0.65,reference_baseline,30,20260701_191745,674,1782915537762,50,down,down,0.349599570480577,-6.21515949049023,6.21515949049023,True,True,11
cooldown_first_signal,logit_dynamic_compact,logit,dynamic_compact,0.65,reference_baseline,30,20260701_191745,725,1782915542964,50,down,down,0.3316096804968294,-2.2508534485987663,2.2508534485987663,True,True,12
cooldown_first_signal,logit_dynamic_compact,logit,dynamic_compact,0.65,reference_baseline,30,20260701_191745,790,1782915549594,50,down,up,0.6847049433906287,-1.9507754332359628,-1.9507754332359628,False,False,13
cooldown_first_signal,logit_dynamic_compact,logit,dynamic_compact,0.65,reference_baseline,30,20260701_191745,861,1782915556836,50,up,up,0.667399838170504,3.3845263788823132,3.3845263788823132,True,True,14
cooldown_first_signal,logit_dynamic_compact,logit,dynamic_compact,0.65,reference_baseline,30,20260701_191745,991,1782915570100,50,down,down,0.3081242533720773,-1.4503154436085186,1.4503154436085186,True,True,15
cooldown_first_signal,logit_dynamic_compact,logit,dynamic_compact,0.65,reference_baseline,30,20260701_191745,1130,1782915584282,50,up,up,0.6539373508050476,3.3840129559359333,3.3840129559359333,True,True,16
cooldown_first_signal,logit_dynamic_compact,logit,dynamic_compact,0.65,reference_baseline,30,20260701_191745,1183,1782915589688,50,down,up,0.6795437751885801,-1.4831294030404063,-1.4831294030404063,False,False,17
cooldown_first_signal,logit_dynamic_compact,logit,dynamic_compact,0.65,reference_baseline,30,20260701_191745,1234,1782915594892,50,up,down,0.3225096135427355,0.11666793056974711,-0.11666793056974711,False,False,18
cooldown_first_signal,logit_dynamic_compact,logit,dynamic_compact,0.65,reference_baseline,30,20260701_191745,1286,1782915600196,50,up,down,0.3485004873432791,3.617308738967928,-3.617308738967928,False,False,19
cooldown_first_signal,logit_dynamic_compact,logit,dynamic_compact,0.65,reference_baseline,30,20260701_191745,1347,1782915606418,50,up,up,0.6604993609073395,2.6323747102097173,2.6323747102097173,True,True,20
cooldown_first_signal,logit_dynamic_compact,logit,dynamic_compact,0.65,reference_baseline,30,20260701_191745,1510,1782915623048,50,down,down,0.333991403706606,-2.098253204206868,2.098253204206868,True,True,21
cooldown_first_signal,logit_dynamic_compact,logit,dynamic_compact,0.65,reference_baseline,30,20260701_191745,1613,1782915633566,50,up,up,0.7047970190337309,3.280864482808621,3.280864482808621,True,True,22
cooldown_first_signal,logit_dynamic_compact,logit,dynamic_compact,0.65,reference_baseline,30,20260701_191745,1669,1782915639280,50,down,up,0.6506633254124787,-1.6982748358118638,-1.6982748358118638,False,False,23
cooldown_first_signal,logit_dynamic_compact,logit,dynamic_compact,0.65,reference_baseline,30,20260701_191745,1767,1782915649276,50,down,down,0.32712762066479023,-1.0659515908084671,1.0659515908084671,True,True,24
cooldown_first_signal,logit_dynamic_compact,logit,dynamic_compact,0.65,reference_baseline,30,20260701_191745,1827,1782915655396,50,down,down,0.30078652964889324,-4.26447401627672,4.26447401627672,True,True,25
cooldown_first_signal,logit_dynamic_compact,logit,dynamic_compact,0.65,reference_baseline,30,20260701_191745,1970,1782915669984,50,up,down,0.3366589579790111,0.7667759322371737,-0.7667759322371737,False,False,26
cooldown_first_signal,logit_dynamic_compact,logit,dynamic_compact,0.65,reference_baseline,30,20260701_191745,2043,1782915677432,50,down,down,0.3410612874711437,-2.550435699432141,2.550435699432141,True,True,27
cooldown_first_signal,logit_dynamic_compact,logit,dynamic_compact,0.65,reference_baseline,30,20260701_191745,2160,1782915689366,50,up,up,0.6652370413788516,0.4501631841535847,0.4501631841535847,True,True,28
cooldown_first_signal,logit_dynamic_compact,logit,dynamic_compact,0.65,reference_baseline,30,20260701_191745,2212,1782915694669,50,up,up,0.9751157230736716,2.800035000438683,2.800035000438683,True,True,29
cooldown_first_signal,logit_dynamic_compact,logit,dynamic_compact,0.65,reference_baseline,30,20260701_191745,2275,1782915701097,50,down,up,0.711523331622884,-2.890717547737731,-2.890717547737731,False,False,30
cooldown_first_signal,logit_dynamic_compact,logit,dynamic_compact,0.65,reference_baseline,30,20260701_191745,2375,1782915711297,50,down,up,0.6528710699894239,-0.8330563420999582,-0.8330563420999582,False,False,31
cooldown_first_signal,logit_dynamic_compact,logit,dynamic_compact,0.65,reference_baseline,30,20260701_191745,2451,1782915719063,50,down,down,0.3196486599977876,-5.665793190215984,5.665793190215984,True,True,32
cooldown_first_signal,logit_dynamic_compact,logit,dynamic_compact,0.65,reference_baseline,30,20260701_191745,2511,1782915725185,50,up,up,0.6573306297893027,2.550741840752213,2.550741840752213,True,True,33
cooldown_first_signal,logit_dynamic_compact,logit,dynamic_compact,0.65,reference_baseline,30,20260701_191745,2592,1782915733447,50,up,down,0.34261049353680595,2.3670631497441086,-2.3670631497441086,False,False,34
cooldown_first_signal,logit_dynamic_compact,logit,dynamic_compact,0.65,reference_baseline,30,20260701_191745,2710,1782915745485,50,down,down,0.3221046145614632,-5.25025813769231,5.25025813769231,True,True,35
cooldown_first_signal,logit_dynamic_compact,logit,dynamic_compact,0.65,reference_baseline,30,20260701_191745,2785,1782915753135,50,up,up,0.6588414601044985,3.8856355724115055,3.8856355724115055,True,True,36
cooldown_first_signal,logit_dynamic_compact,logit,dynamic_compact,0.65,reference_baseline,30,20260701_192258,19,1782915783123,50,up,up,0.6704907521993387,2.4681043374430445,2.4681043374430445,True,True,1
cooldown_first_signal,logit_dynamic_compact,logit,dynamic_compact,0.65,reference_baseline,30,20260701_192258,114,1782915792815,50,up,down,0.2787056942285978,2.601563105832927,-2.601563105832927,False,False,2
cooldown_first_signal,logit_dynamic_compact,logit,dynamic_compact,0.65,reference_baseline,30,20260701_192258,180,1782915799547,50,down,up,0.6596506855087949,-3.293294102836297,-3.293294102836297,False,False,3
cooldown_first_signal,logit_dynamic_compact,logit,dynamic_compact,0.65,reference_baseline,30,20260701_192258,281,1782915809849,50,down,down,0.2743355440496257,-2.434958668243725,2.434958668243725,True,True,4
cooldown_first_signal,logit_dynamic_compact,logit,dynamic_compact,0.65,reference_baseline,30,20260701_192258,363,1782915818213,50,up,down,0.33225736677824547,1.2012482971890392,-1.2012482971890392,False,False,5
cooldown_first_signal,logit_dynamic_compact,logit,dynamic_compact,0.65,reference_baseline,30,20260701_192258,416,1782915823619,50,down,up,0.6816354889859139,-1.6515180203136026,-1.6515180203136026,False,False,6
cooldown_first_signal,logit_dynamic_compact,logit,dynamic_compact,0.65,reference_baseline,30,20260701_192258,607,1782915843105,50,down,up,0.8711656269616195,-1.168160939201135,-1.168160939201135,False,False,7
cooldown_first_signal,logit_dynamic_compact,logit,dynamic_compact,0.65,reference_baseline,30,20260701_192258,757,1782915858405,50,up,up,0.8694621116821311,1.2516177158983233,1.2516177158983233,True,True,8
cooldown_first_signal,logit_dynamic_compact,logit,dynamic_compact,0.65,reference_baseline,30,20260701_192258,828,1782915865647,50,down,down,0.31061036193592767,-5.356816549058063,5.356816549058063,True,True,9
cooldown_first_signal,logit_dynamic_compact,logit,dynamic_compact,0.65,reference_baseline,30,20260701_192258,916,1782915874622,50,up,up,0.6783759079093902,0.9849757804469839,0.9849757804469839,True,True,10
cooldown_first_signal,logit_dynamic_compact,logit,dynamic_compact,0.65,reference_baseline,30,20260701_192258,993,1782915882476,50,down,down,0.3408685092430135,-6.627751581187447,6.627751581187447,True,True,11
cooldown_first_signal,logit_dynamic_compact,logit,dynamic_compact,0.65,reference_baseline,30,20260701_192258,1053,1782915888596,50,up,up,0.7982341983691144,0.8848885249146399,0.8848885249146399,True,True,12
cooldown_first_signal,logit_dynamic_compact,logit,dynamic_compact,0.65,reference_baseline,30,20260701_192258,1109,1782915894308,50,up,down,0.3395987643393915,0.8514965051076295,-0.8514965051076295,False,False,13
cooldown_first_signal,logit_dynamic_compact,logit,dynamic_compact,0.65,reference_baseline,30,20260701_192258,1200,1782915903590,50,up,up,0.6577638519398248,7.330600917243579,7.330600917243579,True,True,14
cooldown_first_signal,logit_dynamic_compact,logit,dynamic_compact,0.65,reference_baseline,30,20260701_192258,1252,1782915908894,50,down,up,0.6657192989598468,-0.15017558028240785,-0.15017558028240785,False,False,15
cooldown_first_signal,logit_dynamic_compact,logit,dynamic_compact,0.65,reference_baseline,30,20260701_192258,1305,1782915914300,50,up,up,0.6564795797922749,0.30035065939459926,0.30035065939459926,True,True,16
cooldown_first_signal,logit_dynamic_compact,logit,dynamic_compact,0.65,reference_baseline,30,20260701_192258,1360,1782915919910,50,up,up,0.675768586771062,1.2179343333174053,1.2179343333174053,True,True,17
cooldown_first_signal,logit_dynamic_compact,logit,dynamic_compact,0.65,reference_baseline,30,20260701_192258,1423,1782915926336,50,down,down,0.3303615842029636,-1.6016136257290814,1.6016136257290814,True,True,18
cooldown_first_signal,logit_dynamic_compact,logit,dynamic_compact,0.65,reference_baseline,30,20260701_192258,1530,1782915937256,50,down,down,0.3101035132629289,-5.222982122549125,5.222982122549125,True,True,19
cooldown_first_signal,logit_dynamic_compact,logit,dynamic_compact,0.65,reference_baseline,30,20260701_192258,1582,1782915942560,50,up,down,0.3484927221277728,1.8699031573810032,-1.8699031573810032,False,False,20
cooldown_first_signal,logit_dynamic_compact,logit,dynamic_compact,0.65,reference_baseline,30,20260701_192258,1644,1782915948884,50,up,down,0.34798064624677594,1.2020023355563403,-1.2020023355563403,False,False,21
cooldown_first_signal,logit_dynamic_compact,logit,dynamic_compact,0.65,reference_baseline,30,20260701_192258,1702,1782915954800,50,down,down,0.29216692795277494,-1.6026269727120734,1.6026269727120734,True,True,22
cooldown_first_signal,logit_dynamic_compact,logit,dynamic_compact,0.65,reference_baseline,30,20260701_192258,1774,1782915962146,50,down,down,0.3381356269948484,-2.2374819978709937,2.2374819978709937,True,True,23
cooldown_first_signal,logit_dynamic_compact,logit,dynamic_compact,0.65,reference_baseline,30,20260701_192258,1858,1782915970714,50,up,down,0.2959699396096383,1.1526308799836293,-1.1526308799836293,False,False,24
cooldown_first_signal,logit_dynamic_compact,logit,dynamic_compact,0.65,reference_baseline,30,20260701_192258,1922,1782915977244,50,up,up,0.685148586192258,2.7891324044571064,2.7891324044571064,True,True,25
cooldown_first_signal,logit_dynamic_compact,logit,dynamic_compact,0.65,reference_baseline,30,20260701_192258,2012,1782915986426,50,down,up,0.6533657756584728,-4.056128133588244,-4.056128133588244,False,False,26
cooldown_first_signal,logit_dynamic_compact,logit,dynamic_compact,0.65,reference_baseline,30,20260701_192258,2180,1782916003562,50,down,down,0.28611724862645754,-0.7013823076307268,0.7013823076307268,True,True,27
cooldown_first_signal,logit_dynamic_compact,logit,dynamic_compact,0.65,reference_baseline,30,20260701_192258,2343,1782916020188,50,down,down,0.33369295769922797,-0.11689451355656466,0.11689451355656466,True,True,28
cooldown_first_signal,logit_dynamic_compact,logit,dynamic_compact,0.65,reference_baseline,30,20260701_192258,2400,1782916026002,50,down,down,0.3168868843372281,-0.7682601662961641,0.7682601662961641,True,True,29
cooldown_first_signal,logit_dynamic_compact,logit,dynamic_compact,0.65,reference_baseline,30,20260701_192258,2464,1782916032530,50,up,down,0.30588165612505586,1.2195682227300608,-1.2195682227300608,False,False,30
cooldown_first_signal,logit_dynamic_compact,logit,dynamic_compact,0.65,reference_baseline,30,20260701_192258,2519,1782916038140,50,down,up,0.6708516953409888,-2.037920352392364,-2.037920352392364,False,False,31
cooldown_first_signal,logit_dynamic_compact,logit,dynamic_compact,0.65,reference_baseline,30,20260701_192258,2608,1782916047218,50,down,down,0.343918007456578,-1.1363626868632348,1.1363626868632348,True,True,32
cooldown_first_signal,logit_dynamic_compact,logit,dynamic_compact,0.65,reference_baseline,30,20260701_192258,2671,1782916053644,50,up,down,0.28696681352518927,0.18387499843175448,-0.18387499843175448,False,False,33
cooldown_first_signal,logit_dynamic_compact,logit,dynamic_compact,0.65,reference_baseline,30,20260701_192258,2751,1782916061804,50,down,up,0.6650491486456396,-5.382549673661474,-5.382549673661474,False,False,34
cooldown_first_signal,logit_dynamic_compact,logit,dynamic_compact,0.65,reference_baseline,30,20260701_192258,2827,1782916069556,50,down,up,0.6575413580370693,-0.016722477936825797,-0.016722477936825797,False,False,35
cooldown_first_signal,logit_dynamic_compact,logit,dynamic_compact,0.65,reference_baseline,30,20260701_192811,18,1782916096382,50,down,down,0.3453242635212036,-1.48864905098689,1.48864905098689,True,True,1
cooldown_first_signal,logit_dynamic_compact,logit,dynamic_compact,0.65,reference_baseline,30,20260701_192811,152,1782916110050,50,down,up,0.6695792554468042,-1.7225246860352872,-1.7225246860352872,False,False,2
cooldown_first_signal,logit_dynamic_compact,logit,dynamic_compact,0.65,reference_baseline,30,20260701_192811,205,1782916115458,50,up,up,0.6583606210859151,4.348869670229849,4.348869670229849,True,True,3
cooldown_first_signal,logit_dynamic_compact,logit,dynamic_compact,0.65,reference_baseline,30,20260701_192811,301,1782916125250,50,up,up,0.6596464835257365,3.362230112031739,3.362230112031739,True,True,4
cooldown_first_signal,logit_dynamic_compact,logit,dynamic_compact,0.65,reference_baseline,30,20260701_192811,376,1782916132900,50,down,down,0.3017892868686416,-1.43844340352417,1.43844340352417,True,True,5
cooldown_first_signal,logit_dynamic_compact,logit,dynamic_compact,0.65,reference_baseline,30,20260701_192811,494,1782916144938,50,down,down,0.29658131597091236,-0.5182997427721769,0.5182997427721769,True,True,6
cooldown_first_signal,logit_dynamic_compact,logit,dynamic_compact,0.65,reference_baseline,30,20260701_192811,569,1782916152588,50,down,down,0.18761169955226564,-0.6438342419479159,0.6438342419479159,True,True,7
cooldown_first_signal,logit_dynamic_compact,logit,dynamic_compact,0.65,reference_baseline,30,20260701_192811,677,1782916163604,50,down,down,0.28227146557780325,-0.886627894819414,0.886627894819414,True,True,8
cooldown_first_signal,logit_dynamic_compact,logit,dynamic_compact,0.65,reference_baseline,30,20260701_192811,732,1782916169214,50,down,up,0.668499866338616,-0.8867065126927365,-0.8867065126927365,False,False,9
cooldown_first_signal,logit_dynamic_compact,logit,dynamic_compact,0.65,reference_baseline,30,20260701_192811,788,1782916174926,50,down,down,0.28443112321933955,-0.3764839743325421,0.3764839743325421,True,True,10
cooldown_first_signal,logit_dynamic_compact,logit,dynamic_compact,0.65,reference_baseline,30,20260701_192811,1026,1782916199203,50,down,down,0.32607155930925646,-3.5473483153014573,3.5473483153014573,True,True,11
cooldown_first_signal,logit_dynamic_compact,logit,dynamic_compact,0.65,reference_baseline,30,20260701_192811,1094,1782916206139,50,down,up,0.6519353478124446,-0.26775262669476163,-0.26775262669476163,False,False,12
cooldown_first_signal,logit_dynamic_compact,logit,dynamic_compact,0.65,reference_baseline,30,20260701_192811,1171,1782916213993,50,up,up,0.8965217798533668,4.275678335112776,4.275678335112776,True,True,13
cooldown_first_signal,logit_dynamic_compact,logit,dynamic_compact,0.65,reference_baseline,30,20260701_192811,1227,1782916219705,50,down,up,0.6521262680667383,-4.332092526136977,-4.332092526136977,False,False,14
cooldown_first_signal,logit_dynamic_compact,logit,dynamic_compact,0.65,reference_baseline,30,20260701_192811,1283,1782916225419,50,down,down,0.3329249040346955,-0.4518484366466957,0.4518484366466957,True,True,15
cooldown_first_signal,logit_dynamic_compact,logit,dynamic_compact,0.65,reference_baseline,30,20260701_192811,1367,1782916233987,50,up,down,0.3493353657382334,0.6360253104586988,-0.6360253104586988,False,False,16
cooldown_first_signal,logit_dynamic_compact,logit,dynamic_compact,0.65,reference_baseline,30,20260701_192811,1424,1782916239811,50,down,down,0.3121794586242256,-5.8922143259476645,5.8922143259476645,True,True,17
cooldown_first_signal,logit_dynamic_compact,logit,dynamic_compact,0.65,reference_baseline,30,20260701_192811,1490,1782916246543,50,down,up,0.6508148004451131,-3.9525923395078433,-3.9525923395078433,False,False,18
cooldown_first_signal,logit_dynamic_compact,logit,dynamic_compact,0.65,reference_baseline,30,20260701_192811,1542,1782916251847,50,down,down,0.3062932988290637,-0.619929043256251,0.619929043256251,True,True,19
cooldown_first_signal,logit_dynamic_compact,logit,dynamic_compact,0.65,reference_baseline,30,20260701_192811,1608,1782916258579,50,up,up,0.652547153568689,4.792221186140644,4.792221186140644,True,True,20
cooldown_first_signal,logit_dynamic_compact,logit,dynamic_compact,0.65,reference_baseline,30,20260701_192811,1698,1782916267759,50,down,down,0.31226407852940924,-1.155445034726199,1.155445034726199,True,True,21
cooldown_first_signal,logit_dynamic_compact,logit,dynamic_compact,0.65,reference_baseline,30,20260701_192811,1765,1782916274593,50,up,down,0.32927238688614474,1.0050562705887778,-1.0050562705887778,False,False,22
cooldown_first_signal,logit_dynamic_compact,logit,dynamic_compact,0.65,reference_baseline,30,20260701_192811,1844,1782916282651,50,down,down,0.3406821174073462,-0.9044400469293556,0.9044400469293556,True,True,23
cooldown_first_signal,logit_dynamic_compact,logit,dynamic_compact,0.65,reference_baseline,30,20260701_192811,1908,1782916289181,50,up,down,0.3466870725787881,0.23452648683530697,-0.23452648683530697,False,False,24
cooldown_first_signal,logit_dynamic_compact,logit,dynamic_compact,0.65,reference_baseline,30,20260701_192811,1992,1782916297749,50,down,down,0.3421252324506925,-1.7593494763423756,1.7593494763423756,True,True,25
cooldown_first_signal,logit_dynamic_compact,logit,dynamic_compact,0.65,reference_baseline,30,20260701_192811,2061,1782916304787,50,up,up,0.7056496839948223,3.7954129962303185,3.7954129962303185,True,True,26
cooldown_first_signal,logit_dynamic_compact,logit,dynamic_compact,0.65,reference_baseline,30,20260701_192811,2159,1782916314783,50,up,down,0.3434284940529,2.379075528107233,-2.379075528107233,False,False,27
cooldown_first_signal,logit_dynamic_compact,logit,dynamic_compact,0.65,reference_baseline,30,20260701_192811,2236,1782916322637,50,down,up,0.6631041565464452,-0.9881762202923472,-0.9881762202923472,False,False,28
cooldown_first_signal,logit_dynamic_compact,logit,dynamic_compact,0.65,reference_baseline,30,20260701_192811,2322,1782916331409,50,up,down,0.30434904890969655,0.1340499419821839,-0.1340499419821839,False,False,29
cooldown_first_signal,logit_dynamic_compact,logit,dynamic_compact,0.65,reference_baseline,30,20260701_192811,2428,1782916342223,50,up,down,0.15268889202027122,1.273818093747714,-1.273818093747714,False,False,30
cooldown_first_signal,logit_dynamic_compact,logit,dynamic_compact,0.65,reference_baseline,30,20260701_192811,2487,1782916348241,50,up,up,0.6502959766224189,0.3686490770804518,0.3686490770804518,True,True,31
cooldown_first_signal,logit_dynamic_compact,logit,dynamic_compact,0.65,reference_baseline,30,20260701_192811,2740,1782916374049,50,up,down,0.34300431974943174,1.943470149723403,-1.943470149723403,False,False,32
cooldown_first_signal,logit_dynamic_compact,logit,dynamic_compact,0.65,reference_baseline,30,20260701_192811,2836,1782916383841,50,down,down,0.3428844783155783,-4.003883264187547,4.003883264187547,True,True,33
cooldown_first_signal,logit_dynamic_compact,logit,dynamic_compact,0.65,reference_baseline,30,20260701_193325,34,1782916412201,50,down,down,0.3493756464332844,-0.9389710721452449,0.9389710721452449,True,True,1
cooldown_first_signal,logit_dynamic_compact,logit,dynamic_compact,0.65,reference_baseline,30,20260701_193325,142,1782916423218,50,down,up,0.6559801071743281,-4.478697252646713,-4.478697252646713,False,False,2
cooldown_first_signal,logit_dynamic_compact,logit,dynamic_compact,0.65,reference_baseline,30,20260701_193325,195,1782916428624,50,down,down,0.2705733004717155,-2.8361962412848385,2.8361962412848385,True,True,3
cooldown_first_signal,logit_dynamic_compact,logit,dynamic_compact,0.65,reference_baseline,30,20260701_193325,273,1782916436582,50,down,down,0.3371023191609168,-0.9065216679660093,0.9065216679660093,True,True,4
cooldown_first_signal,logit_dynamic_compact,logit,dynamic_compact,0.65,reference_baseline,30,20260701_193325,388,1782916448312,50,down,down,0.3344335254243001,-7.102541047399047,7.102541047399047,True,True,5
cooldown_first_signal,logit_dynamic_compact,logit,dynamic_compact,0.65,reference_baseline,30,20260701_193325,439,1782916453514,50,up,up,0.9687023759443537,7.939761991981875,7.939761991981875,True,True,6
cooldown_first_signal,logit_dynamic_compact,logit,dynamic_compact,0.65,reference_baseline,30,20260701_193325,495,1782916459226,50,up,up,0.6536077767435582,3.609935550057397,3.609935550057397,True,True,7
cooldown_first_signal,logit_dynamic_compact,logit,dynamic_compact,0.65,reference_baseline,30,20260701_193325,548,1782916464632,50,up,up,0.6723916324744351,2.5007405716626074,2.5007405716626074,True,True,8
cooldown_first_signal,logit_dynamic_compact,logit,dynamic_compact,0.65,reference_baseline,30,20260701_193325,610,1782916470956,50,up,down,0.3111167755163597,0.9061535376475582,-0.9061535376475582,False,False,9
cooldown_first_signal,logit_dynamic_compact,logit,dynamic_compact,0.65,reference_baseline,30,20260701_193325,683,1782916478402,50,down,down,0.3460049908399443,-0.973238459363035,0.973238459363035,True,True,10
cooldown_first_signal,logit_dynamic_compact,logit,dynamic_compact,0.65,reference_baseline,30,20260701_193325,760,1782916486258,50,up,up,0.6932638131558638,8.139092902290646,8.139092902290646,True,True,11
cooldown_first_signal,logit_dynamic_compact,logit,dynamic_compact,0.65,reference_baseline,30,20260701_193325,812,1782916491562,50,down,up,0.6581176742844458,-1.4251283663413439,-1.4251283663413439,False,False,12
cooldown_first_signal,logit_dynamic_compact,logit,dynamic_compact,0.65,reference_baseline,30,20260701_193325,866,1782916497070,50,up,down,0.2667287303388306,4.309603960810371,-4.309603960810371,False,False,13
cooldown_first_signal,logit_dynamic_compact,logit,dynamic_compact,0.65,reference_baseline,30,20260701_193325,922,1782916502782,50,up,up,0.6516511203986084,2.195630694918904,2.195630694918904,True,True,14
cooldown_first_signal,logit_dynamic_compact,logit,dynamic_compact,0.65,reference_baseline,30,20260701_193325,1003,1782916511046,50,down,up,0.6569071002704544,-0.90472037857392,-0.90472037857392,False,False,15
cooldown_first_signal,logit_dynamic_compact,logit,dynamic_compact,0.65,reference_baseline,30,20260701_193325,1088,1782916519716,50,down,up,0.6879347418136221,-9.999505887061666,-9.999505887061666,False,False,16
cooldown_first_signal,logit_dynamic_compact,logit,dynamic_compact,0.65,reference_baseline,30,20260701_193325,1158,1782916526856,50,down,up,0.6781360154817355,-5.5481105833976585,-5.5481105833976585,False,False,17
cooldown_first_signal,logit_dynamic_compact,logit,dynamic_compact,0.65,reference_baseline,30,20260701_193325,1216,1782916532772,50,down,up,0.8431406602000009,-2.4491487111366617,-2.4491487111366617,False,False,18
cooldown_first_signal,logit_dynamic_compact,logit,dynamic_compact,0.65,reference_baseline,30,20260701_193325,1321,1782916543482,50,down,down,0.3336369906564127,-0.9900533202444883,0.9900533202444883,True,True,19
cooldown_first_signal,logit_dynamic_compact,logit,dynamic_compact,0.65,reference_baseline,30,20260701_193325,1437,1782916555314,50,down,down,0.32439729894213254,-2.2160050968123013,2.2160050968123013,True,True,20
cooldown_first_signal,logit_dynamic_compact,logit,dynamic_compact,0.65,reference_baseline,30,20260701_193325,1507,1782916562454,50,up,down,0.30214115532777014,2.5944105146669116,-2.5944105146669116,False,False,21
cooldown_first_signal,logit_dynamic_compact,logit,dynamic_compact,0.65,reference_baseline,30,20260701_193325,1580,1782916569900,50,up,up,0.6517030702202444,0.4702077226581558,0.4702077226581558,True,True,22
cooldown_first_signal,logit_dynamic_compact,logit,dynamic_compact,0.65,reference_baseline,30,20260701_193325,1656,1782916577652,50,up,up,0.6933833881723668,0.6716542592544172,0.6716542592544172,True,True,23
cooldown_first_signal,logit_dynamic_compact,logit,dynamic_compact,0.65,reference_baseline,30,20260701_193325,1724,1782916584588,50,down,down,0.3314704411545921,-0.083950298065405,0.083950298065405,True,True,24
cooldown_first_signal,logit_dynamic_compact,logit,dynamic_compact,0.65,reference_baseline,30,20260701_193325,1775,1782916589790,50,down,up,0.6543111804973932,-0.016790200568772562,-0.016790200568772562,False,False,25
cooldown_first_signal,logit_dynamic_compact,logit,dynamic_compact,0.65,reference_baseline,30,20260701_193325,1826,1782916594992,50,up,up,0.6541145142828595,2.7365499827491924,2.7365499827491924,True,True,26
cooldown_first_signal,logit_dynamic_compact,logit,dynamic_compact,0.65,reference_baseline,30,20260701_193325,2044,1782916617228,50,up,up,0.6635045497145432,7.66940018410045,7.66940018410045,True,True,27
cooldown_first_signal,logit_dynamic_compact,logit,dynamic_compact,0.65,reference_baseline,30,20260701_193325,2095,1782916622430,50,down,up,0.6982075024252824,-1.056344227372552,-1.056344227372552,False,False,28
cooldown_first_signal,logit_dynamic_compact,logit,dynamic_compact,0.65,reference_baseline,30,20260701_193325,2160,1782916629060,50,down,up,0.6686456590120526,-4.258947352536735,-4.258947352536735,False,False,29
cooldown_first_signal,logit_dynamic_compact,logit,dynamic_compact,0.65,reference_baseline,30,20260701_193325,2306,1782916643952,50,down,down,0.3484143608670928,-2.2984089809063857,2.2984089809063857,True,True,30
cooldown_first_signal,logit_dynamic_compact,logit,dynamic_compact,0.65,reference_baseline,30,20260701_193325,2389,1782916652418,50,down,down,0.3289843110849471,-1.6447768683958142,1.6447768683958142,True,True,31
cooldown_first_signal,logit_dynamic_compact,logit,dynamic_compact,0.65,reference_baseline,30,20260701_193325,2694,1782916683530,50,down,up,0.6505996120772457,-0.5033924455899452,-0.5033924455899452,False,False,32
cooldown_first_signal,logit_dynamic_compact,logit,dynamic_compact,0.65,reference_baseline,30,20260701_193325,2750,1782916689242,50,down,up,0.6593405737408264,-1.6277147807408632,-1.6277147807408632,False,False,33
cooldown_first_signal,logit_dynamic_compact,logit,dynamic_compact,0.65,reference_baseline,30,20260701_193325,2834,1782916697810,50,up,down,0.3354277513491355,6.328673001494423,-6.328673001494423,False,False,34
cooldown_first_signal,logit_dynamic_compact,logit,dynamic_compact,0.65,reference_baseline,30,20260701_193836,30,1782916722700,50,up,up,0.6592992894242532,0.08379497381083567,0.08379497381083567,True,True,1
cooldown_first_signal,logit_dynamic_compact,logit,dynamic_compact,0.65,reference_baseline,30,20260701_193836,101,1782916729946,50,down,down,0.3367890550541888,-0.6202657587317528,0.6202657587317528,True,True,2
cooldown_first_signal,logit_dynamic_compact,logit,dynamic_compact,0.65,reference_baseline,30,20260701_193836,231,1782916743206,50,up,down,0.27464423858931025,3.571988566282158,-3.571988566282158,False,False,3
cooldown_first_signal,logit_dynamic_compact,logit,dynamic_compact,0.65,reference_baseline,30,20260701_193836,307,1782916750958,50,up,up,0.6770981481724008,0.31847747651969627,0.31847747651969627,True,True,4
cooldown_first_signal,logit_dynamic_compact,logit,dynamic_compact,0.65,reference_baseline,30,20260701_193836,381,1782916758506,50,up,up,0.6502035678855721,3.3513945571672643,3.3513945571672643,True,True,5
cooldown_first_signal,logit_dynamic_compact,logit,dynamic_compact,0.65,reference_baseline,30,20260701_193836,444,1782916764932,50,up,down,0.3322788330039506,2.882518114195598,-2.882518114195598,False,False,6
cooldown_first_signal,logit_dynamic_compact,logit,dynamic_compact,0.65,reference_baseline,30,20260701_193836,518,1782916772480,50,up,down,0.34799820507503126,0.11727601328503923,-0.11727601328503923,False,False,7
cooldown_first_signal,logit_dynamic_compact,logit,dynamic_compact,0.65,reference_baseline,30,20260701_193836,607,1782916781560,50,down,up,0.6642619894752997,-1.70868725076323,-1.70868725076323,False,False,8
cooldown_first_signal,logit_dynamic_compact,logit,dynamic_compact,0.65,reference_baseline,30,20260701_193836,658,1782916786762,50,up,down,0.3335868055541016,2.7477705779110906,-2.7477705779110906,False,False,9
cooldown_first_signal,logit_dynamic_compact,logit,dynamic_compact,0.65,reference_baseline,30,20260701_193836,728,1782916793902,50,down,up,0.6711450600344377,-1.1723084008452567,-1.1723084008452567,False,False,10
cooldown_first_signal,logit_dynamic_compact,logit,dynamic_compact,0.65,reference_baseline,30,20260701_193836,823,1782916803594,50,down,up,0.6776281562028945,-3.867710892796472,-3.867710892796472,False,False,11
cooldown_first_signal,logit_dynamic_compact,logit,dynamic_compact,0.65,reference_baseline,30,20260701_193836,921,1782916813590,50,down,down,0.3305956408698796,-3.4675312601295527,3.4675312601295527,True,True,12
cooldown_first_signal,logit_dynamic_compact,logit,dynamic_compact,0.65,reference_baseline,30,20260701_193836,976,1782916819200,50,down,down,0.3351035104350872,-3.100460795510962,3.100460795510962,True,True,13
cooldown_first_signal,logit_dynamic_compact,logit,dynamic_compact,0.65,reference_baseline,30,20260701_193836,1136,1782916835524,50,up,down,0.33878401762742555,0.23479552244909385,-0.23479552244909385,False,False,14
cooldown_first_signal,logit_dynamic_compact,logit,dynamic_compact,0.65,reference_baseline,30,20260701_193836,1201,1782916842154,50,up,down,0.32698862077531,3.539101621696794,-3.539101621696794,False,False,15
cooldown_first_signal,logit_dynamic_compact,logit,dynamic_compact,0.65,reference_baseline,30,20260701_193836,1478,1782916870410,50,up,down,0.33066924473587134,2.8347167254150207,-2.8347167254150207,False,False,16
cooldown_first_signal,logit_dynamic_compact,logit,dynamic_compact,0.65,reference_baseline,30,20260701_193836,1531,1782916875818,50,down,up,0.6879660955291026,-1.4924159279350313,-1.4924159279350313,False,False,17
cooldown_first_signal,logit_dynamic_compact,logit,dynamic_compact,0.65,reference_baseline,30,20260701_193836,1608,1782916883672,50,down,down,0.3431586888926735,-1.3083483527820405,1.3083483527820405,True,True,18
cooldown_first_signal,logit_dynamic_compact,logit,dynamic_compact,0.65,reference_baseline,30,20260701_193836,1711,1782916894178,50,up,down,0.3173649550602781,0.9729413274439658,-0.9729413274439658,False,False,19
cooldown_first_signal,logit_dynamic_compact,logit,dynamic_compact,0.65,reference_baseline,30,20260701_193836,1763,1782916899484,50,up,up,0.8091874294303122,1.3666883548091313,1.3666883548091313,True,True,20
cooldown_first_signal,logit_dynamic_compact,logit,dynamic_compact,0.65,reference_baseline,30,20260701_193836,1824,1782916905706,50,down,down,0.3474263195488871,-2.4315253125972713,2.4315253125972713,True,True,21
cooldown_first_signal,logit_dynamic_compact,logit,dynamic_compact,0.65,reference_baseline,30,20260701_193836,1981,1782916921722,50,up,up,0.7163844823986071,1.9708746657909337,1.9708746657909337,True,True,22
cooldown_first_signal,logit_dynamic_compact,logit,dynamic_compact,0.65,reference_baseline,30,20260701_193836,2039,1782916927642,50,up,up,0.8074164057515887,5.541824425612241,5.541824425612241,True,True,23
cooldown_first_signal,logit_dynamic_compact,logit,dynamic_compact,0.65,reference_baseline,30,20260701_193836,2091,1782916932946,50,down,up,0.8790042776514542,-1.994133226532746,-1.994133226532746,False,False,24
cooldown_first_signal,logit_dynamic_compact,logit,dynamic_compact,0.65,reference_baseline,30,20260701_193836,2168,1782916940802,50,down,down,0.33313866242835316,-1.3241270189789933,1.3241270189789933,True,True,25
cooldown_first_signal,logit_dynamic_compact,logit,dynamic_compact,0.65,reference_baseline,30,20260701_193836,2219,1782916946008,50,up,up,0.6500310532055774,1.156651711216039,1.156651711216039,True,True,26
cooldown_first_signal,logit_dynamic_compact,logit,dynamic_compact,0.65,reference_baseline,30,20260701_193836,2339,1782916958248,50,down,down,0.3261084021283744,-4.677429224544394,4.677429224544394,True,True,27
cooldown_first_signal,logit_dynamic_compact,logit,dynamic_compact,0.65,reference_baseline,30,20260701_193836,2495,1782916974160,50,up,up,0.6574173606606342,1.996264134263015,1.996264134263015,True,True,28
cooldown_first_signal,logit_dynamic_compact,logit,dynamic_compact,0.65,reference_baseline,30,20260701_193836,2556,1782916980382,50,down,up,0.6510581921516864,-0.3018202274895909,-0.3018202274895909,False,False,29
cooldown_first_signal,logit_dynamic_compact,logit,dynamic_compact,0.65,reference_baseline,30,20260701_193836,2646,1782916989562,50,up,up,0.6591016190048619,1.1904193042422406,1.1904193042422406,True,True,30
cooldown_first_signal,logit_dynamic_compact,logit,dynamic_compact,0.65,reference_baseline,30,20260701_193836,2847,1782917010066,50,up,up,0.6593767475029063,0.5028338879875527,0.5028338879875527,True,True,31
cooldown_first_signal,logit_dynamic_compact,logit,dynamic_compact,0.65,reference_baseline,30,20260701_194351,178,1782917053014,50,down,up,0.685717566119126,-2.396729051457047,-2.396729051457047,False,False,1
cooldown_first_signal,logit_dynamic_compact,logit,dynamic_compact,0.65,reference_baseline,30,20260701_194351,254,1782917060768,50,down,down,0.3186209383537629,-5.030126264552459,5.030126264552459,True,True,2
cooldown_first_signal,logit_dynamic_compact,logit,dynamic_compact,0.65,reference_baseline,30,20260701_194351,313,1782917066786,50,down,down,0.33045576871717974,-0.4865351400007434,0.4865351400007434,True,True,3
cooldown_first_signal,logit_dynamic_compact,logit,dynamic_compact,0.65,reference_baseline,30,20260701_194351,366,1782917072192,50,down,down,0.16602867080328168,-0.23492317592577194,0.23492317592577194,True,True,4
cooldown_first_signal,logit_dynamic_compact,logit,dynamic_compact,0.65,reference_baseline,30,20260701_194351,466,1782917082392,50,down,down,0.32592884831783114,-0.050356650981298046,0.050356650981298046,True,True,5
cooldown_first_signal,logit_dynamic_compact,logit,dynamic_compact,0.65,reference_baseline,30,20260701_194351,546,1782917090554,50,up,up,0.6694814511029281,0.5707096690810154,0.5707096690810154,True,True,6
cooldown_first_signal,logit_dynamic_compact,logit,dynamic_compact,0.65,reference_baseline,30,20260701_194351,651,1782917101264,50,down,down,0.32620335890075075,-3.7940247467782573,3.7940247467782573,True,True,7
cooldown_first_signal,logit_dynamic_compact,logit,dynamic_compact,0.65,reference_baseline,30,20260701_194351,703,1782917106568,50,up,down,0.31739373009826827,0.8900868674399653,-0.8900868674399653,False,False,8
cooldown_first_signal,logit_dynamic_compact,logit,dynamic_compact,0.65,reference_baseline,30,20260701_194351,815,1782917117992,50,down,down,0.34624065131580134,-0.8733045086861679,0.8733045086861679,True,True,9
cooldown_first_signal,logit_dynamic_compact,logit,dynamic_compact,0.65,reference_baseline,30,20260701_194351,868,1782917123398,50,down,up,0.6507849312400803,-0.7054229388414601,-0.7054229388414601,False,False,10
cooldown_first_signal,logit_dynamic_compact,logit,dynamic_compact,0.65,reference_baseline,30,20260701_194351,968,1782917133598,50,up,down,0.3375029250160218,0.05038523712697085,-0.05038523712697085,False,False,11
cooldown_first_signal,logit_dynamic_compact,logit,dynamic_compact,0.65,reference_baseline,30,20260701_194351,1037,1782917140636,50,down,up,0.6529256919957636,-4.2828674385342325,-4.2828674385342325,False,False,12
cooldown_first_signal,logit_dynamic_compact,logit,dynamic_compact,0.65,reference_baseline,30,20260701_194351,1094,1782917146450,50,down,down,0.3470005495854638,-0.6385068349623602,0.6385068349623602,True,True,13
cooldown_first_signal,logit_dynamic_compact,logit,dynamic_compact,0.65,reference_baseline,30,20260701_194351,1190,1782917156242,50,down,down,0.3230012260271533,-0.6890472577181228,0.6890472577181228,True,True,14
cooldown_first_signal,logit_dynamic_compact,logit,dynamic_compact,0.65,reference_baseline,30,20260701_194351,1247,1782917162056,50,down,up,0.7437417993834176,-0.7731787648135313,-0.7731787648135313,False,False,15
cooldown_first_signal,logit_dynamic_compact,logit,dynamic_compact,0.65,reference_baseline,30,20260701_194351,1300,1782917167462,50,down,down,0.23068860078649958,-5.294282259196148,5.294282259196148,True,True,16
cooldown_first_signal,logit_dynamic_compact,logit,dynamic_compact,0.65,reference_baseline,30,20260701_194351,1369,1782917174500,50,down,down,0.3308748332658661,-0.30271764768108333,0.30271764768108333,True,True,17
cooldown_first_signal,logit_dynamic_compact,logit,dynamic_compact,0.65,reference_baseline,30,20260701_194351,1441,1782917181852,50,down,up,0.666914958129347,-0.9585607462658796,-0.9585607462658796,False,False,18
cooldown_first_signal,logit_dynamic_compact,logit,dynamic_compact,0.65,reference_baseline,30,20260701_194351,1508,1782917188688,50,down,down,0.2911054019820637,-5.8541459717842415,5.8541459717842415,True,True,19
cooldown_first_signal,logit_dynamic_compact,logit,dynamic_compact,0.65,reference_baseline,30,20260701_194351,1586,1782917196644,50,up,up,0.6972073175939734,2.1548839687590693,2.1548839687590693,True,True,20
cooldown_first_signal,logit_dynamic_compact,logit,dynamic_compact,0.65,reference_baseline,30,20260701_194351,1637,1782917201846,50,up,up,0.7221683361786838,7.355088349421113,7.355088349421113,True,True,21
cooldown_first_signal,logit_dynamic_compact,logit,dynamic_compact,0.65,reference_baseline,30,20260701_194351,1766,1782917215004,50,down,down,0.33868035402564345,-1.68217491759437,1.68217491759437,True,True,22
cooldown_first_signal,logit_dynamic_compact,logit,dynamic_compact,0.65,reference_baseline,30,20260701_194351,1820,1782917220512,50,down,down,0.3116858214355303,-0.9756614522038465,0.9756614522038465,True,True,23
cooldown_first_signal,logit_dynamic_compact,logit,dynamic_compact,0.65,reference_baseline,30,20260701_194351,1880,1782917226634,50,up,up,0.671191736826688,5.264428191433801,5.264428191433801,True,True,24
cooldown_first_signal,logit_dynamic_compact,logit,dynamic_compact,0.65,reference_baseline,30,20260701_194351,1931,1782917231836,50,up,up,0.6608775131170381,4.470982733770779,4.470982733770779,True,True,25
cooldown_first_signal,logit_dynamic_compact,logit,dynamic_compact,0.65,reference_baseline,30,20260701_194351,2197,1782917258974,50,up,up,0.6620330640090814,0.8906208383430148,0.8906208383430148,True,True,26
cooldown_first_signal,logit_dynamic_compact,logit,dynamic_compact,0.65,reference_baseline,30,20260701_194351,2286,1782917268052,50,down,up,0.670719771749426,-0.3360076744152174,-0.3360076744152174,False,False,27
cooldown_first_signal,logit_dynamic_compact,logit,dynamic_compact,0.65,reference_baseline,30,20260701_194351,2348,1782917274384,50,down,down,0.3458805734977143,-1.6298480628751388,1.6298480628751388,True,True,28
cooldown_first_signal,logit_dynamic_compact,logit,dynamic_compact,0.65,reference_baseline,30,20260701_194351,2424,1782917282136,50,up,up,0.7214182176040563,5.71324388745964,5.71324388745964,True,True,29
cooldown_first_signal,logit_dynamic_compact,logit,dynamic_compact,0.65,reference_baseline,30,20260701_194351,2599,1782917299986,50,up,up,0.6565063845495602,2.4521474345240435,2.4521474345240435,True,True,30
cooldown_first_signal,logit_dynamic_compact,logit,dynamic_compact,0.65,reference_baseline,30,20260701_194351,2685,1782917308758,50,up,up,0.6647600957186595,2.7867054007524317,2.7867054007524317,True,True,31
cooldown_first_signal,logit_dynamic_compact,logit,dynamic_compact,0.65,reference_baseline,30,20260701_194351,2769,1782917317326,50,down,up,0.6538477533785524,-0.5703975419224516,-0.5703975419224516,False,False,32
cooldown_first_signal,logit_dynamic_compact,logit,dynamic_compact,0.65,reference_baseline,30,20260701_194351,2843,1782917324874,50,up,down,0.32340705591703023,0.5200465357768635,-0.5200465357768635,False,False,33
cooldown_first_signal,logit_dynamic_compact,logit,dynamic_compact,0.65,reference_baseline,30,20260701_194906,11,1782917350070,50,up,up,0.654987253129185,1.6261266585027023,1.6261266585027023,True,True,1
cooldown_first_signal,logit_dynamic_compact,logit,dynamic_compact,0.65,reference_baseline,30,20260701_194906,74,1782917356496,50,down,up,0.6660978626716602,-0.7709331391470009,-0.7709331391470009,False,False,2
cooldown_first_signal,logit_dynamic_compact,logit,dynamic_compact,0.65,reference_baseline,30,20260701_194906,134,1782917362616,50,down,up,0.6753479134979103,-4.373936366767195,-4.373936366767195,False,False,3
cooldown_first_signal,logit_dynamic_compact,logit,dynamic_compact,0.65,reference_baseline,30,20260701_194906,395,1782917389244,50,up,up,0.6526762235635816,0.9565355290019895,0.9565355290019895,True,True,4
cooldown_first_signal,logit_dynamic_compact,logit,dynamic_compact,0.65,reference_baseline,30,20260701_194906,500,1782917399954,50,up,up,0.6549119746473384,6.443455739415516,6.443455739415516,True,True,5
cooldown_first_signal,logit_dynamic_compact,logit,dynamic_compact,0.65,reference_baseline,30,20260701_194906,553,1782917405360,50,down,up,0.6617184833714237,-2.9681178862639435,-2.9681178862639435,False,False,6
cooldown_first_signal,logit_dynamic_compact,logit,dynamic_compact,0.65,reference_baseline,30,20260701_194906,605,1782917410664,50,down,down,0.31377337416873174,-0.5703918004507091,0.5703918004507091,True,True,7
cooldown_first_signal,logit_dynamic_compact,logit,dynamic_compact,0.65,reference_baseline,30,20260701_194906,667,1782917416988,50,down,up,0.6860753892697935,-1.4256518373712002,-1.4256518373712002,False,False,8
cooldown_first_signal,logit_dynamic_compact,logit,dynamic_compact,0.65,reference_baseline,30,20260701_194906,834,1782917434024,50,down,down,0.3455409579093161,-0.033561467408516066,0.033561467408516066,True,True,9
cooldown_first_signal,logit_dynamic_compact,logit,dynamic_compact,0.65,reference_baseline,30,20260701_194906,922,1782917443002,50,up,down,0.2452375229170911,3.5758684281872455,-3.5758684281872455,False,False,10
cooldown_first_signal,logit_dynamic_compact,logit,dynamic_compact,0.65,reference_baseline,30,20260701_194906,1064,1782917457488,50,up,up,0.9323785718019361,4.563884738419954,4.563884738419954,True,True,11
cooldown_first_signal,logit_dynamic_compact,logit,dynamic_compact,0.65,reference_baseline,30,20260701_194906,1122,1782917463404,50,up,down,0.32753173091680515,1.9289330735694499,-1.9289330735694499,False,False,12
cooldown_first_signal,logit_dynamic_compact,logit,dynamic_compact,0.65,reference_baseline,30,20260701_194906,1173,1782917468606,50,up,up,0.6833974877141169,0.5701832719973154,0.5701832719973154,True,True,13
cooldown_first_signal,logit_dynamic_compact,logit,dynamic_compact,0.65,reference_baseline,30,20260701_194906,1234,1782917474830,50,up,up,0.6602385171303871,1.6098347487880638,1.6098347487880638,True,True,14
cooldown_first_signal,logit_dynamic_compact,logit,dynamic_compact,0.65,reference_baseline,30,20260701_194906,1467,1782917498598,50,up,up,0.6582007237438152,1.5419696483398582,1.5419696483398582,True,True,15
cooldown_first_signal,logit_dynamic_compact,logit,dynamic_compact,0.65,reference_baseline,30,20260701_194906,1580,1782917510128,50,down,up,0.6527485923624334,-0.8376900195095072,-0.8376900195095072,False,False,16
cooldown_first_signal,logit_dynamic_compact,logit,dynamic_compact,0.65,reference_baseline,30,20260701_194906,1681,1782917520434,50,down,down,0.3228225823557606,-2.564607577326683,2.564607577326683,True,True,17
cooldown_first_signal,logit_dynamic_compact,logit,dynamic_compact,0.65,reference_baseline,30,20260701_194906,1762,1782917528698,50,up,up,0.6645117556468605,1.0729802613540507,1.0729802613540507,True,True,18
cooldown_first_signal,logit_dynamic_compact,logit,dynamic_compact,0.65,reference_baseline,30,20260701_194906,1819,1782917534512,50,up,down,0.3324562159135654,2.682162862606141,-2.682162862606141,False,False,19
cooldown_first_signal,logit_dynamic_compact,logit,dynamic_compact,0.65,reference_baseline,30,20260701_194906,1896,1782917542366,50,down,down,0.3315398115855067,-1.1059620571240991,1.1059620571240991,True,True,20
cooldown_first_signal,logit_dynamic_compact,logit,dynamic_compact,0.65,reference_baseline,30,20260701_194906,1960,1782917548894,50,up,up,0.6508473442709536,0.31833820753890407,0.31833820753890407,True,True,21
cooldown_first_signal,logit_dynamic_compact,logit,dynamic_compact,0.65,reference_baseline,30,20260701_194906,2011,1782917554096,50,down,down,0.24888244276728363,-1.5916403696958348,1.5916403696958348,True,True,22
cooldown_first_signal,logit_dynamic_compact,logit,dynamic_compact,0.65,reference_baseline,30,20260701_194906,2070,1782917560114,50,up,down,0.33099006933212954,1.5415330043055953,-1.5415330043055953,False,False,23
cooldown_first_signal,logit_dynamic_compact,logit,dynamic_compact,0.65,reference_baseline,30,20260701_194906,2144,1782917567664,50,down,down,0.2888011857308354,-1.0555071083373502,1.0555071083373502,True,True,24
cooldown_first_signal,logit_dynamic_compact,logit,dynamic_compact,0.65,reference_baseline,30,20260701_194906,2248,1782917578272,50,up,up,0.6805908686071369,3.9375059167312543,3.9375059167312543,True,True,25
cooldown_first_signal,logit_dynamic_compact,logit,dynamic_compact,0.65,reference_baseline,30,20260701_194906,2317,1782917585310,50,down,up,0.7080922881725829,-2.310456742138367,-2.310456742138367,False,False,26
cooldown_first_signal,logit_dynamic_compact,logit,dynamic_compact,0.65,reference_baseline,30,20260701_194906,2384,1782917592144,50,down,down,0.2817846534534486,-0.08374374748210123,0.08374374748210123,True,True,27
cooldown_first_signal,logit_dynamic_compact,logit,dynamic_compact,0.65,reference_baseline,30,20260701_194906,2562,1782917610300,50,down,down,0.33896055692909177,-0.5528133593213358,0.5528133593213358,True,True,28
cooldown_first_signal,logit_dynamic_compact,logit,dynamic_compact,0.65,reference_baseline,30,20260701_194906,2621,1782917616318,50,up,up,0.9996225466821654,5.5527824213807975,5.5527824213807975,True,True,29
cooldown_first_signal,logit_dynamic_compact,logit,dynamic_compact,0.65,reference_baseline,30,20260701_194906,2753,1782917629782,50,down,down,0.29574773639524987,-2.753645022514073,2.753645022514073,True,True,30
cooldown_first_signal,logit_dynamic_compact,logit,dynamic_compact,0.65,reference_baseline,30,20260701_195416,30,1782917662734,50,up,down,0.3490028020619463,0.435670341656369,-0.435670341656369,False,False,1
cooldown_first_signal,logit_dynamic_compact,logit,dynamic_compact,0.65,reference_baseline,30,20260701_195416,121,1782917672016,50,down,down,0.2964142081233787,-1.6756074286383704,1.6756074286383704,True,True,2
cooldown_first_signal,logit_dynamic_compact,logit,dynamic_compact,0.65,reference_baseline,30,20260701_195416,278,1782917688032,50,down,up,0.6539448178436034,-0.7209811379593756,-0.7209811379593756,False,False,3
cooldown_first_signal,logit_dynamic_compact,logit,dynamic_compact,0.65,reference_baseline,30,20260701_195416,402,1782917700680,50,down,down,0.30502483166186034,-3.436884137606455,3.436884137606455,True,True,4
cooldown_first_signal,logit_dynamic_compact,logit,dynamic_compact,0.65,reference_baseline,30,20260701_195416,528,1782917713532,50,down,down,0.3444469831023702,-1.4592504316957022,1.4592504316957022,True,True,5
cooldown_first_signal,logit_dynamic_compact,logit,dynamic_compact,0.65,reference_baseline,30,20260701_195416,635,1782917724446,50,down,up,0.6719183505982503,-8.354506190807465,-8.354506190807465,False,False,6
cooldown_first_signal,logit_dynamic_compact,logit,dynamic_compact,0.65,reference_baseline,30,20260701_195416,686,1782917729650,50,down,down,0.3202154492977646,-0.18469158603928726,0.18469158603928726,True,True,7
cooldown_first_signal,logit_dynamic_compact,logit,dynamic_compact,0.65,reference_baseline,30,20260701_195416,742,1782917735362,50,up,up,0.6636979151888057,0.8060094722894817,0.8060094722894817,True,True,8
cooldown_first_signal,logit_dynamic_compact,logit,dynamic_compact,0.65,reference_baseline,30,20260701_195416,818,1782917743114,50,down,down,0.32294194716688734,-2.9389907505761315,2.9389907505761315,True,True,9
cooldown_first_signal,logit_dynamic_compact,logit,dynamic_compact,0.65,reference_baseline,30,20260701_195416,934,1782917754946,50,down,down,0.3267491506142888,-1.5793767006655468,1.5793767006655468,True,True,10
cooldown_first_signal,logit_dynamic_compact,logit,dynamic_compact,0.65,reference_baseline,30,20260701_195416,985,1782917760150,50,down,up,0.8009635416364439,-3.108760402794619,-3.108760402794619,False,False,11
cooldown_first_signal,logit_dynamic_compact,logit,dynamic_compact,0.65,reference_baseline,30,20260701_195416,1060,1782917767802,50,up,up,0.7829257188013212,2.193328918664861,2.193328918664861,True,True,12
cooldown_first_signal,logit_dynamic_compact,logit,dynamic_compact,0.65,reference_baseline,30,20260701_195416,1149,1782917776880,50,up,up,0.7064148322416973,2.88978737381429,2.88978737381429,True,True,13
cooldown_first_signal,logit_dynamic_compact,logit,dynamic_compact,0.65,reference_baseline,30,20260701_195416,1249,1782917787082,50,up,up,0.6581322786078779,2.081677294691886,2.081677294691886,True,True,14
cooldown_first_signal,logit_dynamic_compact,logit,dynamic_compact,0.65,reference_baseline,30,20260701_195416,1489,1782917811564,50,down,down,0.3307546027585361,-0.0839162012811201,0.0839162012811201,True,True,15
cooldown_first_signal,logit_dynamic_compact,logit,dynamic_compact,0.65,reference_baseline,30,20260701_195416,1556,1782917818400,50,down,down,0.3420672412703869,-0.5873927064281581,0.5873927064281581,True,True,16
cooldown_first_signal,logit_dynamic_compact,logit,dynamic_compact,0.65,reference_baseline,30,20260701_195416,1634,1782917826356,50,down,down,0.33996229754346513,-4.045752253911683,4.045752253911683,True,True,17
cooldown_first_signal,logit_dynamic_compact,logit,dynamic_compact,0.65,reference_baseline,30,20260701_195416,1737,1782917836864,50,down,up,0.6687257999857842,-0.5037821444497936,-0.5037821444497936,False,False,18
cooldown_first_signal,logit_dynamic_compact,logit,dynamic_compact,0.65,reference_baseline,30,20260701_195416,1817,1782917845026,50,down,down,0.34700581340291375,-0.5877734721038141,0.5877734721038141,True,True,19
cooldown_first_signal,logit_dynamic_compact,logit,dynamic_compact,0.65,reference_baseline,30,20260701_195416,1915,1782917855022,50,down,up,0.6546913623985561,-3.610523584696157,-3.610523584696157,False,False,20
cooldown_first_signal,logit_dynamic_compact,logit,dynamic_compact,0.65,reference_baseline,30,20260701_195416,2083,1782917872160,50,up,up,0.6761326738279443,0.6383137765753055,0.6383137765753055,True,True,21
cooldown_first_signal,logit_dynamic_compact,logit,dynamic_compact,0.65,reference_baseline,30,20260701_195416,2135,1782917877466,50,down,down,0.34142098978779495,-2.38516961999502,2.38516961999502,True,True,22
cooldown_first_signal,logit_dynamic_compact,logit,dynamic_compact,0.65,reference_baseline,30,20260701_195416,2220,1782917886136,50,down,down,0.3011524444503552,-0.42006252210624595,0.42006252210624595,True,True,23
cooldown_first_signal,logit_dynamic_compact,logit,dynamic_compact,0.65,reference_baseline,30,20260701_195416,2278,1782917892052,50,down,up,0.6881889184279969,-0.016802020946782292,-0.016802020946782292,False,False,24
cooldown_first_signal,logit_dynamic_compact,logit,dynamic_compact,0.65,reference_baseline,30,20260701_195416,2554,1782917920204,50,down,down,0.3364289955288112,-0.252100204789496,0.252100204789496,True,True,25
cooldown_first_signal,logit_dynamic_compact,logit,dynamic_compact,0.65,reference_baseline,30,20260701_195416,2773,1782917942544,50,up,up,0.6543459721888077,0.2016933840365276,0.2016933840365276,True,True,26
cooldown_first_signal,logit_dynamic_compact,logit,dynamic_compact,0.65,reference_baseline,30,20260701_195929,125,1782917984774,50,up,down,0.3486539390915139,1.5628006395718153,-1.5628006395718153,False,False,1
cooldown_first_signal,logit_dynamic_compact,logit,dynamic_compact,0.65,reference_baseline,30,20260701_195929,278,1782918000382,50,up,down,0.348855974595172,3.209261491803339,-3.209261491803339,False,False,2
cooldown_first_signal,logit_dynamic_compact,logit,dynamic_compact,0.65,reference_baseline,30,20260701_195929,477,1782918020680,50,down,down,0.2839229270523732,-2.267800342857784,2.267800342857784,True,True,3
cooldown_first_signal,logit_dynamic_compact,logit,dynamic_compact,0.65,reference_baseline,30,20260701_195929,548,1782918027922,50,up,up,0.6569109327245964,1.293779524846883,1.293779524846883,True,True,4
cooldown_first_signal,logit_dynamic_compact,logit,dynamic_compact,0.65,reference_baseline,30,20260701_195929,698,1782918043224,50,down,up,0.650087427238938,-0.6216528404912047,-0.6216528404912047,False,False,5
cooldown_first_signal,logit_dynamic_compact,logit,dynamic_compact,0.65,reference_baseline,30,20260701_195929,771,1782918050670,50,up,up,0.6543571054332631,0.8400657603480077,0.8400657603480077,True,True,6
cooldown_first_signal,logit_dynamic_compact,logit,dynamic_compact,0.65,reference_baseline,30,20260701_195929,867,1782918060462,50,down,down,0.33307326663096654,-1.2434247614601102,1.2434247614601102,True,True,7
cooldown_first_signal,logit_dynamic_compact,logit,dynamic_compact,0.65,reference_baseline,30,20260701_195929,1012,1782918075252,50,up,up,0.6619551445826849,0.4201062868913752,0.4201062868913752,True,True,8
cooldown_first_signal,logit_dynamic_compact,logit,dynamic_compact,0.65,reference_baseline,30,20260701_195929,1254,1782918099938,50,up,up,0.930235565012941,6.509224621162879,6.509224621162879,True,True,9
cooldown_first_signal,logit_dynamic_compact,logit,dynamic_compact,0.65,reference_baseline,30,20260701_195929,1305,1782918105140,50,up,up,0.6626171977371674,4.230342128919151,4.230342128919151,True,True,10
cooldown_first_signal,logit_dynamic_compact,logit,dynamic_compact,0.65,reference_baseline,30,20260701_195929,1382,1782918112994,50,down,down,0.3273631740037962,-1.3759278074176873,1.3759278074176873,True,True,11
cooldown_first_signal,logit_dynamic_compact,logit,dynamic_compact,0.65,reference_baseline,30,20260701_195929,1479,1782918122892,50,down,down,0.23462423838364424,-2.8696065870070786,2.8696065870070786,True,True,12
cooldown_first_signal,logit_dynamic_compact,logit,dynamic_compact,0.65,reference_baseline,30,20260701_195929,1559,1782918131054,50,down,down,0.3491416815029977,-2.7190902796714322,2.7190902796714322,True,True,13
cooldown_first_signal,logit_dynamic_compact,logit,dynamic_compact,0.65,reference_baseline,30,20260701_195929,1756,1782918151150,50,up,up,0.7141925151990268,1.3684047926076914,1.3684047926076914,True,True,14
cooldown_first_signal,logit_dynamic_compact,logit,dynamic_compact,0.65,reference_baseline,30,20260701_195929,1822,1782918157882,50,up,up,0.65051583143328,2.266102547014981,2.266102547014981,True,True,15
cooldown_first_signal,logit_dynamic_compact,logit,dynamic_compact,0.65,reference_baseline,30,20260701_195929,1898,1782918165634,50,up,up,0.6553446552414384,8.354604301279434,8.354604301279434,True,True,16
cooldown_first_signal,logit_dynamic_compact,logit,dynamic_compact,0.65,reference_baseline,30,20260701_195929,2021,1782918178180,50,down,down,0.3380374494010598,-2.2286587077302578,2.2286587077302578,True,True,17
cooldown_first_signal,logit_dynamic_compact,logit,dynamic_compact,0.65,reference_baseline,30,20260701_195929,2073,1782918183484,50,up,up,0.6751271756839738,2.6312327325350715,2.6312327325350715,True,True,18
cooldown_first_signal,logit_dynamic_compact,logit,dynamic_compact,0.65,reference_baseline,30,20260701_195929,2141,1782918190422,50,up,up,0.6819873643457071,2.395813525288837,2.395813525288837,True,True,19
cooldown_first_signal,logit_dynamic_compact,logit,dynamic_compact,0.65,reference_baseline,30,20260701_195929,2219,1782918198380,50,up,down,0.22296760003101299,2.6304436150992316,-2.6304436150992316,False,False,20
cooldown_first_signal,logit_dynamic_compact,logit,dynamic_compact,0.65,reference_baseline,30,20260701_195929,2283,1782918204908,50,down,down,0.33044913207458626,-1.6080900329407122,1.6080900329407122,True,True,21
cooldown_first_signal,logit_dynamic_compact,logit,dynamic_compact,0.65,reference_baseline,30,20260701_195929,2379,1782918214700,50,up,up,0.6776917070634341,4.155520349062858,4.155520349062858,True,True,22
cooldown_first_signal,logit_dynamic_compact,logit,dynamic_compact,0.65,reference_baseline,30,20260701_195929,2447,1782918221636,50,down,down,0.32744103557613474,-2.595851828777196,2.595851828777196,True,True,23
cooldown_first_signal,logit_dynamic_compact,logit,dynamic_compact,0.65,reference_baseline,30,20260701_195929,2526,1782918229694,50,down,up,0.6645176214181207,-0.48560474954939536,-0.48560474954939536,False,False,24
cooldown_first_signal,logit_dynamic_compact,logit,dynamic_compact,0.65,reference_baseline,30,20260701_195929,2667,1782918244078,50,up,up,0.6565722110792487,4.1545109529161905,4.1545109529161905,True,True,25
cooldown_first_signal,logit_dynamic_compact,logit,dynamic_compact,0.65,reference_baseline,30,20260701_195929,2721,1782918249588,50,down,up,0.6602839600133583,-4.1523684825184315,-4.1523684825184315,False,False,26
cooldown_first_signal,logit_dynamic_compact,logit,dynamic_compact,0.65,reference_baseline,30,20260701_195929,2772,1782918254790,50,down,down,0.3480584558269968,-3.8358362583679195,3.8358362583679195,True,True,27
cooldown_first_signal,logit_dynamic_compact,logit,dynamic_compact,0.65,reference_baseline,30,20260701_195929,2854,1782918263154,50,up,down,0.34885830825652664,2.9497462128857954,-2.9497462128857954,False,False,28
cooldown_first_signal,logit_dynamic_compact,logit,dynamic_compact,0.65,reference_baseline,30,20260701_200443,138,1782918299980,50,down,down,0.3438294465774129,-4.82074123918097,4.82074123918097,True,True,1
cooldown_first_signal,logit_dynamic_compact,logit,dynamic_compact,0.65,reference_baseline,30,20260701_200443,190,1782918305286,50,down,down,0.3375985129948464,-2.0263916579665864,2.0263916579665864,True,True,2
cooldown_first_signal,logit_dynamic_compact,logit,dynamic_compact,0.65,reference_baseline,30,20260701_200443,249,1782918311304,50,up,down,0.33100674489680554,5.5270132773932446,-5.5270132773932446,False,False,3
cooldown_first_signal,logit_dynamic_compact,logit,dynamic_compact,0.65,reference_baseline,30,20260701_200443,350,1782918321610,50,up,up,0.665357139865367,0.08364428094820298,0.08364428094820298,True,True,4
cooldown_first_signal,logit_dynamic_compact,logit,dynamic_compact,0.65,reference_baseline,30,20260701_200443,411,1782918327834,50,up,up,0.9900537661242554,3.378211705169498,3.378211705169498,True,True,5
cooldown_first_signal,logit_dynamic_compact,logit,dynamic_compact,0.65,reference_baseline,30,20260701_200443,471,1782918333954,50,up,up,0.7230772793278505,3.359734831673844,3.359734831673844,True,True,6
cooldown_first_signal,logit_dynamic_compact,logit,dynamic_compact,0.65,reference_baseline,30,20260701_200443,551,1782918342116,50,down,up,0.6538441247983001,-2.2721975742612255,-2.2721975742612255,False,False,7
cooldown_first_signal,logit_dynamic_compact,logit,dynamic_compact,0.65,reference_baseline,30,20260701_200443,628,1782918349970,50,down,up,0.6664207576573038,-2.6074507906348465,-2.6074507906348465,False,False,8
cooldown_first_signal,logit_dynamic_compact,logit,dynamic_compact,0.65,reference_baseline,30,20260701_200443,730,1782918360374,50,up,down,0.3442991326328262,1.5384165179099796,-1.5384165179099796,False,False,9
cooldown_first_signal,logit_dynamic_compact,logit,dynamic_compact,0.65,reference_baseline,30,20260701_200443,784,1782918365882,50,up,up,0.6770780926823584,2.240553517043331,2.240553517043331,True,True,10
cooldown_first_signal,logit_dynamic_compact,logit,dynamic_compact,0.65,reference_baseline,30,20260701_200443,836,1782918371186,50,up,up,0.6635072873511543,5.784207275227882,5.784207275227882,True,True,11
cooldown_first_signal,logit_dynamic_compact,logit,dynamic_compact,0.65,reference_baseline,30,20260701_200443,899,1782918377612,50,up,down,0.2899413286883781,3.073666943129716,-3.073666943129716,False,False,12
cooldown_first_signal,logit_dynamic_compact,logit,dynamic_compact,0.65,reference_baseline,30,20260701_200443,950,1782918382814,50,up,up,0.6827666125397742,6.144829284786546,6.144829284786546,True,True,13
cooldown_first_signal,logit_dynamic_compact,logit,dynamic_compact,0.65,reference_baseline,30,20260701_200443,1002,1782918388118,50,up,up,0.7369304087621749,1.0012189841135388,1.0012189841135388,True,True,14
cooldown_first_signal,logit_dynamic_compact,logit,dynamic_compact,0.65,reference_baseline,30,20260701_200443,1055,1782918393524,50,down,down,0.34534865139199733,-1.168084916436385,1.168084916436385,True,True,15
cooldown_first_signal,logit_dynamic_compact,logit,dynamic_compact,0.65,reference_baseline,30,20260701_200443,1106,1782918398726,50,up,up,0.6898627509522554,1.0178889816869763,1.0178889816869763,True,True,16
cooldown_first_signal,logit_dynamic_compact,logit,dynamic_compact,0.65,reference_baseline,30,20260701_200443,1190,1782918407296,50,down,up,0.6613774826028302,-1.1177853835375728,-1.1177853835375728,False,False,17
cooldown_first_signal,logit_dynamic_compact,logit,dynamic_compact,0.65,reference_baseline,30,20260701_200443,1241,1782918412498,50,up,up,0.6594299232009856,0.867631907162103,0.867631907162103,True,True,18
cooldown_first_signal,logit_dynamic_compact,logit,dynamic_compact,0.65,reference_baseline,30,20260701_200443,1312,1782918419740,50,down,up,0.6625955204025097,-0.46709600574401655,-0.46709600574401655,False,False,19
cooldown_first_signal,logit_dynamic_compact,logit,dynamic_compact,0.65,reference_baseline,30,20260701_200443,1372,1782918425862,50,up,down,0.31011614171065566,4.789260042634691,-4.789260042634691,False,False,20
cooldown_first_signal,logit_dynamic_compact,logit,dynamic_compact,0.65,reference_baseline,30,20260701_200443,1439,1782918432698,50,up,down,0.31101349440747644,2.5026757775181707,-2.5026757775181707,False,False,21
cooldown_first_signal,logit_dynamic_compact,logit,dynamic_compact,0.65,reference_baseline,30,20260701_200443,1491,1782918438002,50,down,up,0.9990624449761919,-3.2021427672013214,-3.2021427672013214,False,False,22
cooldown_first_signal,logit_dynamic_compact,logit,dynamic_compact,0.65,reference_baseline,30,20260701_200443,1549,1782918443920,50,down,up,0.684823739403035,-6.305806596907937,-6.305806596907937,False,False,23
cooldown_first_signal,logit_dynamic_compact,logit,dynamic_compact,0.65,reference_baseline,30,20260701_200443,1600,1782918449124,50,up,down,0.3490499305263997,0.9848606881179833,-0.9848606881179833,False,False,24
cooldown_first_signal,logit_dynamic_compact,logit,dynamic_compact,0.65,reference_baseline,30,20260701_200443,1670,1782918456264,50,up,down,0.34522678037078675,0.6343064651681551,-0.6343064651681551,False,False,25
cooldown_first_signal,logit_dynamic_compact,logit,dynamic_compact,0.65,reference_baseline,30,20260701_200443,1729,1782918462282,50,down,down,0.3392643071461372,-0.7011036540027771,0.7011036540027771,True,True,26
cooldown_first_signal,logit_dynamic_compact,logit,dynamic_compact,0.65,reference_baseline,30,20260701_200443,1783,1782918467790,50,up,up,0.6526480287873961,0.18362361165813468,0.18362361165813468,True,True,27
cooldown_first_signal,logit_dynamic_compact,logit,dynamic_compact,0.65,reference_baseline,30,20260701_200443,1840,1782918473606,50,up,up,0.6506840847897603,1.4189665749908542,1.4189665749908542,True,True,28
cooldown_first_signal,logit_dynamic_compact,logit,dynamic_compact,0.65,reference_baseline,30,20260701_200443,1905,1782918480236,50,down,down,0.34498254223676156,-6.443454927114178,6.443454927114178,True,True,29
cooldown_first_signal,logit_dynamic_compact,logit,dynamic_compact,0.65,reference_baseline,30,20260701_200443,1979,1782918487786,50,down,up,0.6887751724819999,-4.5938570942938295,-4.5938570942938295,False,False,30
cooldown_first_signal,logit_dynamic_compact,logit,dynamic_compact,0.65,reference_baseline,30,20260701_200443,2089,1782918499006,50,up,up,0.7122099996763451,0.4178579099245461,0.4178579099245461,True,True,31
cooldown_first_signal,logit_dynamic_compact,logit,dynamic_compact,0.65,reference_baseline,30,20260701_200443,2166,1782918506862,50,down,down,0.32183687189731014,-3.8113100626102625,3.8113100626102625,True,True,32
cooldown_first_signal,logit_dynamic_compact,logit,dynamic_compact,0.65,reference_baseline,30,20260701_200443,2243,1782918514716,50,down,up,0.6907819302076565,-2.1233250601671028,-2.1233250601671028,False,False,33
cooldown_first_signal,logit_dynamic_compact,logit,dynamic_compact,0.65,reference_baseline,30,20260701_200443,2341,1782918524714,50,up,down,0.3414103528285212,0.45159903692360004,-0.45159903692360004,False,False,34
cooldown_first_signal,logit_dynamic_compact,logit,dynamic_compact,0.65,reference_baseline,30,20260701_200443,2402,1782918530936,50,up,down,0.34971946568364587,1.5559892620009563,-1.5559892620009563,False,False,35
cooldown_first_signal,logit_dynamic_compact,logit,dynamic_compact,0.65,reference_baseline,30,20260701_200443,2492,1782918540116,50,up,up,0.6563448564452323,0.3345150075984016,0.3345150075984016,True,True,36
cooldown_first_signal,logit_dynamic_compact,logit,dynamic_compact,0.65,reference_baseline,30,20260701_200443,2543,1782918545320,50,down,down,0.32433250921688833,-3.21123665225298,3.21123665225298,True,True,37
cooldown_first_signal,logit_dynamic_compact,logit,dynamic_compact,0.65,reference_baseline,30,20260701_200443,2601,1782918551236,50,down,down,0.34290098334793945,-0.46852867772062545,0.46852867772062545,True,True,38
cooldown_first_signal,logit_dynamic_compact,logit,dynamic_compact,0.65,reference_baseline,30,20260701_200443,2730,1782918564394,50,down,up,0.6534022701291335,-0.9867516053529979,-0.9867516053529979,False,False,39
cooldown_first_signal,logit_dynamic_compact,logit,dynamic_compact,0.65,reference_baseline,30,20260701_200443,2794,1782918570922,50,down,down,0.34887259750062743,-3.2119457616108793,3.2119457616108793,True,True,40
cooldown_first_signal,logit_dynamic_compact,logit,dynamic_compact,0.65,reference_baseline,30,20260701_200954,65,1782918604488,50,up,up,0.6730760758197539,0.6187068525131956,0.6187068525131956,True,True,1
cooldown_first_signal,logit_dynamic_compact,logit,dynamic_compact,0.65,reference_baseline,30,20260701_200954,170,1782918615198,50,down,up,0.669616917995829,-3.210007197437248,-3.210007197437248,False,False,2
cooldown_first_signal,logit_dynamic_compact,logit,dynamic_compact,0.65,reference_baseline,30,20260701_200954,285,1782918626932,50,down,down,0.34101221531998904,-2.424783629867422,2.424783629867422,True,True,3
cooldown_first_signal,logit_dynamic_compact,logit,dynamic_compact,0.65,reference_baseline,30,20260701_200954,384,1782918637036,50,up,down,0.32824965143203144,2.359198909749338,-2.359198909749338,False,False,4
cooldown_first_signal,logit_dynamic_compact,logit,dynamic_compact,0.65,reference_baseline,30,20260701_200954,437,1782918642442,50,up,up,0.8817680198200664,6.49034018248118,6.49034018248118,True,True,5
cooldown_first_signal,logit_dynamic_compact,logit,dynamic_compact,0.65,reference_baseline,30,20260701_200954,539,1782918652848,50,up,up,0.6681319576726743,3.0250131822051607,3.0250131822051607,True,True,6
cooldown_first_signal,logit_dynamic_compact,logit,dynamic_compact,0.65,reference_baseline,30,20260701_200954,617,1782918660804,50,down,up,0.6538183091242605,-0.8686624185738623,-0.8686624185738623,False,False,7
cooldown_first_signal,logit_dynamic_compact,logit,dynamic_compact,0.65,reference_baseline,30,20260701_200954,735,1782918672842,50,down,down,0.3327836520700036,-5.296278320260361,5.296278320260361,True,True,8
cooldown_first_signal,logit_dynamic_compact,logit,dynamic_compact,0.65,reference_baseline,30,20260701_200954,822,1782918681718,50,down,up,0.6513546101691338,-0.48470464355410137,-0.48470464355410137,False,False,9
cooldown_first_signal,logit_dynamic_compact,logit,dynamic_compact,0.65,reference_baseline,30,20260701_200954,876,1782918687226,50,up,down,0.34613629284154324,1.989199815120024,-1.989199815120024,False,False,10
cooldown_first_signal,logit_dynamic_compact,logit,dynamic_compact,0.65,reference_baseline,30,20260701_200954,939,1782918693654,50,up,up,0.6510910032765996,1.1696424319529442,1.1696424319529442,True,True,11
cooldown_first_signal,logit_dynamic_compact,logit,dynamic_compact,0.65,reference_baseline,30,20260701_200954,1076,1782918707632,50,up,up,0.6688707067296243,1.7043475064326685,1.7043475064326685,True,True,12
cooldown_first_signal,logit_dynamic_compact,logit,dynamic_compact,0.65,reference_baseline,30,20260701_200954,1135,1782918713650,50,down,up,0.6581478878320748,-2.7392341001242215,-2.7392341001242215,False,False,13
cooldown_first_signal,logit_dynamic_compact,logit,dynamic_compact,0.65,reference_baseline,30,20260701_200954,1201,1782918720382,50,down,down,0.3257771113439652,-2.105644882990365,2.105644882990365,True,True,14
cooldown_first_signal,logit_dynamic_compact,logit,dynamic_compact,0.65,reference_baseline,30,20260701_200954,1368,1782918737418,50,up,down,0.3236020550850625,2.156954380414522,-2.156954380414522,False,False,15
cooldown_first_signal,logit_dynamic_compact,logit,dynamic_compact,0.65,reference_baseline,30,20260701_200954,1460,1782918746802,50,up,up,0.6603808972534435,1.5042834471157285,1.5042834471157285,True,True,16
cooldown_first_signal,logit_dynamic_compact,logit,dynamic_compact,0.65,reference_baseline,30,20260701_200954,1513,1782918752210,50,up,down,0.33138153017717437,5.163351566592755,-5.163351566592755,False,False,17
cooldown_first_signal,logit_dynamic_compact,logit,dynamic_compact,0.65,reference_baseline,30,20260701_200954,1617,1782918762818,50,down,down,0.34674767967129877,-0.5509260148106598,0.5509260148106598,True,True,18
cooldown_first_signal,logit_dynamic_compact,logit,dynamic_compact,0.65,reference_baseline,30,20260701_200954,1721,1782918773428,50,down,down,0.3265241885186113,-3.606434480184495,3.606434480184495,True,True,19
cooldown_first_signal,logit_dynamic_compact,logit,dynamic_compact,0.65,reference_baseline,30,20260701_200954,1792,1782918780670,50,down,down,0.32527300186941904,-1.119215680378538,1.119215680378538,True,True,20
cooldown_first_signal,logit_dynamic_compact,logit,dynamic_compact,0.65,reference_baseline,30,20260701_200954,1848,1782918786382,50,up,down,0.3351657903520662,0.6679073044857375,-0.6679073044857375,False,False,21
cooldown_first_signal,logit_dynamic_compact,logit,dynamic_compact,0.65,reference_baseline,30,20260701_200954,1954,1782918797200,50,down,down,0.3396308050629502,-0.050089116887530594,0.050089116887530594,True,True,22
cooldown_first_signal,logit_dynamic_compact,logit,dynamic_compact,0.65,reference_baseline,30,20260701_200954,2028,1782918804748,50,down,up,0.6962472040342926,-0.21706588701153606,-0.21706588701153606,False,False,23
cooldown_first_signal,logit_dynamic_compact,logit,dynamic_compact,0.65,reference_baseline,30,20260701_200954,2141,1782918816276,50,down,up,0.7108164377301779,-0.6842987648403298,-0.6842987648403298,False,False,24
cooldown_first_signal,logit_dynamic_compact,logit,dynamic_compact,0.65,reference_baseline,30,20260701_200954,2208,1782918823110,50,up,down,0.3475740845123438,1.0181761127525668,-1.0181761127525668,False,False,25
cooldown_first_signal,logit_dynamic_compact,logit,dynamic_compact,0.65,reference_baseline,30,20260701_200954,2277,1782918830150,50,down,up,0.6526240977966565,-1.251669936306321,-1.251669936306321,False,False,26
cooldown_first_signal,logit_dynamic_compact,logit,dynamic_compact,0.65,reference_baseline,30,20260701_200954,2368,1782918839434,50,up,down,0.3465060691085863,0.06677422881962158,-0.06677422881962158,False,False,27
cooldown_first_signal,logit_dynamic_compact,logit,dynamic_compact,0.65,reference_baseline,30,20260701_200954,2434,1782918846166,50,down,up,0.6970300570714515,-0.6424987024877815,-0.6424987024877815,False,False,28
cooldown_first_signal,logit_dynamic_compact,logit,dynamic_compact,0.65,reference_baseline,30,20260701_200954,2489,1782918851778,50,down,down,0.3383473579101421,-3.9056534333448134,3.9056534333448134,True,True,29
cooldown_first_signal,logit_dynamic_compact,logit,dynamic_compact,0.65,reference_baseline,30,20260701_200954,2584,1782918861476,50,down,up,0.6885319751574791,-1.3358770659133157,-1.3358770659133157,False,False,30
cooldown_first_signal,logit_dynamic_compact,logit,dynamic_compact,0.65,reference_baseline,30,20260701_200954,2691,1782918872392,50,up,down,0.3448588474367961,0.9020845670870692,-0.9020845670870692,False,False,31
cooldown_first_signal,logit_dynamic_compact,logit,dynamic_compact,0.65,reference_baseline,30,20260701_200954,2763,1782918879736,50,up,up,0.6572522165020466,0.6345426658960207,0.6345426658960207,True,True,32
cooldown_first_signal,xgboost_dynamic_full,xgboost,dynamic_full,0.75,candidate_b,42,20260701_191230,11,1782915154832,50,up,up,0.8303988575935364,0.7864404283930426,0.7864404283930426,True,True,1
cooldown_first_signal,xgboost_dynamic_full,xgboost,dynamic_full,0.75,candidate_b,42,20260701_191230,62,1782915160038,50,up,up,0.8471787571907043,0.7361842066733182,0.7361842066733182,True,True,2
cooldown_first_signal,xgboost_dynamic_full,xgboost,dynamic_full,0.75,candidate_b,42,20260701_191230,113,1782915165242,50,down,up,0.7743846774101257,-0.9703532002003357,-0.9703532002003357,False,False,3
cooldown_first_signal,xgboost_dynamic_full,xgboost,dynamic_full,0.75,candidate_b,42,20260701_191230,169,1782915170954,50,up,up,0.8139389753341675,1.9074533740570665,1.9074533740570665,True,True,4
cooldown_first_signal,xgboost_dynamic_full,xgboost,dynamic_full,0.75,candidate_b,42,20260701_191230,220,1782915176156,50,up,up,0.8899966478347778,1.4051534000958377,1.4051534000958377,True,True,5
cooldown_first_signal,xgboost_dynamic_full,xgboost,dynamic_full,0.75,candidate_b,42,20260701_191230,271,1782915181358,50,down,up,0.8776819705963135,-0.4014018961207011,-0.4014018961207011,False,False,6
cooldown_first_signal,xgboost_dynamic_full,xgboost,dynamic_full,0.75,candidate_b,42,20260701_191230,322,1782915186560,50,down,up,0.8299635648727417,-2.6761200607816615,-2.6761200607816615,False,False,7
cooldown_first_signal,xgboost_dynamic_full,xgboost,dynamic_full,0.75,candidate_b,42,20260701_191230,376,1782915192068,50,up,up,0.7747701406478882,0.25095971176503085,0.25095971176503085,True,True,8
cooldown_first_signal,xgboost_dynamic_full,xgboost,dynamic_full,0.75,candidate_b,42,20260701_191230,427,1782915197270,50,up,up,0.8135573863983154,2.158199359063584,2.158199359063584,True,True,9
cooldown_first_signal,xgboost_dynamic_full,xgboost,dynamic_full,0.75,candidate_b,42,20260701_191230,478,1782915202472,50,up,up,0.8272753953933716,5.519783825194136,5.519783825194136,True,True,10
cooldown_first_signal,xgboost_dynamic_full,xgboost,dynamic_full,0.75,candidate_b,42,20260701_191230,529,1782915207674,50,up,up,0.8826260566711426,5.934762747410449,5.934762747410449,True,True,11
cooldown_first_signal,xgboost_dynamic_full,xgboost,dynamic_full,0.75,candidate_b,42,20260701_191230,580,1782915212876,50,up,up,0.838245689868927,1.537110783083051,1.537110783083051,True,True,12
cooldown_first_signal,xgboost_dynamic_full,xgboost,dynamic_full,0.75,candidate_b,42,20260701_191230,634,1782915218384,50,up,up,0.7550968527793884,3.6746866703252223,3.6746866703252223,True,True,13
cooldown_first_signal,xgboost_dynamic_full,xgboost,dynamic_full,0.75,candidate_b,42,20260701_191230,685,1782915223586,50,down,up,0.832700252532959,-0.9099857157290892,-0.9099857157290892,False,False,14
cooldown_first_signal,xgboost_dynamic_full,xgboost,dynamic_full,0.75,candidate_b,42,20260701_191230,736,1782915228788,50,down,up,0.8560890555381775,-0.050095055368348795,-0.050095055368348795,False,False,15
cooldown_first_signal,xgboost_dynamic_full,xgboost,dynamic_full,0.75,candidate_b,42,20260701_191230,787,1782915233990,50,up,up,0.8676666617393494,2.2542887844112514,2.2542887844112514,True,True,16
cooldown_first_signal,xgboost_dynamic_full,xgboost,dynamic_full,0.75,candidate_b,42,20260701_191230,838,1782915239192,50,down,up,0.803582489490509,-2.904872924330837,-2.904872924330837,False,False,17
cooldown_first_signal,xgboost_dynamic_full,xgboost,dynamic_full,0.75,candidate_b,42,20260701_191230,889,1782915244394,50,up,up,0.8171241283416748,4.893254406643788,4.893254406643788,True,True,18
cooldown_first_signal,xgboost_dynamic_full,xgboost,dynamic_full,0.75,candidate_b,42,20260701_191230,940,1782915249596,50,down,up,0.8681979775428772,-3.7054872089758994,-3.7054872089758994,False,False,19
cooldown_first_signal,xgboost_dynamic_full,xgboost,dynamic_full,0.75,candidate_b,42,20260701_191230,993,1782915255004,50,up,up,0.7694883942604065,3.1899551485636835,3.1899551485636835,True,True,20
cooldown_first_signal,xgboost_dynamic_full,xgboost,dynamic_full,0.75,candidate_b,42,20260701_191230,1044,1782915260206,50,up,up,0.8305676579475403,8.81549322935049,8.81549322935049,True,True,21
cooldown_first_signal,xgboost_dynamic_full,xgboost,dynamic_full,0.75,candidate_b,42,20260701_191230,1095,1782915265408,50,down,up,0.8044970035552979,-2.902668035703604,-2.902668035703604,False,False,22
cooldown_first_signal,xgboost_dynamic_full,xgboost,dynamic_full,0.75,candidate_b,42,20260701_191230,1146,1782915270610,50,up,up,0.8216027021408081,0.5673526906280202,0.5673526906280202,True,True,23
cooldown_first_signal,xgboost_dynamic_full,xgboost,dynamic_full,0.75,candidate_b,42,20260701_191230,1197,1782915275812,50,up,up,0.8320080637931824,4.438448645396331,4.438448645396331,True,True,24
cooldown_first_signal,xgboost_dynamic_full,xgboost,dynamic_full,0.75,candidate_b,42,20260701_191230,1248,1782915281014,50,down,up,0.8702948689460754,-5.9375440416498115,-5.9375440416498115,False,False,25
cooldown_first_signal,xgboost_dynamic_full,xgboost,dynamic_full,0.75,candidate_b,42,20260701_191230,1300,1782915286318,50,down,up,0.7805029153823853,-0.300391259614452,-0.300391259614452,False,False,26
cooldown_first_signal,xgboost_dynamic_full,xgboost,dynamic_full,0.75,candidate_b,42,20260701_191230,1351,1782915291520,50,up,up,0.8340216279029846,6.809073089890649,6.809073089890649,True,True,27
cooldown_first_signal,xgboost_dynamic_full,xgboost,dynamic_full,0.75,candidate_b,42,20260701_191230,1402,1782915296722,50,down,up,0.8554239273071289,-1.1174106759426206,-1.1174106759426206,False,False,28
cooldown_first_signal,xgboost_dynamic_full,xgboost,dynamic_full,0.75,candidate_b,42,20260701_191230,1453,1782915301924,50,down,up,0.8943443894386292,-5.73755521771413,-5.73755521771413,False,False,29
cooldown_first_signal,xgboost_dynamic_full,xgboost,dynamic_full,0.75,candidate_b,42,20260701_191230,1504,1782915307126,50,down,up,0.824759304523468,-4.505898972738676,-4.505898972738676,False,False,30
cooldown_first_signal,xgboost_dynamic_full,xgboost,dynamic_full,0.75,candidate_b,42,20260701_191230,1555,1782915312328,50,up,up,0.8292867541313171,11.937667012553721,11.937667012553721,True,True,31
cooldown_first_signal,xgboost_dynamic_full,xgboost,dynamic_full,0.75,candidate_b,42,20260701_191230,1606,1782915317530,50,up,up,0.8322926163673401,0.3669176995257928,0.3669176995257928,True,True,32
cooldown_first_signal,xgboost_dynamic_full,xgboost,dynamic_full,0.75,candidate_b,42,20260701_191230,1657,1782915322734,50,up,up,0.835568904876709,3.001943758582648,3.001943758582648,True,True,33
cooldown_first_signal,xgboost_dynamic_full,xgboost,dynamic_full,0.75,candidate_b,42,20260701_191230,1708,1782915327936,50,down,up,0.9033238887786865,-12.353057381702115,-12.353057381702115,False,False,34
cooldown_first_signal,xgboost_dynamic_full,xgboost,dynamic_full,0.75,candidate_b,42,20260701_191230,1759,1782915333138,50,up,up,0.8386945128440857,0.2002969402137289,0.2002969402137289,True,True,35
cooldown_first_signal,xgboost_dynamic_full,xgboost,dynamic_full,0.75,candidate_b,42,20260701_191230,1818,1782915339158,50,up,up,0.7690960168838501,3.58907885039228,3.58907885039228,True,True,36
cooldown_first_signal,xgboost_dynamic_full,xgboost,dynamic_full,0.75,candidate_b,42,20260701_191230,1870,1782915344462,50,up,up,0.7665819525718689,0.33374801524210795,0.33374801524210795,True,True,37
cooldown_first_signal,xgboost_dynamic_full,xgboost,dynamic_full,0.75,candidate_b,42,20260701_191230,1921,1782915349664,50,down,up,0.8402372598648071,-3.737853020610027,-3.737853020610027,False,False,38
cooldown_first_signal,xgboost_dynamic_full,xgboost,dynamic_full,0.75,candidate_b,42,20260701_191230,1972,1782915354866,50,down,up,0.8264522552490234,-5.224935126504349,-5.224935126504349,False,False,39
cooldown_first_signal,xgboost_dynamic_full,xgboost,dynamic_full,0.75,candidate_b,42,20260701_191230,2023,1782915360068,50,down,up,0.8218550682067871,-1.703584625983856,-1.703584625983856,False,False,40
cooldown_first_signal,xgboost_dynamic_full,xgboost,dynamic_full,0.75,candidate_b,42,20260701_191230,2074,1782915365270,50,down,up,0.8507598638534546,-0.28397914924926937,-0.28397914924926937,False,False,41
cooldown_first_signal,xgboost_dynamic_full,xgboost,dynamic_full,0.75,candidate_b,42,20260701_191230,2125,1782915370474,50,up,up,0.8350670337677002,3.0406130677862464,3.0406130677862464,True,True,42
cooldown_first_signal,xgboost_dynamic_full,xgboost,dynamic_full,0.75,candidate_b,42,20260701_191230,2176,1782915375676,50,up,up,0.8568357825279236,1.536545994917926,1.536545994917926,True,True,43
cooldown_first_signal,xgboost_dynamic_full,xgboost,dynamic_full,0.75,candidate_b,42,20260701_191230,2227,1782915380878,50,up,up,0.8831621408462524,3.7238816874363145,3.7238816874363145,True,True,44
cooldown_first_signal,xgboost_dynamic_full,xgboost,dynamic_full,0.75,candidate_b,42,20260701_191230,2281,1782915386386,50,down,up,0.8156707286834717,-6.727200341201112,-6.727200341201112,False,False,45
cooldown_first_signal,xgboost_dynamic_full,xgboost,dynamic_full,0.75,candidate_b,42,20260701_191230,2332,1782915391588,50,up,up,0.7631829380989075,0.38422569751617175,0.38422569751617175,True,True,46
cooldown_first_signal,xgboost_dynamic_full,xgboost,dynamic_full,0.75,candidate_b,42,20260701_191230,2383,1782915396790,50,up,up,0.8516269326210022,1.1526328054323187,1.1526328054323187,True,True,47
cooldown_first_signal,xgboost_dynamic_full,xgboost,dynamic_full,0.75,candidate_b,42,20260701_191230,2434,1782915401992,50,up,up,0.8936182260513306,3.2069564229741943,3.2069564229741943,True,True,48
cooldown_first_signal,xgboost_dynamic_full,xgboost,dynamic_full,0.75,candidate_b,42,20260701_191230,2487,1782915407398,50,up,up,0.8198696374893188,6.0283365214486295,6.0283365214486295,True,True,49
cooldown_first_signal,xgboost_dynamic_full,xgboost,dynamic_full,0.75,candidate_b,42,20260701_191230,2538,1782915412600,50,down,up,0.8731984496116638,-1.7356113231947745,-1.7356113231947745,False,False,50
cooldown_first_signal,xgboost_dynamic_full,xgboost,dynamic_full,0.75,candidate_b,42,20260701_191230,2590,1782915417904,50,up,up,0.7704551219940186,0.1001551570301018,0.1001551570301018,True,True,51
cooldown_first_signal,xgboost_dynamic_full,xgboost,dynamic_full,0.75,candidate_b,42,20260701_191230,2641,1782915423106,50,down,up,0.8998619914054871,-2.2530359659644894,-2.2530359659644894,False,False,52
cooldown_first_signal,xgboost_dynamic_full,xgboost,dynamic_full,0.75,candidate_b,42,20260701_191230,2692,1782915428308,50,up,up,0.863461434841156,6.383974804580195,6.383974804580195,True,True,53
cooldown_first_signal,xgboost_dynamic_full,xgboost,dynamic_full,0.75,candidate_b,42,20260701_191230,2753,1782915434530,50,down,up,0.8603072166442871,-5.155039050672716,-5.155039050672716,False,False,54
cooldown_first_signal,xgboost_dynamic_full,xgboost,dynamic_full,0.75,candidate_b,42,20260701_191230,2804,1782915439732,50,up,up,0.7593547105789185,1.2852515713035473,1.2852515713035473,True,True,55
cooldown_first_signal,xgboost_dynamic_full,xgboost,dynamic_full,0.75,candidate_b,42,20260701_191230,2855,1782915444938,50,up,up,0.8299487829208374,3.0875452596590414,3.0875452596590414,True,True,56
cooldown_first_signal,xgboost_dynamic_full,xgboost,dynamic_full,0.75,candidate_b,42,20260701_191745,15,1782915470540,50,up,up,0.8387832045555115,2.568612390552172,2.568612390552172,True,True,1
cooldown_first_signal,xgboost_dynamic_full,xgboost,dynamic_full,0.75,candidate_b,42,20260701_191745,66,1782915475742,50,up,up,0.8243001699447632,13.006514095810218,13.006514095810218,True,True,2
cooldown_first_signal,xgboost_dynamic_full,xgboost,dynamic_full,0.75,candidate_b,42,20260701_191745,117,1782915480944,50,down,up,0.8575966954231262,-2.0483630165557543,-2.0483630165557543,False,False,3
cooldown_first_signal,xgboost_dynamic_full,xgboost,dynamic_full,0.75,candidate_b,42,20260701_191745,168,1782915486146,50,down,up,0.8197913765907288,-3.0981591770884442,-3.0981591770884442,False,False,4
cooldown_first_signal,xgboost_dynamic_full,xgboost,dynamic_full,0.75,candidate_b,42,20260701_191745,219,1782915491348,50,up,up,0.7999550700187683,0.2832528423168945,0.2832528423168945,True,True,5
cooldown_first_signal,xgboost_dynamic_full,xgboost,dynamic_full,0.75,candidate_b,42,20260701_191745,271,1782915496654,50,down,up,0.7821688055992126,-2.832448193272885,-2.832448193272885,False,False,6
cooldown_first_signal,xgboost_dynamic_full,xgboost,dynamic_full,0.75,candidate_b,42,20260701_191745,322,1782915501856,50,up,up,0.7986747622489929,3.9998833367360653,3.9998833367360653,True,True,7
cooldown_first_signal,xgboost_dynamic_full,xgboost,dynamic_full,0.75,candidate_b,42,20260701_191745,373,1782915507058,50,up,up,0.8389886617660522,5.447662045039436,5.447662045039436,True,True,8
cooldown_first_signal,xgboost_dynamic_full,xgboost,dynamic_full,0.75,candidate_b,42,20260701_191745,424,1782915512260,50,down,up,0.8815529346466064,-1.5317875044440488,-1.5317875044440488,False,False,9
cooldown_first_signal,xgboost_dynamic_full,xgboost,dynamic_full,0.75,candidate_b,42,20260701_191745,475,1782915517462,50,down,up,0.8935524821281433,-1.8484180622080348,-1.8484180622080348,False,False,10
cooldown_first_signal,xgboost_dynamic_full,xgboost,dynamic_full,0.75,candidate_b,42,20260701_191745,526,1782915522666,50,down,up,0.8944854736328125,-11.042592261025774,-11.042592261025774,False,False,11
cooldown_first_signal,xgboost_dynamic_full,xgboost,dynamic_full,0.75,candidate_b,42,20260701_191745,578,1782915527970,50,up,up,0.8630465865135193,5.018845682167594,5.018845682167594,True,True,12
cooldown_first_signal,xgboost_dynamic_full,xgboost,dynamic_full,0.75,candidate_b,42,20260701_191745,629,1782915533172,50,up,up,0.8399130702018738,0.48324594635884566,0.48324594635884566,True,True,13
cooldown_first_signal,xgboost_dynamic_full,xgboost,dynamic_full,0.75,candidate_b,42,20260701_191745,688,1782915539190,50,down,up,0.7739478349685669,-8.115483158706027,-8.115483158706027,False,False,14
cooldown_first_signal,xgboost_dynamic_full,xgboost,dynamic_full,0.75,candidate_b,42,20260701_191745,740,1782915544494,50,up,up,0.7606561183929443,2.685121176515537,2.685121176515537,True,True,15
cooldown_first_signal,xgboost_dynamic_full,xgboost,dynamic_full,0.75,candidate_b,42,20260701_191745,791,1782915549696,50,down,up,0.9108626842498779,-1.9507754332359628,-1.9507754332359628,False,False,16
cooldown_first_signal,xgboost_dynamic_full,xgboost,dynamic_full,0.75,candidate_b,42,20260701_191745,842,1782915554898,50,up,up,0.7744646668434143,1.1337953549395152,1.1337953549395152,True,True,17
cooldown_first_signal,xgboost_dynamic_full,xgboost,dynamic_full,0.75,candidate_b,42,20260701_191745,893,1782915560100,50,up,up,0.822502851486206,2.067274790000795,2.067274790000795,True,True,18
cooldown_first_signal,xgboost_dynamic_full,xgboost,dynamic_full,0.75,candidate_b,42,20260701_191745,944,1782915565306,50,down,up,0.8505234122276306,-1.966838765059542,-1.966838765059542,False,False,19
cooldown_first_signal,xgboost_dynamic_full,xgboost,dynamic_full,0.75,candidate_b,42,20260701_191745,998,1782915570814,50,up,up,0.7593547105789185,0.8503805452941826,0.8503805452941826,True,True,20
cooldown_first_signal,xgboost_dynamic_full,xgboost,dynamic_full,0.75,candidate_b,42,20260701_191745,1049,1782915576018,50,down,up,0.7741416096687317,-0.4001450525814576,-0.4001450525814576,False,False,21
cooldown_first_signal,xgboost_dynamic_full,xgboost,dynamic_full,0.75,candidate_b,42,20260701_191745,1100,1782915581222,50,up,up,0.8287618160247803,3.167941763226878,3.167941763226878,True,True,22
cooldown_first_signal,xgboost_dynamic_full,xgboost,dynamic_full,0.75,candidate_b,42,20260701_191745,1151,1782915586424,50,up,up,0.7769482135772705,2.7168998672388867,2.7168998672388867,True,True,23
cooldown_first_signal,xgboost_dynamic_full,xgboost,dynamic_full,0.75,candidate_b,42,20260701_191745,1202,1782915591626,50,down,up,0.835568904876709,-1.8496562722092325,-1.8496562722092325,False,False,24
cooldown_first_signal,xgboost_dynamic_full,xgboost,dynamic_full,0.75,candidate_b,42,20260701_191745,1253,1782915596830,50,down,up,0.8185678720474243,-3.3333305555582893,-3.3333305555582893,False,False,25
cooldown_first_signal,xgboost_dynamic_full,xgboost,dynamic_full,0.75,candidate_b,42,20260701_191745,1304,1782915602032,50,up,up,0.8189890384674072,9.019665705514157,9.019665705514157,True,True,26
cooldown_first_signal,xgboost_dynamic_full,xgboost,dynamic_full,0.75,candidate_b,42,20260701_191745,1355,1782915607234,50,up,up,0.8807046413421631,0.2665149752267837,0.2665149752267837,True,True,27
cooldown_first_signal,xgboost_dynamic_full,xgboost,dynamic_full,0.75,candidate_b,42,20260701_191745,1406,1782915612436,50,up,up,0.8436941504478455,0.9660910374242881,0.9660910374242881,True,True,28
cooldown_first_signal,xgboost_dynamic_full,xgboost,dynamic_full,0.75,candidate_b,42,20260701_191745,1457,1782915617640,50,up,up,0.8081884384155273,1.6322030327331483,1.6322030327331483,True,True,29
cooldown_first_signal,xgboost_dynamic_full,xgboost,dynamic_full,0.75,candidate_b,42,20260701_191745,1508,1782915622844,50,down,up,0.8480951189994812,-2.4644096781356595,-2.4644096781356595,False,False,30
cooldown_first_signal,xgboost_dynamic_full,xgboost,dynamic_full,0.75,candidate_b,42,20260701_191745,1566,1782915628772,50,up,up,0.7702732682228088,2.098739007645456,2.098739007645456,True,True,31
cooldown_first_signal,xgboost_dynamic_full,xgboost,dynamic_full,0.75,candidate_b,42,20260701_191745,1617,1782915633974,50,up,up,0.8899142146110535,2.697812523677623,2.697812523677623,True,True,32
cooldown_first_signal,xgboost_dynamic_full,xgboost,dynamic_full,0.75,candidate_b,42,20260701_191745,1668,1782915639178,50,down,up,0.8141038417816162,-1.6982748358118638,-1.6982748358118638,False,False,33
cooldown_first_signal,xgboost_dynamic_full,xgboost,dynamic_full,0.75,candidate_b,42,20260701_191745,1719,1782915644380,50,down,up,0.8314219117164612,-3.447084341160478,-3.447084341160478,False,False,34
cooldown_first_signal,xgboost_dynamic_full,xgboost,dynamic_full,0.75,candidate_b,42,20260701_191745,1778,1782915650398,50,down,up,0.8159124255180359,-0.09994994173867511,-0.09994994173867511,False,False,35
cooldown_first_signal,xgboost_dynamic_full,xgboost,dynamic_full,0.75,candidate_b,42,20260701_191745,1859,1782915658660,50,down,up,0.7643373012542725,-1.233200764250153,-1.233200764250153,False,False,36
cooldown_first_signal,xgboost_dynamic_full,xgboost,dynamic_full,0.75,candidate_b,42,20260701_191745,1910,1782915663862,50,down,up,0.7635324001312256,-0.48334098623259436,-0.48334098623259436,False,False,37
cooldown_first_signal,xgboost_dynamic_full,xgboost,dynamic_full,0.75,candidate_b,42,20260701_191745,1961,1782915669066,50,down,up,0.8165768384933472,-1.066735115503592,-1.066735115503592,False,False,38
cooldown_first_signal,xgboost_dynamic_full,xgboost,dynamic_full,0.75,candidate_b,42,20260701_191745,2012,1782915674270,50,down,up,0.8327165842056274,-1.6169428944101671,-1.6169428944101671,False,False,39
cooldown_first_signal,xgboost_dynamic_full,xgboost,dynamic_full,0.75,candidate_b,42,20260701_191745,2063,1782915679472,50,down,up,0.7868723273277283,-3.2677531946045946,-3.2677531946045946,False,False,40
cooldown_first_signal,xgboost_dynamic_full,xgboost,dynamic_full,0.75,candidate_b,42,20260701_191745,2114,1782915684674,50,up,up,0.8116036057472229,2.968623484314037,2.968623484314037,True,True,41
cooldown_first_signal,xgboost_dynamic_full,xgboost,dynamic_full,0.75,candidate_b,42,20260701_191745,2165,1782915689876,50,up,up,0.7984984517097473,3.617978183758641,3.617978183758641,True,True,42
cooldown_first_signal,xgboost_dynamic_full,xgboost,dynamic_full,0.75,candidate_b,42,20260701_191745,2216,1782915695077,50,up,up,0.8691850304603577,2.6833355694466654,2.6833355694466654,True,True,43
cooldown_first_signal,xgboost_dynamic_full,xgboost,dynamic_full,0.75,candidate_b,42,20260701_191745,2267,1782915700281,50,down,up,0.7888554334640503,-2.1660872383300056,-2.1660872383300056,False,False,44
cooldown_first_signal,xgboost_dynamic_full,xgboost,dynamic_full,0.75,candidate_b,42,20260701_191745,2320,1782915705687,50,down,up,0.7555719614028931,-0.39998433394750066,-0.39998433394750066,False,False,45
cooldown_first_signal,xgboost_dynamic_full,xgboost,dynamic_full,0.75,candidate_b,42,20260701_191745,2371,1782915710889,50,up,up,0.8359361886978149,3.3333361111131943,3.3333361111131943,True,True,46
cooldown_first_signal,xgboost_dynamic_full,xgboost,dynamic_full,0.75,candidate_b,42,20260701_191745,2425,1782915716399,50,up,up,0.8241553902626038,0.4665504178547053,0.4665504178547053,True,True,47
cooldown_first_signal,xgboost_dynamic_full,xgboost,dynamic_full,0.75,candidate_b,42,20260701_191745,2476,1782915721613,50,down,up,0.8254920244216919,-4.84856563266689,-4.84856563266689,False,False,48
cooldown_first_signal,xgboost_dynamic_full,xgboost,dynamic_full,0.75,candidate_b,42,20260701_191745,2527,1782915726817,50,up,up,0.8987946510314941,0.016668347393444805,0.016668347393444805,True,True,49
cooldown_first_signal,xgboost_dynamic_full,xgboost,dynamic_full,0.75,candidate_b,42,20260701_191745,2586,1782915732835,50,up,up,0.7555719614028931,3.650739274703163,3.650739274703163,True,True,50
cooldown_first_signal,xgboost_dynamic_full,xgboost,dynamic_full,0.75,candidate_b,42,20260701_191745,2637,1782915738039,50,down,up,0.8934646248817444,-1.1331491965893559,-1.1331491965893559,False,False,51
cooldown_first_signal,xgboost_dynamic_full,xgboost,dynamic_full,0.75,candidate_b,42,20260701_191745,2688,1782915743241,50,down,up,0.8189890384674072,-5.5497271384152835,-5.5497271384152835,False,False,52
cooldown_first_signal,xgboost_dynamic_full,xgboost,dynamic_full,0.75,candidate_b,42,20260701_191745,2739,1782915748443,50,down,up,0.8236179351806641,-0.867105277420066,-0.867105277420066,False,False,53
cooldown_first_signal,xgboost_dynamic_full,xgboost,dynamic_full,0.75,candidate_b,42,20260701_191745,2790,1782915753645,50,up,up,0.826982855796814,3.8856355724115055,3.8856355724115055,True,True,54
cooldown_first_signal,xgboost_dynamic_full,xgboost,dynamic_full,0.75,candidate_b,42,20260701_191745,2841,1782915758847,50,down,up,0.8374335765838623,-2.867448046259824,-2.867448046259824,False,False,55
cooldown_first_signal,xgboost_dynamic_full,xgboost,dynamic_full,0.75,candidate_b,42,20260701_192258,19,1782915783123,50,up,up,0.7784278392791748,2.4681043374430445,2.4681043374430445,True,True,1
cooldown_first_signal,xgboost_dynamic_full,xgboost,dynamic_full,0.75,candidate_b,42,20260701_192258,70,1782915788327,50,down,up,0.8115922212600708,-2.10070548692598,-2.10070548692598,False,False,2
cooldown_first_signal,xgboost_dynamic_full,xgboost,dynamic_full,0.75,candidate_b,42,20260701_192258,121,1782915793529,50,up,up,0.8234757781028748,1.617549579144839,1.617549579144839,True,True,3
cooldown_first_signal,xgboost_dynamic_full,xgboost,dynamic_full,0.75,candidate_b,42,20260701_192258,180,1782915799547,50,down,up,0.809986412525177,-3.293294102836297,-3.293294102836297,False,False,4
cooldown_first_signal,xgboost_dynamic_full,xgboost,dynamic_full,0.75,candidate_b,42,20260701_192258,237,1782915805361,50,down,up,0.7854981422424316,-1.3344331286369027,-1.3344331286369027,False,False,5
cooldown_first_signal,xgboost_dynamic_full,xgboost,dynamic_full,0.75,candidate_b,42,20260701_192258,294,1782915811175,50,up,up,0.7622324228286743,1.8520295156765343,1.8520295156765343,True,True,6
cooldown_first_signal,xgboost_dynamic_full,xgboost,dynamic_full,0.75,candidate_b,42,20260701_192258,345,1782915816377,50,down,up,0.7886397242546082,-1.3178670238811474,-1.3178670238811474,False,False,7
cooldown_first_signal,xgboost_dynamic_full,xgboost,dynamic_full,0.75,candidate_b,42,20260701_192258,396,1782915821579,50,up,up,0.774373471736908,1.2346204251256765,1.2346204251256765,True,True,8
cooldown_first_signal,xgboost_dynamic_full,xgboost,dynamic_full,0.75,candidate_b,42,20260701_192258,460,1782915828107,50,down,up,0.7656488418579102,-1.3013479796153415,-1.3013479796153415,False,False,9
cooldown_first_signal,xgboost_dynamic_full,xgboost,dynamic_full,0.75,candidate_b,42,20260701_192258,520,1782915834229,50,up,up,0.7513384222984314,0.4838974771415039,0.4838974771415039,True,True,10
cooldown_first_signal,xgboost_dynamic_full,xgboost,dynamic_full,0.75,candidate_b,42,20260701_192258,571,1782915839431,50,down,up,0.8745821714401245,-3.637276747540108,-3.637276747540108,False,False,11
cooldown_first_signal,xgboost_dynamic_full,xgboost,dynamic_full,0.75,candidate_b,42,20260701_192258,622,1782915844635,50,down,up,0.8236179351806641,-1.8359909302045896,-1.8359909302045896,False,False,12
cooldown_first_signal,xgboost_dynamic_full,xgboost,dynamic_full,0.75,candidate_b,42,20260701_192258,674,1782915849939,50,down,up,0.8130553364753723,-0.08346945810755457,-0.08346945810755457,False,False,13
cooldown_first_signal,xgboost_dynamic_full,xgboost,dynamic_full,0.75,candidate_b,42,20260701_192258,725,1782915855141,50,up,up,0.8617356419563293,3.6223567854509753,3.6223567854509753,True,True,14
cooldown_first_signal,xgboost_dynamic_full,xgboost,dynamic_full,0.75,candidate_b,42,20260701_192258,778,1782915860547,50,down,up,0.8723282814025879,-1.0512273078810974,-1.0512273078810974,False,False,15
cooldown_first_signal,xgboost_dynamic_full,xgboost,dynamic_full,0.75,candidate_b,42,20260701_192258,831,1782915865953,50,down,up,0.8246753215789795,-5.023226162830241,-5.023226162830241,False,False,16
cooldown_first_signal,xgboost_dynamic_full,xgboost,dynamic_full,0.75,candidate_b,42,20260701_192258,882,1782915871155,50,up,up,0.8388156890869141,3.9070620145897905,3.9070620145897905,True,True,17
cooldown_first_signal,xgboost_dynamic_full,xgboost,dynamic_full,0.75,candidate_b,42,20260701_192258,933,1782915876356,50,down,up,0.8861788511276245,-1.518819593440135,-1.518819593440135,False,False,18
cooldown_first_signal,xgboost_dynamic_full,xgboost,dynamic_full,0.75,candidate_b,42,20260701_192258,984,1782915881558,50,down,up,0.8264522552490234,-3.922822228547007,-3.922822228547007,False,False,19
cooldown_first_signal,xgboost_dynamic_full,xgboost,dynamic_full,0.75,candidate_b,42,20260701_192258,1035,1782915886760,50,up,up,0.8064789175987244,3.4569628994396417,3.4569628994396417,True,True,20
cooldown_first_signal,xgboost_dynamic_full,xgboost,dynamic_full,0.75,candidate_b,42,20260701_192258,1086,1782915891962,50,down,up,0.8264522552490234,-0.8848102290737181,-0.8848102290737181,False,False,21
cooldown_first_signal,xgboost_dynamic_full,xgboost,dynamic_full,0.75,candidate_b,42,20260701_192258,1137,1782915897164,50,down,up,0.8888354897499084,-1.0518486239574631,-1.0518486239574631,False,False,22
cooldown_first_signal,xgboost_dynamic_full,xgboost,dynamic_full,0.75,candidate_b,42,20260701_192258,1189,1782915902468,50,up,up,0.7591601014137268,4.692534611616672,4.692534611616672,True,True,23
cooldown_first_signal,xgboost_dynamic_full,xgboost,dynamic_full,0.75,candidate_b,42,20260701_192258,1240,1782915907670,50,up,up,0.8561437129974365,1.4187842020874086,1.4187842020874086,True,True,24
cooldown_first_signal,xgboost_dynamic_full,xgboost,dynamic_full,0.75,candidate_b,42,20260701_192258,1291,1782915912872,50,up,up,0.8718823790550232,2.5367600733994244,2.5367600733994244,True,True,25
cooldown_first_signal,xgboost_dynamic_full,xgboost,dynamic_full,0.75,candidate_b,42,20260701_192258,1345,1782915918380,50,up,up,0.7610761523246765,1.7852926920625123,1.7852926920625123,True,True,26
cooldown_first_signal,xgboost_dynamic_full,xgboost,dynamic_full,0.75,candidate_b,42,20260701_192258,1396,1782915923582,50,down,up,0.8160214424133301,-0.016682000204548686,-0.016682000204548686,False,False,27
cooldown_first_signal,xgboost_dynamic_full,xgboost,dynamic_full,0.75,candidate_b,42,20260701_192258,1447,1782915928788,50,down,up,0.8915672302246094,-3.102857214350996,-3.102857214350996,False,False,28
cooldown_first_signal,xgboost_dynamic_full,xgboost,dynamic_full,0.75,candidate_b,42,20260701_192258,1503,1782915934502,50,down,up,0.7863495349884033,-3.3205489418042244,-3.3205489418042244,False,False,29
cooldown_first_signal,xgboost_dynamic_full,xgboost,dynamic_full,0.75,candidate_b,42,20260701_192258,1554,1782915939704,50,down,up,0.8745821714401245,-1.7860138424419247,-1.7860138424419247,False,False,30
cooldown_first_signal,xgboost_dynamic_full,xgboost,dynamic_full,0.75,candidate_b,42,20260701_192258,1606,1782915945008,50,down,up,0.8210418224334717,-2.1200605302318376,-2.1200605302318376,False,False,31
cooldown_first_signal,xgboost_dynamic_full,xgboost,dynamic_full,0.75,candidate_b,42,20260701_192258,1657,1782915950210,50,up,up,0.8336827754974365,1.4860267568295171,1.4860267568295171,True,True,32
cooldown_first_signal,xgboost_dynamic_full,xgboost,dynamic_full,0.75,candidate_b,42,20260701_192258,1708,1782915955412,50,down,up,0.8234936594963074,-1.98651341021705,-1.98651341021705,False,False,33
cooldown_first_signal,xgboost_dynamic_full,xgboost,dynamic_full,0.75,candidate_b,42,20260701_192258,1759,1782915960614,50,down,up,0.8027676343917847,-2.7883500397807293,-2.7883500397807293,False,False,34
cooldown_first_signal,xgboost_dynamic_full,xgboost,dynamic_full,0.75,candidate_b,42,20260701_192258,1810,1782915965818,50,down,up,0.8110252022743225,-2.622114108726814,-2.622114108726814,False,False,35
cooldown_first_signal,xgboost_dynamic_full,xgboost,dynamic_full,0.75,candidate_b,42,20260701_192258,1863,1782915971224,50,up,up,0.7563034892082214,3.8759528035914315,3.8759528035914315,True,True,36
cooldown_first_signal,xgboost_dynamic_full,xgboost,dynamic_full,0.75,candidate_b,42,20260701_192258,1914,1782915976426,50,up,up,0.8783788681030273,1.26921673462288,1.26921673462288,True,True,37
cooldown_first_signal,xgboost_dynamic_full,xgboost,dynamic_full,0.75,candidate_b,42,20260701_192258,1965,1782915981630,50,up,up,0.8292867541313171,3.8071669918604556,3.8071669918604556,True,True,38
cooldown_first_signal,xgboost_dynamic_full,xgboost,dynamic_full,0.75,candidate_b,42,20260701_192258,2018,1782915987038,50,down,up,0.8176853060722351,-2.5707863517954177,-2.5707863517954177,False,False,39
cooldown_first_signal,xgboost_dynamic_full,xgboost,dynamic_full,0.75,candidate_b,42,20260701_192258,2069,1782915992240,50,up,up,0.8930385708808899,0.7680754450456462,0.7680754450456462,True,True,40
cooldown_first_signal,xgboost_dynamic_full,xgboost,dynamic_full,0.75,candidate_b,42,20260701_192258,2120,1782915997442,50,down,up,0.756727397441864,-0.01669681833793568,-0.01669681833793568,False,False,41
cooldown_first_signal,xgboost_dynamic_full,xgboost,dynamic_full,0.75,candidate_b,42,20260701_192258,2171,1782916002644,50,down,up,0.8245079517364502,-1.0352044654049486,-1.0352044654049486,False,False,42
cooldown_first_signal,xgboost_dynamic_full,xgboost,dynamic_full,0.75,candidate_b,42,20260701_192258,2222,1782916007846,50,up,up,0.7828229069709778,0.3673686469229942,0.3673686469229942,True,True,43
cooldown_first_signal,xgboost_dynamic_full,xgboost,dynamic_full,0.75,candidate_b,42,20260701_192258,2293,1782916015088,50,down,up,0.8533520698547363,-0.7514082643222952,-0.7514082643222952,False,False,44
cooldown_first_signal,xgboost_dynamic_full,xgboost,dynamic_full,0.75,candidate_b,42,20260701_192258,2346,1782916020494,50,up,up,0.751315176486969,0.4843063855797247,0.4843063855797247,True,True,45
cooldown_first_signal,xgboost_dynamic_full,xgboost,dynamic_full,0.75,candidate_b,42,20260701_192258,2397,1782916025696,50,down,up,0.8208510875701904,-1.9037329029336636,-1.9037329029336636,False,False,46
cooldown_first_signal,xgboost_dynamic_full,xgboost,dynamic_full,0.75,candidate_b,42,20260701_192258,2448,1782916030898,50,down,up,0.826982855796814,-2.3717679442192274,-2.3717679442192274,False,False,47
cooldown_first_signal,xgboost_dynamic_full,xgboost,dynamic_full,0.75,candidate_b,42,20260701_192258,2499,1782916036100,50,up,up,0.7610538005828857,2.355624052425842,2.355624052425842,True,True,48
cooldown_first_signal,xgboost_dynamic_full,xgboost,dynamic_full,0.75,candidate_b,42,20260701_192258,2550,1782916041302,50,down,up,0.8105501532554626,-3.607765715702982,-3.607765715702982,False,False,49
cooldown_first_signal,xgboost_dynamic_full,xgboost,dynamic_full,0.75,candidate_b,42,20260701_192258,2601,1782916046504,50,down,up,0.7828229069709778,-2.6733835428183195,-2.6733835428183195,False,False,50
cooldown_first_signal,xgboost_dynamic_full,xgboost,dynamic_full,0.75,candidate_b,42,20260701_192258,2652,1782916051706,50,down,up,0.8434158563613892,-1.052926257557596,-1.052926257557596,False,False,51
cooldown_first_signal,xgboost_dynamic_full,xgboost,dynamic_full,0.75,candidate_b,42,20260701_192258,2703,1782916056908,50,down,up,0.826982855796814,-0.6518801309429723,-0.6518801309429723,False,False,52
cooldown_first_signal,xgboost_dynamic_full,xgboost,dynamic_full,0.75,candidate_b,42,20260701_192258,2754,1782916062110,50,down,up,0.8352979421615601,-5.399256641044348,-5.399256641044348,False,False,53
cooldown_first_signal,xgboost_dynamic_full,xgboost,dynamic_full,0.75,candidate_b,42,20260701_192258,2805,1782916067312,50,down,up,0.8166707754135132,-0.8195247592646115,-0.8195247592646115,False,False,54
cooldown_first_signal,xgboost_dynamic_full,xgboost,dynamic_full,0.75,candidate_b,42,20260701_192258,2865,1782916073432,50,up,up,0.8244538903236389,4.398629567654577,4.398629567654577,True,True,55
cooldown_first_signal,xgboost_dynamic_full,xgboost,dynamic_full,0.75,candidate_b,42,20260701_192811,11,1782916095668,50,down,up,0.8403838872909546,-0.9200039811085858,-0.9200039811085858,False,False,1
cooldown_first_signal,xgboost_dynamic_full,xgboost,dynamic_full,0.75,candidate_b,42,20260701_192811,62,1782916100870,50,up,up,0.7646523118019104,1.4721418074059578,1.4721418074059578,True,True,2
cooldown_first_signal,xgboost_dynamic_full,xgboost,dynamic_full,0.75,candidate_b,42,20260701_192811,115,1782916106276,50,down,up,0.7599594593048096,-0.7192361377694745,-0.7192361377694745,False,False,3
cooldown_first_signal,xgboost_dynamic_full,xgboost,dynamic_full,0.75,candidate_b,42,20260701_192811,167,1782916111582,50,up,up,0.7730039358139038,1.7229453667422234,1.7229453667422234,True,True,4
cooldown_first_signal,xgboost_dynamic_full,xgboost,dynamic_full,0.75,candidate_b,42,20260701_192811,218,1782916116784,50,up,up,0.8663531541824341,3.344948667580727,3.344948667580727,True,True,5
cooldown_first_signal,xgboost_dynamic_full,xgboost,dynamic_full,0.75,candidate_b,42,20260701_192811,269,1782916121986,50,down,up,0.8333327174186707,-3.878843001322574,-3.878843001322574,False,False,6
cooldown_first_signal,xgboost_dynamic_full,xgboost,dynamic_full,0.75,candidate_b,42,20260701_192811,320,1782916127188,50,up,up,0.8324382305145264,2.7764559877385686,2.7764559877385686,True,True,7
cooldown_first_signal,xgboost_dynamic_full,xgboost,dynamic_full,0.75,candidate_b,42,20260701_192811,371,1782916132390,50,down,up,0.8334795236587524,-4.481226919800241,-4.481226919800241,False,False,8
cooldown_first_signal,xgboost_dynamic_full,xgboost,dynamic_full,0.75,candidate_b,42,20260701_192811,431,1782916138510,50,up,up,0.7512965798377991,1.6226637614846773,1.6226637614846773,True,True,9
cooldown_first_signal,xgboost_dynamic_full,xgboost,dynamic_full,0.75,candidate_b,42,20260701_192811,482,1782916143714,50,up,up,0.7717901468276978,3.3117041142904924,3.3117041142904924,True,True,10
cooldown_first_signal,xgboost_dynamic_full,xgboost,dynamic_full,0.75,candidate_b,42,20260701_192811,533,1782916148916,50,down,up,0.8232192993164062,-2.223792067082009,-2.223792067082009,False,False,11
cooldown_first_signal,xgboost_dynamic_full,xgboost,dynamic_full,0.75,candidate_b,42,20260701_192811,586,1782916154322,50,down,up,0.8124186992645264,-1.9566182612695826,-1.9566182612695826,False,False,12
cooldown_first_signal,xgboost_dynamic_full,xgboost,dynamic_full,0.75,candidate_b,42,20260701_192811,655,1782916161360,50,down,up,0.7871800065040588,-2.1913371924286995,-2.1913371924286995,False,False,13
cooldown_first_signal,xgboost_dynamic_full,xgboost,dynamic_full,0.75,candidate_b,42,20260701_192811,706,1782916166562,50,down,up,0.8112932443618774,-0.3680914874659713,-0.3680914874659713,False,False,14
cooldown_first_signal,xgboost_dynamic_full,xgboost,dynamic_full,0.75,candidate_b,42,20260701_192811,757,1782916171764,50,down,up,0.8991740942001343,-1.6397406198054298,-1.6397406198054298,False,False,15
cooldown_first_signal,xgboost_dynamic_full,xgboost,dynamic_full,0.75,candidate_b,42,20260701_192811,808,1782916176968,50,up,up,0.7678607702255249,1.2551093409429726,1.2551093409429726,True,True,16
cooldown_first_signal,xgboost_dynamic_full,xgboost,dynamic_full,0.75,candidate_b,42,20260701_192811,859,1782916182170,50,down,up,0.7614858150482178,-0.8700999359967376,-0.8700999359967376,False,False,17
cooldown_first_signal,xgboost_dynamic_full,xgboost,dynamic_full,0.75,candidate_b,42,20260701_192811,912,1782916187576,50,up,up,0.775436520576477,0.5522268547908382,0.5522268547908382,True,True,18
cooldown_first_signal,xgboost_dynamic_full,xgboost,dynamic_full,0.75,candidate_b,42,20260701_192811,963,1782916192777,50,up,up,0.8597956299781799,1.1880588373580636,1.1880588373580636,True,True,19
cooldown_first_signal,xgboost_dynamic_full,xgboost,dynamic_full,0.75,candidate_b,42,20260701_192811,1019,1782916198489,50,up,up,0.7764729261398315,0.06693434827953482,0.06693434827953482,True,True,20
cooldown_first_signal,xgboost_dynamic_full,xgboost,dynamic_full,0.75,candidate_b,42,20260701_192811,1070,1782916203691,50,down,up,0.7969513535499573,-0.40168338813262316,-0.40168338813262316,False,False,21
cooldown_first_signal,xgboost_dynamic_full,xgboost,dynamic_full,0.75,candidate_b,42,20260701_192811,1121,1782916208893,50,up,up,0.8757491111755371,0.9623294061933407,0.9623294061933407,True,True,22
cooldown_first_signal,xgboost_dynamic_full,xgboost,dynamic_full,0.75,candidate_b,42,20260701_192811,1172,1782916214095,50,up,up,0.8667653799057007,2.8779410005363992,2.8779410005363992,True,True,23
cooldown_first_signal,xgboost_dynamic_full,xgboost,dynamic_full,0.75,candidate_b,42,20260701_192811,1223,1782916219297,50,down,up,0.8201255798339844,-3.1779988810098914,-3.1779988810098914,False,False,24
cooldown_first_signal,xgboost_dynamic_full,xgboost,dynamic_full,0.75,candidate_b,42,20260701_192811,1300,1782916227153,50,up,up,0.7591601014137268,3.347703349962927,3.347703349962927,True,True,25
cooldown_first_signal,xgboost_dynamic_full,xgboost,dynamic_full,0.75,candidate_b,42,20260701_192811,1351,1782916232355,50,down,up,0.8186449408531189,-4.601174387018903,-4.601174387018903,False,False,26
cooldown_first_signal,xgboost_dynamic_full,xgboost,dynamic_full,0.75,candidate_b,42,20260701_192811,1402,1782916237557,50,down,up,0.8616447448730469,-1.523202474619234,-1.523202474619234,False,False,27
cooldown_first_signal,xgboost_dynamic_full,xgboost,dynamic_full,0.75,candidate_b,42,20260701_192811,1476,1782916245115,50,down,up,0.8102689385414124,-0.8206887253270345,-0.8206887253270345,False,False,28
cooldown_first_signal,xgboost_dynamic_full,xgboost,dynamic_full,0.75,candidate_b,42,20260701_192811,1527,1782916250317,50,down,up,0.8393157720565796,-3.433775452860166,-3.433775452860166,False,False,29
cooldown_first_signal,xgboost_dynamic_full,xgboost,dynamic_full,0.75,candidate_b,42,20260701_192811,1578,1782916255519,50,down,up,0.8462557196617126,-0.4188969438112533,-0.4188969438112533,False,False,30
cooldown_first_signal,xgboost_dynamic_full,xgboost,dynamic_full,0.75,candidate_b,42,20260701_192811,1629,1782916260721,50,up,up,0.792665958404541,6.0488718686402265,6.0488718686402265,True,True,31
cooldown_first_signal,xgboost_dynamic_full,xgboost,dynamic_full,0.75,candidate_b,42,20260701_192811,1680,1782916265923,50,up,up,0.8774998188018799,0.8875246685802196,0.8875246685802196,True,True,32
cooldown_first_signal,xgboost_dynamic_full,xgboost,dynamic_full,0.75,candidate_b,42,20260701_192811,1731,1782916271125,50,down,up,0.8035376071929932,-3.733832963718209,-3.733832963718209,False,False,33
cooldown_first_signal,xgboost_dynamic_full,xgboost,dynamic_full,0.75,candidate_b,42,20260701_192811,1782,1782916276327,50,up,up,0.8964616060256958,1.0384937820195894,1.0384937820195894,True,True,34
cooldown_first_signal,xgboost_dynamic_full,xgboost,dynamic_full,0.75,candidate_b,42,20260701_192811,1834,1782916281631,50,down,up,0.881838321685791,-1.2728601922196159,-1.2728601922196159,False,False,35
cooldown_first_signal,xgboost_dynamic_full,xgboost,dynamic_full,0.75,candidate_b,42,20260701_192811,1888,1782916287141,50,down,up,0.7535564303398132,-1.2897725226523882,-1.2897725226523882,False,False,36
cooldown_first_signal,xgboost_dynamic_full,xgboost,dynamic_full,0.75,candidate_b,42,20260701_192811,1939,1782916292343,50,down,up,0.8643152117729187,-2.948135429970966,-2.948135429970966,False,False,37
cooldown_first_signal,xgboost_dynamic_full,xgboost,dynamic_full,0.75,candidate_b,42,20260701_192811,2011,1782916299687,50,down,up,0.7706610560417175,-1.6335201689476886,-1.6335201689476886,False,False,38
cooldown_first_signal,xgboost_dynamic_full,xgboost,dynamic_full,0.75,candidate_b,42,20260701_192811,2062,1782916304889,50,up,up,0.8968167901039124,2.1612728389142077,2.1612728389142077,True,True,39
cooldown_first_signal,xgboost_dynamic_full,xgboost,dynamic_full,0.75,candidate_b,42,20260701_192811,2113,1782916310091,50,down,up,0.8099417686462402,-2.1608058298194788,-2.1608058298194788,False,False,40
cooldown_first_signal,xgboost_dynamic_full,xgboost,dynamic_full,0.75,candidate_b,42,20260701_192811,2165,1782916315395,50,up,up,0.7627058625221252,2.2618653687467294,2.2618653687467294,True,True,41
cooldown_first_signal,xgboost_dynamic_full,xgboost,dynamic_full,0.75,candidate_b,42,20260701_192811,2218,1782916320801,50,up,up,0.7507336735725403,2.1273477250360884,2.1273477250360884,True,True,42
cooldown_first_signal,xgboost_dynamic_full,xgboost,dynamic_full,0.75,candidate_b,42,20260701_192811,2269,1782916326003,50,down,up,0.9081773161888123,-4.354273761565386,-4.354273761565386,False,False,43
cooldown_first_signal,xgboost_dynamic_full,xgboost,dynamic_full,0.75,candidate_b,42,20260701_192811,2322,1782916331409,50,up,up,0.7687495946884155,0.1340499419821839,0.1340499419821839,True,True,44
cooldown_first_signal,xgboost_dynamic_full,xgboost,dynamic_full,0.75,candidate_b,42,20260701_192811,2373,1782916336613,50,down,up,0.8256334066390991,-1.306969414403003,-1.306969414403003,False,False,45
cooldown_first_signal,xgboost_dynamic_full,xgboost,dynamic_full,0.75,candidate_b,42,20260701_192811,2424,1782916341815,50,down,up,0.826982855796814,-1.8098865050342194,-1.8098865050342194,False,False,46
cooldown_first_signal,xgboost_dynamic_full,xgboost,dynamic_full,0.75,candidate_b,42,20260701_192811,2475,1782916347017,50,up,up,0.8262509107589722,4.072981799805309,4.072981799805309,True,True,47
cooldown_first_signal,xgboost_dynamic_full,xgboost,dynamic_full,0.75,candidate_b,42,20260701_192811,2526,1782916352219,50,down,up,0.826982855796814,-0.016754417930808785,-0.016754417930808785,False,False,48
cooldown_first_signal,xgboost_dynamic_full,xgboost,dynamic_full,0.75,candidate_b,42,20260701_192811,2577,1782916357423,50,up,up,0.8507837057113647,0.01675444600168774,0.01675444600168774,True,True,49
cooldown_first_signal,xgboost_dynamic_full,xgboost,dynamic_full,0.75,candidate_b,42,20260701_192811,2628,1782916362625,50,up,up,0.8287618160247803,0.7371943889467047,0.7371943889467047,True,True,50
cooldown_first_signal,xgboost_dynamic_full,xgboost,dynamic_full,0.75,candidate_b,42,20260701_192811,2679,1782916367827,50,up,up,0.8219709396362305,0.6198999615492085,0.6198999615492085,True,True,51
cooldown_first_signal,xgboost_dynamic_full,xgboost,dynamic_full,0.75,candidate_b,42,20260701_192811,2765,1782916376599,50,up,up,0.7730039358139038,3.1836647835570275,3.1836647835570275,True,True,52
cooldown_first_signal,xgboost_dynamic_full,xgboost,dynamic_full,0.75,candidate_b,42,20260701_192811,2816,1782916381801,50,down,up,0.8234133720397949,-4.639970920615744,-4.639970920615744,False,False,53
cooldown_first_signal,xgboost_dynamic_full,xgboost,dynamic_full,0.75,candidate_b,42,20260701_193325,13,1782916410059,50,down,up,0.7591258883476257,-0.6539262823879177,-0.6539262823879177,False,False,1
cooldown_first_signal,xgboost_dynamic_full,xgboost,dynamic_full,0.75,candidate_b,42,20260701_193325,65,1782916415363,50,down,up,0.7739478349685669,-1.5091593395588632,-1.5091593395588632,False,False,2
cooldown_first_signal,xgboost_dynamic_full,xgboost,dynamic_full,0.75,candidate_b,42,20260701_193325,116,1782916420565,50,down,up,0.826982855796814,-1.3752193852256678,-1.3752193852256678,False,False,3
cooldown_first_signal,xgboost_dynamic_full,xgboost,dynamic_full,0.75,candidate_b,42,20260701_193325,167,1782916425768,50,down,up,0.8831621408462524,-7.329921090128977,-7.329921090128977,False,False,4
cooldown_first_signal,xgboost_dynamic_full,xgboost,dynamic_full,0.75,candidate_b,42,20260701_193325,228,1782916431990,50,down,up,0.8154083490371704,-0.2686138935514837,-0.2686138935514837,False,False,5
cooldown_first_signal,xgboost_dynamic_full,xgboost,dynamic_full,0.75,candidate_b,42,20260701_193325,281,1782916437398,50,down,up,0.8043746948242188,-1.141647380381583,-1.141647380381583,False,False,6
cooldown_first_signal,xgboost_dynamic_full,xgboost,dynamic_full,0.75,candidate_b,42,20260701_193325,338,1782916443212,50,down,up,0.8290522694587708,-0.016790848986758533,-0.016790848986758533,False,False,7
cooldown_first_signal,xgboost_dynamic_full,xgboost,dynamic_full,0.75,candidate_b,42,20260701_193325,390,1782916448516,50,down,up,0.7810707688331604,-5.79343628857365,-5.79343628857365,False,False,8
cooldown_first_signal,xgboost_dynamic_full,xgboost,dynamic_full,0.75,candidate_b,42,20260701_193325,441,1782916453718,50,up,up,0.9062684178352356,6.1658754913174185,6.1658754913174185,True,True,9
cooldown_first_signal,xgboost_dynamic_full,xgboost,dynamic_full,0.75,candidate_b,42,20260701_193325,492,1782916458920,50,up,up,0.8234066367149353,3.274127591912368,3.274127591912368,True,True,10
cooldown_first_signal,xgboost_dynamic_full,xgboost,dynamic_full,0.75,candidate_b,42,20260701_193325,543,1782916464122,50,up,up,0.8430516123771667,2.215532730720504,2.215532730720504,True,True,11
cooldown_first_signal,xgboost_dynamic_full,xgboost,dynamic_full,0.75,candidate_b,42,20260701_193325,594,1782916469324,50,down,up,0.8327165842056274,-0.7719085691093586,-0.7719085691093586,False,False,12
cooldown_first_signal,xgboost_dynamic_full,xgboost,dynamic_full,0.75,candidate_b,42,20260701_193325,645,1782916474526,50,up,up,0.8333327174186707,0.21816491421633444,0.21816491421633444,True,True,13
cooldown_first_signal,xgboost_dynamic_full,xgboost,dynamic_full,0.75,candidate_b,42,20260701_193325,700,1782916480136,50,down,up,0.7501005530357361,-0.23494170508953083,-0.23494170508953083,False,False,14
cooldown_first_signal,xgboost_dynamic_full,xgboost,dynamic_full,0.75,candidate_b,42,20260701_193325,760,1782916486258,50,up,up,0.8183359503746033,8.139092902290646,8.139092902290646,True,True,15
cooldown_first_signal,xgboost_dynamic_full,xgboost,dynamic_full,0.75,candidate_b,42,20260701_193325,811,1782916491460,50,down,up,0.8601685762405396,-1.0059729644762427,-1.0059729644762427,False,False,16
cooldown_first_signal,xgboost_dynamic_full,xgboost,dynamic_full,0.75,candidate_b,42,20260701_193325,873,1782916497784,50,up,up,0.8171718120574951,4.98035944109354,4.98035944109354,True,True,17
cooldown_first_signal,xgboost_dynamic_full,xgboost,dynamic_full,0.75,candidate_b,42,20260701_193325,924,1782916502986,50,up,up,0.884151816368103,2.1453382888414474,2.1453382888414474,True,True,18
cooldown_first_signal,xgboost_dynamic_full,xgboost,dynamic_full,0.75,candidate_b,42,20260701_193325,975,1782916508190,50,up,up,0.822971522808075,4.641650349672677,4.641650349672677,True,True,19
cooldown_first_signal,xgboost_dynamic_full,xgboost,dynamic_full,0.75,candidate_b,42,20260701_193325,1026,1782916513392,50,down,up,0.8338935375213623,-2.0768866798703822,-2.0768866798703822,False,False,20
cooldown_first_signal,xgboost_dynamic_full,xgboost,dynamic_full,0.75,candidate_b,42,20260701_193325,1077,1782916518594,50,down,up,0.7812023758888245,-7.379505078958237,-7.379505078958237,False,False,21
cooldown_first_signal,xgboost_dynamic_full,xgboost,dynamic_full,0.75,candidate_b,42,20260701_193325,1137,1782916524714,50,up,up,0.7747701406478882,0.18442992291589633,0.18442992291589633,True,True,22
cooldown_first_signal,xgboost_dynamic_full,xgboost,dynamic_full,0.75,candidate_b,42,20260701_193325,1188,1782916529916,50,down,up,0.8728869557380676,-6.7902492021454375,-6.7902492021454375,False,False,23
cooldown_first_signal,xgboost_dynamic_full,xgboost,dynamic_full,0.75,candidate_b,42,20260701_193325,1239,1782916535118,50,down,up,0.877767026424408,-0.4865457516589622,-0.4865457516589622,False,False,24
cooldown_first_signal,xgboost_dynamic_full,xgboost,dynamic_full,0.75,candidate_b,42,20260701_193325,1290,1782916540320,50,down,up,0.826982855796814,-4.530129133847316,-4.530129133847316,False,False,25
cooldown_first_signal,xgboost_dynamic_full,xgboost,dynamic_full,0.75,candidate_b,42,20260701_193325,1341,1782916545522,50,up,up,0.8965011835098267,1.4267981223325954,1.4267981223325954,True,True,26
cooldown_first_signal,xgboost_dynamic_full,xgboost,dynamic_full,0.75,candidate_b,42,20260701_193325,1392,1782916550724,50,down,up,0.8524121642112732,-3.423826982609235,-3.423826982609235,False,False,27
cooldown_first_signal,xgboost_dynamic_full,xgboost,dynamic_full,0.75,candidate_b,42,20260701_193325,1459,1782916557558,50,down,up,0.761932373046875,-1.544916343619862,-1.544916343619862,False,False,28
cooldown_first_signal,xgboost_dynamic_full,xgboost,dynamic_full,0.75,candidate_b,42,20260701_193325,1511,1782916562862,50,up,up,0.7598060369491577,3.8628876428736802,3.8628876428736802,True,True,29
cooldown_first_signal,xgboost_dynamic_full,xgboost,dynamic_full,0.75,candidate_b,42,20260701_193325,1562,1782916568064,50,down,up,0.8005292415618896,-3.424890390915092,-3.424890390915092,False,False,30
cooldown_first_signal,xgboost_dynamic_full,xgboost,dynamic_full,0.75,candidate_b,42,20260701_193325,1613,1782916573266,50,up,up,0.8499161005020142,2.099303786891049,2.099303786891049,True,True,31
cooldown_first_signal,xgboost_dynamic_full,xgboost,dynamic_full,0.75,candidate_b,42,20260701_193325,1664,1782916578468,50,up,up,0.81071937084198,1.444017862164415,1.444017862164415,True,True,32
cooldown_first_signal,xgboost_dynamic_full,xgboost,dynamic_full,0.75,candidate_b,42,20260701_193325,1715,1782916583670,50,down,up,0.8722373843193054,-2.4679067198418725,-2.4679067198418725,False,False,33
cooldown_first_signal,xgboost_dynamic_full,xgboost,dynamic_full,0.75,candidate_b,42,20260701_193325,1766,1782916588872,50,up,up,0.8200656175613403,1.4609584055080838,1.4609584055080838,True,True,34
cooldown_first_signal,xgboost_dynamic_full,xgboost,dynamic_full,0.75,candidate_b,42,20260701_193325,1818,1782916594176,50,up,up,0.7697531580924988,3.609899183072418,3.609899183072418,True,True,35
cooldown_first_signal,xgboost_dynamic_full,xgboost,dynamic_full,0.75,candidate_b,42,20260701_193325,1869,1782916599378,50,up,up,0.8933901190757751,0.4531573740051975,0.4531573740051975,True,True,36
cooldown_first_signal,xgboost_dynamic_full,xgboost,dynamic_full,0.75,candidate_b,42,20260701_193325,1920,1782916604580,50,down,up,0.8051256537437439,-0.6545309907834973,-0.6545309907834973,False,False,37
cooldown_first_signal,xgboost_dynamic_full,xgboost,dynamic_full,0.75,candidate_b,42,20260701_193325,1971,1782916609782,50,down,up,0.8423336744308472,-0.3021110006173888,-0.3021110006173888,False,False,38
cooldown_first_signal,xgboost_dynamic_full,xgboost,dynamic_full,0.75,candidate_b,42,20260701_193325,2022,1782916614984,50,up,up,0.7512965798377991,3.373674762647827,3.373674762647827,True,True,39
cooldown_first_signal,xgboost_dynamic_full,xgboost,dynamic_full,0.75,candidate_b,42,20260701_193325,2073,1782916620186,50,up,up,0.802671492099762,6.694636488788763,6.694636488788763,True,True,40
cooldown_first_signal,xgboost_dynamic_full,xgboost,dynamic_full,0.75,candidate_b,42,20260701_193325,2124,1782916625388,50,down,up,0.8289756178855896,-2.6660026810931825,-2.6660026810931825,False,False,41
cooldown_first_signal,xgboost_dynamic_full,xgboost,dynamic_full,0.75,candidate_b,42,20260701_193325,2191,1782916632222,50,up,up,0.8317573666572571,0.6206621794468958,0.6206621794468958,True,True,42
cooldown_first_signal,xgboost_dynamic_full,xgboost,dynamic_full,0.75,candidate_b,42,20260701_193325,2242,1782916637424,50,down,up,0.826982855796814,-0.60385004725938,-0.60385004725938,False,False,43
cooldown_first_signal,xgboost_dynamic_full,xgboost,dynamic_full,0.75,candidate_b,42,20260701_193325,2293,1782916642626,50,down,up,0.824918270111084,-3.539445950898612,-3.539445950898612,False,False,44
cooldown_first_signal,xgboost_dynamic_full,xgboost,dynamic_full,0.75,candidate_b,42,20260701_193325,2344,1782916647828,50,down,up,0.8433088064193726,-2.768793183735019,-2.768793183735019,False,False,45
cooldown_first_signal,xgboost_dynamic_full,xgboost,dynamic_full,0.75,candidate_b,42,20260701_193325,2398,1782916653336,50,down,up,0.7747701406478882,-0.3189190323327207,-0.3189190323327207,False,False,46
cooldown_first_signal,xgboost_dynamic_full,xgboost,dynamic_full,0.75,candidate_b,42,20260701_193325,2449,1782916658538,50,up,up,0.8293823599815369,1.376431299713321,1.376431299713321,True,True,47
cooldown_first_signal,xgboost_dynamic_full,xgboost,dynamic_full,0.75,candidate_b,42,20260701_193325,2500,1782916663740,50,down,up,0.8936432003974915,-0.4363818240249451,-0.4363818240249451,False,False,48
cooldown_first_signal,xgboost_dynamic_full,xgboost,dynamic_full,0.75,candidate_b,42,20260701_193325,2551,1782916668944,50,up,up,0.847387969493866,1.17492541321651,1.17492541321651,True,True,49
cooldown_first_signal,xgboost_dynamic_full,xgboost,dynamic_full,0.75,candidate_b,42,20260701_193325,2602,1782916674146,50,up,up,0.7653266191482544,1.2419180921452444,1.2419180921452444,True,True,50
cooldown_first_signal,xgboost_dynamic_full,xgboost,dynamic_full,0.75,candidate_b,42,20260701_193325,2653,1782916679348,50,up,up,0.8147768974304199,0.5034177872609291,0.5034177872609291,True,True,51
cooldown_first_signal,xgboost_dynamic_full,xgboost,dynamic_full,0.75,candidate_b,42,20260701_193325,2704,1782916684550,50,down,up,0.8208510875701904,-0.4866126974034657,-0.4866126974034657,False,False,52
cooldown_first_signal,xgboost_dynamic_full,xgboost,dynamic_full,0.75,candidate_b,42,20260701_193325,2755,1782916689752,50,down,up,0.781623363494873,-1.6277147807408632,-1.6277147807408632,False,False,53
cooldown_first_signal,xgboost_dynamic_full,xgboost,dynamic_full,0.75,candidate_b,42,20260701_193325,2806,1782916694954,50,down,up,0.7678607702255249,-0.4699323045731507,-0.4699323045731507,False,False,54
cooldown_first_signal,xgboost_dynamic_full,xgboost,dynamic_full,0.75,candidate_b,42,20260701_193325,2857,1782916700156,50,up,up,0.8785719275474548,3.8431233684566024,3.8431233684566024,True,True,55
cooldown_first_signal,xgboost_dynamic_full,xgboost,dynamic_full,0.75,candidate_b,42,20260701_193836,11,1782916720762,50,up,up,0.8189890384674072,0.8380536706331654,0.8380536706331654,True,True,1
cooldown_first_signal,xgboost_dynamic_full,xgboost,dynamic_full,0.75,candidate_b,42,20260701_193836,63,1782916726068,50,down,up,0.822669506072998,-2.446956765123076,-2.446956765123076,False,False,2
cooldown_first_signal,xgboost_dynamic_full,xgboost,dynamic_full,0.75,candidate_b,42,20260701_193836,114,1782916731272,50,down,up,0.9091136455535889,-3.017246075693869,-3.017246075693869,False,False,3
cooldown_first_signal,xgboost_dynamic_full,xgboost,dynamic_full,0.75,candidate_b,42,20260701_193836,166,1782916736576,50,up,up,0.7880217432975769,0.4191996807367815,0.4191996807367815,True,True,4
cooldown_first_signal,xgboost_dynamic_full,xgboost,dynamic_full,0.75,candidate_b,42,20260701_193836,217,1782916741778,50,up,up,0.8818271160125732,1.006011758599712,1.006011758599712,True,True,5
cooldown_first_signal,xgboost_dynamic_full,xgboost,dynamic_full,0.75,candidate_b,42,20260701_193836,268,1782916746980,50,up,up,0.8721994757652283,0.3855990490797545,0.3855990490797545,True,True,6
cooldown_first_signal,xgboost_dynamic_full,xgboost,dynamic_full,0.75,candidate_b,42,20260701_193836,319,1782916752182,50,up,up,0.7645874619483948,2.430856793196323,2.430856793196323,True,True,7
cooldown_first_signal,xgboost_dynamic_full,xgboost,dynamic_full,0.75,candidate_b,42,20260701_193836,370,1782916757384,50,up,up,0.8563565015792847,4.64264614069565,4.64264614069565,True,True,8
cooldown_first_signal,xgboost_dynamic_full,xgboost,dynamic_full,0.75,candidate_b,42,20260701_193836,421,1782916762586,50,down,up,0.8930385708808899,-1.691992102920148,-1.691992102920148,False,False,9
cooldown_first_signal,xgboost_dynamic_full,xgboost,dynamic_full,0.75,candidate_b,42,20260701_193836,472,1782916767788,50,up,up,0.8892620205879211,0.9047825296559786,0.9047825296559786,True,True,10
cooldown_first_signal,xgboost_dynamic_full,xgboost,dynamic_full,0.75,candidate_b,42,20260701_193836,523,1782916772990,50,up,up,0.8628567457199097,0.2513057427555587,0.2513057427555587,True,True,11
cooldown_first_signal,xgboost_dynamic_full,xgboost,dynamic_full,0.75,candidate_b,42,20260701_193836,574,1782916778192,50,up,up,0.8466021418571472,2.512994274561642,2.512994274561642,True,True,12
cooldown_first_signal,xgboost_dynamic_full,xgboost,dynamic_full,0.75,candidate_b,42,20260701_193836,626,1782916783498,50,down,up,0.8043901324272156,-1.8090164394357622,-1.8090164394357622,False,False,13
cooldown_first_signal,xgboost_dynamic_full,xgboost,dynamic_full,0.75,candidate_b,42,20260701_193836,678,1782916788802,50,up,up,0.813887894153595,4.071241703589301,4.071241703589301,True,True,14
cooldown_first_signal,xgboost_dynamic_full,xgboost,dynamic_full,0.75,candidate_b,42,20260701_193836,729,1782916794004,50,down,up,0.8977856040000916,-1.6746421499058695,-1.6746421499058695,False,False,15
cooldown_first_signal,xgboost_dynamic_full,xgboost,dynamic_full,0.75,candidate_b,42,20260701_193836,780,1782916799208,50,up,up,0.8287618160247803,3.165603788675142,3.165603788675142,True,True,16
cooldown_first_signal,xgboost_dynamic_full,xgboost,dynamic_full,0.75,candidate_b,42,20260701_193836,831,1782916804410,50,down,up,0.8184963464736938,-3.348841259064317,-3.348841259064317,False,False,17
cooldown_first_signal,xgboost_dynamic_full,xgboost,dynamic_full,0.75,candidate_b,42,20260701_193836,882,1782916809612,50,down,up,0.8382091522216797,-2.5961735751400816,-2.5961735751400816,False,False,18
cooldown_first_signal,xgboost_dynamic_full,xgboost,dynamic_full,0.75,candidate_b,42,20260701_193836,933,1782916814814,50,down,up,0.8249744772911072,-3.2670020230285424,-3.2670020230285424,False,False,19
cooldown_first_signal,xgboost_dynamic_full,xgboost,dynamic_full,0.75,candidate_b,42,20260701_193836,1002,1782916821852,50,down,up,0.7919301986694336,-3.318803789136293,-3.318803789136293,False,False,20
cooldown_first_signal,xgboost_dynamic_full,xgboost,dynamic_full,0.75,candidate_b,42,20260701_193836,1054,1782916827158,50,down,up,0.8201196193695068,-0.5701249495904115,-0.5701249495904115,False,False,21
cooldown_first_signal,xgboost_dynamic_full,xgboost,dynamic_full,0.75,candidate_b,42,20260701_193836,1105,1782916832360,50,down,up,0.7716529369354248,-1.1235455744473821,-1.1235455744473821,False,False,22
cooldown_first_signal,xgboost_dynamic_full,xgboost,dynamic_full,0.75,candidate_b,42,20260701_193836,1158,1782916837768,50,down,up,0.8337304592132568,-1.3752954998491607,-1.3752954998491607,False,False,23
cooldown_first_signal,xgboost_dynamic_full,xgboost,dynamic_full,0.75,candidate_b,42,20260701_193836,1211,1782916843174,50,up,up,0.7634546756744385,4.2606476352147205,4.2606476352147205,True,True,24
cooldown_first_signal,xgboost_dynamic_full,xgboost,dynamic_full,0.75,candidate_b,42,20260701_193836,1265,1782916848682,50,down,up,0.7643373012542725,-1.374898873672814,-1.374898873672814,False,False,25
cooldown_first_signal,xgboost_dynamic_full,xgboost,dynamic_full,0.75,candidate_b,42,20260701_193836,1316,1782916853884,50,up,up,0.8582035303115845,1.358318569304462,1.358318569304462,True,True,26
cooldown_first_signal,xgboost_dynamic_full,xgboost,dynamic_full,0.75,candidate_b,42,20260701_193836,1367,1782916859086,50,down,up,0.8042317628860474,-0.9557239902657777,-0.9557239902657777,False,False,27
cooldown_first_signal,xgboost_dynamic_full,xgboost,dynamic_full,0.75,candidate_b,42,20260701_193836,1476,1782916870204,50,up,up,0.8195891380310059,2.5830496591305874,2.5830496591305874,True,True,28
cooldown_first_signal,xgboost_dynamic_full,xgboost,dynamic_full,0.75,candidate_b,42,20260701_193836,1527,1782916875410,50,down,up,0.8770236968994141,-1.2073477169805003,-1.2073477169805003,False,False,29
cooldown_first_signal,xgboost_dynamic_full,xgboost,dynamic_full,0.75,candidate_b,42,20260701_193836,1578,1782916880612,50,down,up,0.8381441235542297,-4.343622463739427,-4.343622463739427,False,False,30
cooldown_first_signal,xgboost_dynamic_full,xgboost,dynamic_full,0.75,candidate_b,42,20260701_193836,1635,1782916886426,50,up,up,0.7591258883476257,1.2583523134801489,1.2583523134801489,True,True,31
cooldown_first_signal,xgboost_dynamic_full,xgboost,dynamic_full,0.75,candidate_b,42,20260701_193836,1686,1782916891628,50,up,up,0.8208510875701904,1.610488305086033,1.610488305086033,True,True,32
cooldown_first_signal,xgboost_dynamic_full,xgboost,dynamic_full,0.75,candidate_b,42,20260701_193836,1737,1782916896830,50,up,up,0.8735142350196838,2.683714965987516,2.683714965987516,True,True,33
cooldown_first_signal,xgboost_dynamic_full,xgboost,dynamic_full,0.75,candidate_b,42,20260701_193836,1788,1782916902034,50,down,up,0.9057217240333557,-2.24682363691997,-2.24682363691997,False,False,34
cooldown_first_signal,xgboost_dynamic_full,xgboost,dynamic_full,0.75,candidate_b,42,20260701_193836,1839,1782916907236,50,down,up,0.8521248698234558,-1.257833155978716,-1.257833155978716,False,False,35
cooldown_first_signal,xgboost_dynamic_full,xgboost,dynamic_full,0.75,candidate_b,42,20260701_193836,1890,1782916912440,50,down,up,0.835512638092041,-0.3857840263599144,-0.3857840263599144,False,False,36
cooldown_first_signal,xgboost_dynamic_full,xgboost,dynamic_full,0.75,candidate_b,42,20260701_193836,1941,1782916917642,50,up,up,0.8531288504600525,2.1806025340276314,2.1806025340276314,True,True,37
cooldown_first_signal,xgboost_dynamic_full,xgboost,dynamic_full,0.75,candidate_b,42,20260701_193836,1992,1782916922846,50,up,up,0.8919448852539062,1.308076280970294,1.308076280970294,True,True,38
cooldown_first_signal,xgboost_dynamic_full,xgboost,dynamic_full,0.75,candidate_b,42,20260701_193836,2043,1782916928050,50,up,up,0.8836026191711426,5.8017333097470924,5.8017333097470924,True,True,39
cooldown_first_signal,xgboost_dynamic_full,xgboost,dynamic_full,0.75,candidate_b,42,20260701_193836,2094,1782916933252,50,down,up,0.7774085998535156,-1.6424392904990093,-1.6424392904990093,False,False,40
cooldown_first_signal,xgboost_dynamic_full,xgboost,dynamic_full,0.75,candidate_b,42,20260701_193836,2146,1782916938556,50,up,up,0.7722383737564087,0.7207805214926033,0.7207805214926033,True,True,41
cooldown_first_signal,xgboost_dynamic_full,xgboost,dynamic_full,0.75,candidate_b,42,20260701_193836,2219,1782916946008,50,up,up,0.7712474465370178,1.156651711216039,1.156651711216039,True,True,42
cooldown_first_signal,xgboost_dynamic_full,xgboost,dynamic_full,0.75,candidate_b,42,20260701_193836,2270,1782916951210,50,up,up,0.7632592916488647,0.23465581439507943,0.23465581439507943,True,True,43
cooldown_first_signal,xgboost_dynamic_full,xgboost,dynamic_full,0.75,candidate_b,42,20260701_193836,2321,1782916956412,50,down,up,0.7532416582107544,-6.70429451965826,-6.70429451965826,False,False,44
cooldown_first_signal,xgboost_dynamic_full,xgboost,dynamic_full,0.75,candidate_b,42,20260701_193836,2374,1782916961818,50,down,up,0.7701510190963745,-0.352211595309182,-0.352211595309182,False,False,45
cooldown_first_signal,xgboost_dynamic_full,xgboost,dynamic_full,0.75,candidate_b,42,20260701_193836,2425,1782916967020,50,down,up,0.8322754502296448,-1.7778925767109044,-1.7778925767109044,False,False,46
cooldown_first_signal,xgboost_dynamic_full,xgboost,dynamic_full,0.75,candidate_b,42,20260701_193836,2476,1782916972222,50,up,up,0.8235588073730469,1.2078398874026952,1.2078398874026952,True,True,47
cooldown_first_signal,xgboost_dynamic_full,xgboost,dynamic_full,0.75,candidate_b,42,20260701_193836,2527,1782916977424,50,up,up,0.8569292426109314,2.5495591527069372,2.5495591527069372,True,True,48
cooldown_first_signal,xgboost_dynamic_full,xgboost,dynamic_full,0.75,candidate_b,42,20260701_193836,2578,1782916982626,50,up,up,0.8661739230155945,1.5930683082543418,1.5930683082543418,True,True,49
cooldown_first_signal,xgboost_dynamic_full,xgboost,dynamic_full,0.75,candidate_b,42,20260701_193836,2629,1782916987828,50,up,up,0.8264522552490234,1.1904193042422406,1.1904193042422406,True,True,50
cooldown_first_signal,xgboost_dynamic_full,xgboost,dynamic_full,0.75,candidate_b,42,20260701_193836,2680,1782916993030,50,down,up,0.8160214424133301,-1.4249802388766053,-1.4249802388766053,False,False,51
cooldown_first_signal,xgboost_dynamic_full,xgboost,dynamic_full,0.75,candidate_b,42,20260701_193836,2731,1782916998232,50,up,up,0.8582035303115845,0.26826980229488484,0.26826980229488484,True,True,52
cooldown_first_signal,xgboost_dynamic_full,xgboost,dynamic_full,0.75,candidate_b,42,20260701_193836,2782,1782917003434,50,up,up,0.8364802598953247,0.8047594817006676,0.8047594817006676,True,True,53
cooldown_first_signal,xgboost_dynamic_full,xgboost,dynamic_full,0.75,candidate_b,42,20260701_193836,2837,1782917009044,50,up,up,0.8751494884490967,1.5924220823682056,1.5924220823682056,True,True,54
cooldown_first_signal,xgboost_dynamic_full,xgboost,dynamic_full,0.75,candidate_b,42,20260701_194351,11,1782917035978,50,up,up,0.8161364793777466,1.0226380205069496,1.0226380205069496,True,True,1
cooldown_first_signal,xgboost_dynamic_full,xgboost,dynamic_full,0.75,candidate_b,42,20260701_194351,62,1782917041182,50,up,up,0.7752286195755005,2.2797467134338945,2.2797467134338945,True,True,2
cooldown_first_signal,xgboost_dynamic_full,xgboost,dynamic_full,0.75,candidate_b,42,20260701_194351,113,1782917046384,50,down,up,0.8320351243019104,-0.6033248225423282,-0.6033248225423282,False,False,3
cooldown_first_signal,xgboost_dynamic_full,xgboost,dynamic_full,0.75,candidate_b,42,20260701_194351,164,1782917051586,50,down,up,0.8971882462501526,-0.48604098666360507,-0.48604098666360507,False,False,4
cooldown_first_signal,xgboost_dynamic_full,xgboost,dynamic_full,0.75,candidate_b,42,20260701_194351,215,1782917056788,50,down,up,0.7853050231933594,-6.218274856129025,-6.218274856129025,False,False,5
cooldown_first_signal,xgboost_dynamic_full,xgboost,dynamic_full,0.75,candidate_b,42,20260701_194351,268,1782917062196,50,down,up,0.826982855796814,-3.4548831670877522,-3.4548831670877522,False,False,6
cooldown_first_signal,xgboost_dynamic_full,xgboost,dynamic_full,0.75,candidate_b,42,20260701_194351,320,1782917067500,50,down,up,0.7760722041130066,-2.046803002760944,-2.046803002760944,False,False,7
cooldown_first_signal,xgboost_dynamic_full,xgboost,dynamic_full,0.75,candidate_b,42,20260701_194351,373,1782917072906,50,down,up,0.7558538317680359,-0.06712203373004932,-0.06712203373004932,False,False,8
cooldown_first_signal,xgboost_dynamic_full,xgboost,dynamic_full,0.75,candidate_b,42,20260701_194351,424,1782917078108,50,down,up,0.8346555829048157,-2.9869505500268456,-2.9869505500268456,False,False,9
cooldown_first_signal,xgboost_dynamic_full,xgboost,dynamic_full,0.75,candidate_b,42,20260701_194351,481,1782917083922,50,up,up,0.826982855796814,0.01678563485318918,0.01678563485318918,True,True,10
cooldown_first_signal,xgboost_dynamic_full,xgboost,dynamic_full,0.75,candidate_b,42,20260701_194351,532,1782917089126,50,down,up,0.8197034001350403,-0.889637153932421,-0.889637153932421,False,False,11
cooldown_first_signal,xgboost_dynamic_full,xgboost,dynamic_full,0.75,candidate_b,42,20260701_194351,583,1782917094328,50,up,up,0.8241553902626038,1.8800857789136316,1.8800857789136316,True,True,12
cooldown_first_signal,xgboost_dynamic_full,xgboost,dynamic_full,0.75,candidate_b,42,20260701_194351,634,1782917099530,50,down,up,0.8264522552490234,-4.1454812156827,-4.1454812156827,False,False,13
cooldown_first_signal,xgboost_dynamic_full,xgboost,dynamic_full,0.75,candidate_b,42,20260701_194351,687,1782917104936,50,up,up,0.7720327377319336,0.3358288213339833,0.3358288213339833,True,True,14
cooldown_first_signal,xgboost_dynamic_full,xgboost,dynamic_full,0.75,candidate_b,42,20260701_194351,738,1782917110138,50,up,up,0.8543906211853027,0.10074526308301301,0.10074526308301301,True,True,15
cooldown_first_signal,xgboost_dynamic_full,xgboost,dynamic_full,0.75,candidate_b,42,20260701_194351,789,1782917115340,50,down,up,0.8448358178138733,-3.005536735970482,-3.005536735970482,False,False,16
cooldown_first_signal,xgboost_dynamic_full,xgboost,dynamic_full,0.75,candidate_b,42,20260701_194351,841,1782917120644,50,up,up,0.7591258883476257,1.3604562399160969,1.3604562399160969,True,True,17
cooldown_first_signal,xgboost_dynamic_full,xgboost,dynamic_full,0.75,candidate_b,42,20260701_194351,904,1782917127070,50,up,up,0.7746407389640808,2.7381129362380463,2.7381129362380463,True,True,18
cooldown_first_signal,xgboost_dynamic_full,xgboost,dynamic_full,0.75,candidate_b,42,20260701_194351,955,1782917132272,50,down,up,0.8772441148757935,-0.8060947480403868,-0.8060947480403868,False,False,19
cooldown_first_signal,xgboost_dynamic_full,xgboost,dynamic_full,0.75,candidate_b,42,20260701_194351,1006,1782917137474,50,down,up,0.857386589050293,-1.931424358284639,-1.931424358284639,False,False,20
cooldown_first_signal,xgboost_dynamic_full,xgboost,dynamic_full,0.75,candidate_b,42,20260701_194351,1057,1782917142676,50,down,up,0.7578237056732178,-3.359647774526797,-3.359647774526797,False,False,21
cooldown_first_signal,xgboost_dynamic_full,xgboost,dynamic_full,0.75,candidate_b,42,20260701_194351,1109,1782917147980,50,up,up,0.7760406136512756,0.6217447670531229,0.6217447670531229,True,True,22
cooldown_first_signal,xgboost_dynamic_full,xgboost,dynamic_full,0.75,candidate_b,42,20260701_194351,1170,1782917154202,50,down,up,0.7736819386482239,-2.6548843571017056,-2.6548843571017056,False,False,23
cooldown_first_signal,xgboost_dynamic_full,xgboost,dynamic_full,0.75,candidate_b,42,20260701_194351,1221,1782917159404,50,down,up,0.8533520698547363,-0.10084516653297015,-0.10084516653297015,False,False,24
cooldown_first_signal,xgboost_dynamic_full,xgboost,dynamic_full,0.75,candidate_b,42,20260701_194351,1272,1782917164606,50,up,up,0.8349594473838806,0.05042309175751214,0.05042309175751214,True,True,25
cooldown_first_signal,xgboost_dynamic_full,xgboost,dynamic_full,0.75,candidate_b,42,20260701_194351,1323,1782917169808,50,down,up,0.7973754405975342,-5.613940725862632,-5.613940725862632,False,False,26
cooldown_first_signal,xgboost_dynamic_full,xgboost,dynamic_full,0.75,candidate_b,42,20260701_194351,1374,1782917175010,50,up,up,0.8331326842308044,0.5550094225470481,0.5550094225470481,True,True,27
cooldown_first_signal,xgboost_dynamic_full,xgboost,dynamic_full,0.75,candidate_b,42,20260701_194351,1425,1782917180220,50,up,up,0.7999550700187683,0.11772352965566668,0.11772352965566668,True,True,28
cooldown_first_signal,xgboost_dynamic_full,xgboost,dynamic_full,0.75,candidate_b,42,20260701_194351,1476,1782917185422,50,down,up,0.8524121642112732,-4.086640134338682,-4.086640134338682,False,False,29
cooldown_first_signal,xgboost_dynamic_full,xgboost,dynamic_full,0.75,candidate_b,42,20260701_194351,1527,1782917190626,50,down,up,0.8616158366203308,-6.561486597322919,-6.561486597322919,False,False,30
cooldown_first_signal,xgboost_dynamic_full,xgboost,dynamic_full,0.75,candidate_b,42,20260701_194351,1578,1782917195828,50,up,up,0.8091422319412231,2.356951956059561,2.356951956059561,True,True,31
cooldown_first_signal,xgboost_dynamic_full,xgboost,dynamic_full,0.75,candidate_b,42,20260701_194351,1629,1782917201030,50,up,up,0.8806712031364441,7.220672330434663,7.220672330434663,True,True,32
cooldown_first_signal,xgboost_dynamic_full,xgboost,dynamic_full,0.75,candidate_b,42,20260701_194351,1680,1782917206232,50,up,up,0.8884943127632141,1.3959985299960564,1.3959985299960564,True,True,33
cooldown_first_signal,xgboost_dynamic_full,xgboost,dynamic_full,0.75,candidate_b,42,20260701_194351,1731,1782917211434,50,down,up,0.7914108037948608,-4.5573830867273735,-4.5573830867273735,False,False,34
cooldown_first_signal,xgboost_dynamic_full,xgboost,dynamic_full,0.75,candidate_b,42,20260701_194351,1782,1782917216636,50,up,up,0.7591601014137268,1.867666569357329,1.867666569357329,True,True,35
cooldown_first_signal,xgboost_dynamic_full,xgboost,dynamic_full,0.75,candidate_b,42,20260701_194351,1833,1782917221838,50,up,up,0.8371205925941467,2.758920017393862,2.758920017393862,True,True,36
cooldown_first_signal,xgboost_dynamic_full,xgboost,dynamic_full,0.75,candidate_b,42,20260701_194351,1884,1782917227042,50,up,up,0.8847017288208008,6.441310495552965,6.441310495552965,True,True,37
cooldown_first_signal,xgboost_dynamic_full,xgboost,dynamic_full,0.75,candidate_b,42,20260701_194351,1935,1782917232244,50,up,up,0.8841413259506226,3.596641677849899,3.596641677849899,True,True,38
cooldown_first_signal,xgboost_dynamic_full,xgboost,dynamic_full,0.75,candidate_b,42,20260701_194351,1986,1782917237448,50,up,up,0.8737918734550476,1.2264506769432693,1.2264506769432693,True,True,39
cooldown_first_signal,xgboost_dynamic_full,xgboost,dynamic_full,0.75,candidate_b,42,20260701_194351,2037,1782917242652,50,down,up,0.7871800065040588,-2.5869896260033443,-2.5869896260033443,False,False,40
cooldown_first_signal,xgboost_dynamic_full,xgboost,dynamic_full,0.75,candidate_b,42,20260701_194351,2088,1782917247854,50,down,up,0.804021418094635,-1.7475100082753325,-1.7475100082753325,False,False,41
cooldown_first_signal,xgboost_dynamic_full,xgboost,dynamic_full,0.75,candidate_b,42,20260701_194351,2141,1782917253260,50,down,up,0.7697531580924988,-0.4705656955916737,-0.4705656955916737,False,False,42
cooldown_first_signal,xgboost_dynamic_full,xgboost,dynamic_full,0.75,candidate_b,42,20260701_194351,2192,1782917258464,50,up,up,0.8746247291564941,1.8151245251041281,1.8151245251041281,True,True,43
cooldown_first_signal,xgboost_dynamic_full,xgboost,dynamic_full,0.75,candidate_b,42,20260701_194351,2243,1782917263666,50,up,up,0.8144747614860535,2.839818285236273,2.839818285236273,True,True,44
cooldown_first_signal,xgboost_dynamic_full,xgboost,dynamic_full,0.75,candidate_b,42,20260701_194351,2294,1782917268868,50,down,up,0.877655565738678,-1.2263188176953044,-1.2263188176953044,False,False,45
cooldown_first_signal,xgboost_dynamic_full,xgboost,dynamic_full,0.75,candidate_b,42,20260701_194351,2366,1782917276220,50,down,up,0.7536491751670837,-0.7058224470035679,-0.7058224470035679,False,False,46
cooldown_first_signal,xgboost_dynamic_full,xgboost,dynamic_full,0.75,candidate_b,42,20260701_194351,2417,1782917281422,50,up,up,0.826982855796814,7.394852342446079,7.394852342446079,True,True,47
cooldown_first_signal,xgboost_dynamic_full,xgboost,dynamic_full,0.75,candidate_b,42,20260701_194351,2468,1782917286624,50,down,up,0.8502889275550842,-1.3771132180195877,-1.3771132180195877,False,False,48
cooldown_first_signal,xgboost_dynamic_full,xgboost,dynamic_full,0.75,candidate_b,42,20260701_194351,2519,1782917291826,50,down,up,0.7557417750358582,-0.386316663769648,-0.386316663769648,False,False,49
cooldown_first_signal,xgboost_dynamic_full,xgboost,dynamic_full,0.75,candidate_b,42,20260701_194351,2570,1782917297028,50,up,up,0.8264522552490234,2.485959786242553,2.485959786242553,True,True,50
cooldown_first_signal,xgboost_dynamic_full,xgboost,dynamic_full,0.75,candidate_b,42,20260701_194351,2621,1782917302230,50,up,up,0.7693213224411011,2.9891274686533187,2.9891274686533187,True,True,51
cooldown_first_signal,xgboost_dynamic_full,xgboost,dynamic_full,0.75,candidate_b,42,20260701_194351,2672,1782917307432,50,up,up,0.8189890384674072,1.4605414579738074,1.4605414579738074,True,True,52
cooldown_first_signal,xgboost_dynamic_full,xgboost,dynamic_full,0.75,candidate_b,42,20260701_194351,2723,1782917312634,50,up,up,0.8927788138389587,4.565623707000199,4.565623707000199,True,True,53
cooldown_first_signal,xgboost_dynamic_full,xgboost,dynamic_full,0.75,candidate_b,42,20260701_194351,2774,1782917317836,50,down,up,0.801175057888031,-0.40266530878962925,-0.40266530878962925,False,False,54
cooldown_first_signal,xgboost_dynamic_full,xgboost,dynamic_full,0.75,candidate_b,42,20260701_194351,2826,1782917323140,50,up,up,0.8507598638534546,1.6778312353449287,1.6778312353449287,True,True,55
cooldown_first_signal,xgboost_dynamic_full,xgboost,dynamic_full,0.75,candidate_b,42,20260701_194906,11,1782917350070,50,up,up,0.8632746338844299,1.6261266585027023,1.6261266585027023,True,True,1
cooldown_first_signal,xgboost_dynamic_full,xgboost,dynamic_full,0.75,candidate_b,42,20260701_194906,62,1782917355272,50,up,up,0.8268380165100098,1.0224494704624831,1.0224494704624831,True,True,2
cooldown_first_signal,xgboost_dynamic_full,xgboost,dynamic_full,0.75,candidate_b,42,20260701_194906,113,1782917360474,50,down,up,0.8246753215789795,-2.0615671094559307,-2.0615671094559307,False,False,3
cooldown_first_signal,xgboost_dynamic_full,xgboost,dynamic_full,0.75,candidate_b,42,20260701_194906,164,1782917365678,50,down,up,0.8236179351806641,-3.889286106447676,-3.889286106447676,False,False,4
cooldown_first_signal,xgboost_dynamic_full,xgboost,dynamic_full,0.75,candidate_b,42,20260701_194906,236,1782917373024,50,down,up,0.8195891380310059,-1.7612854364335018,-1.7612854364335018,False,False,5
cooldown_first_signal,xgboost_dynamic_full,xgboost,dynamic_full,0.75,candidate_b,42,20260701_194906,303,1782917379858,50,down,up,0.7702732682228088,-2.080535167336972,-2.080535167336972,False,False,6
cooldown_first_signal,xgboost_dynamic_full,xgboost,dynamic_full,0.75,candidate_b,42,20260701_194906,354,1782917385060,50,up,up,0.8264522552490234,1.30899607552859,1.30899607552859,True,True,7
cooldown_first_signal,xgboost_dynamic_full,xgboost,dynamic_full,0.75,candidate_b,42,20260701_194906,405,1782917390264,50,down,up,0.850186288356781,-0.6040729619460894,-0.6040729619460894,False,False,8
cooldown_first_signal,xgboost_dynamic_full,xgboost,dynamic_full,0.75,candidate_b,42,20260701_194906,456,1782917395466,50,up,up,0.8327682018280029,3.9602730910348605,3.9602730910348605,True,True,9
cooldown_first_signal,xgboost_dynamic_full,xgboost,dynamic_full,0.75,candidate_b,42,20260701_194906,507,1782917400668,50,up,up,0.8730593919754028,3.522576781689324,3.522576781689324,True,True,10
cooldown_first_signal,xgboost_dynamic_full,xgboost,dynamic_full,0.75,candidate_b,42,20260701_194906,558,1782917405870,50,down,up,0.8365944027900696,-5.3155410826766225,-5.3155410826766225,False,False,11
cooldown_first_signal,xgboost_dynamic_full,xgboost,dynamic_full,0.75,candidate_b,42,20260701_194906,610,1782917411174,50,up,up,0.7678211331367493,0.8556365054790405,0.8556365054790405,True,True,12
cooldown_first_signal,xgboost_dynamic_full,xgboost,dynamic_full,0.75,candidate_b,42,20260701_194906,661,1782917416376,50,up,up,0.868267297744751,0.08387875493731656,0.08387875493731656,True,True,13
cooldown_first_signal,xgboost_dynamic_full,xgboost,dynamic_full,0.75,candidate_b,42,20260701_194906,714,1782917421784,50,down,up,0.7777764201164246,-0.016777130087408665,-0.016777130087408665,False,False,14
cooldown_first_signal,xgboost_dynamic_full,xgboost,dynamic_full,0.75,candidate_b,42,20260701_194906,765,1782917426986,50,down,up,0.847387969493866,-1.1744010764225266,-1.1744010764225266,False,False,15
cooldown_first_signal,xgboost_dynamic_full,xgboost,dynamic_full,0.75,candidate_b,42,20260701_194906,817,1782917432290,50,down,up,0.8504113554954529,-0.5201774308449814,-0.5201774308449814,False,False,16
cooldown_first_signal,xgboost_dynamic_full,xgboost,dynamic_full,0.75,candidate_b,42,20260701_194906,868,1782917437494,50,up,up,0.8292867541313171,0.016780790024206738,0.016780790024206738,True,True,17
cooldown_first_signal,xgboost_dynamic_full,xgboost,dynamic_full,0.75,candidate_b,42,20260701_194906,919,1782917442696,50,down,up,0.8300039768218994,-0.8054765694420762,-0.8054765694420762,False,False,18
cooldown_first_signal,xgboost_dynamic_full,xgboost,dynamic_full,0.75,candidate_b,42,20260701_194906,974,1782917448308,50,up,up,0.8333327174186707,0.5873739768147423,0.5873739768147423,True,True,19
cooldown_first_signal,xgboost_dynamic_full,xgboost,dynamic_full,0.75,candidate_b,42,20260701_194906,1025,1782917453510,50,up,up,0.8663531541824341,1.8794169444547038,1.8794169444547038,True,True,20
cooldown_first_signal,xgboost_dynamic_full,xgboost,dynamic_full,0.75,candidate_b,42,20260701_194906,1076,1782917458712,50,up,up,0.8351562023162842,1.7783996584119777,1.7783996584119777,True,True,21
cooldown_first_signal,xgboost_dynamic_full,xgboost,dynamic_full,0.75,candidate_b,42,20260701_194906,1127,1782917463914,50,up,up,0.7647279500961304,2.5497045613698255,2.5497045613698255,True,True,22
cooldown_first_signal,xgboost_dynamic_full,xgboost,dynamic_full,0.75,candidate_b,42,20260701_194906,1178,1782917469116,50,up,up,0.7518128752708435,0.5701832719973154,0.5701832719973154,True,True,23
cooldown_first_signal,xgboost_dynamic_full,xgboost,dynamic_full,0.75,candidate_b,42,20260701_194906,1234,1782917474830,50,up,up,0.8120608925819397,1.6098347487880638,1.6098347487880638,True,True,24
cooldown_first_signal,xgboost_dynamic_full,xgboost,dynamic_full,0.75,candidate_b,42,20260701_194906,1285,1782917480032,50,up,up,0.830736517906189,0.9724519453646607,0.9724519453646607,True,True,25
cooldown_first_signal,xgboost_dynamic_full,xgboost,dynamic_full,0.75,candidate_b,42,20260701_194906,1336,1782917485234,50,down,up,0.8264522552490234,-0.15088304300969746,-0.15088304300969746,False,False,26
cooldown_first_signal,xgboost_dynamic_full,xgboost,dynamic_full,0.75,candidate_b,42,20260701_194906,1387,1782917490436,50,up,up,0.8520943522453308,2.6824056820062836,2.6824056820062836,True,True,27
cooldown_first_signal,xgboost_dynamic_full,xgboost,dynamic_full,0.75,candidate_b,42,20260701_194906,1438,1782917495638,50,up,up,0.824918270111084,0.10056323793694588,0.10056323793694588,True,True,28
cooldown_first_signal,xgboost_dynamic_full,xgboost,dynamic_full,0.75,candidate_b,42,20260701_194906,1489,1782917500842,50,up,up,0.8668327927589417,0.016760371108759387,0.016760371108759387,True,True,29
cooldown_first_signal,xgboost_dynamic_full,xgboost,dynamic_full,0.75,candidate_b,42,20260701_194906,1540,1782917506048,50,up,up,0.7853706479072571,4.223606440327821,4.223606440327821,True,True,30
cooldown_first_signal,xgboost_dynamic_full,xgboost,dynamic_full,0.75,candidate_b,42,20260701_194906,1592,1782917511352,50,down,up,0.8333327174186707,-2.0103920515801565,-2.0103920515801565,False,False,31
cooldown_first_signal,xgboost_dynamic_full,xgboost,dynamic_full,0.75,candidate_b,42,20260701_194906,1644,1782917516660,50,down,up,0.8206945061683655,-1.3573625607576911,-1.3573625607576911,False,False,32
cooldown_first_signal,xgboost_dynamic_full,xgboost,dynamic_full,0.75,candidate_b,42,20260701_194906,1695,1782917521864,50,down,up,0.8727337718009949,-3.6202401593588007,-3.6202401593588007,False,False,33
cooldown_first_signal,xgboost_dynamic_full,xgboost,dynamic_full,0.75,candidate_b,42,20260701_194906,1746,1782917527066,50,up,up,0.7716529369354248,0.11736508673809709,0.11736508673809709,True,True,34
cooldown_first_signal,xgboost_dynamic_full,xgboost,dynamic_full,0.75,candidate_b,42,20260701_194906,1797,1782917532268,50,down,up,0.8288366198539734,-2.2802092091944726,-2.2802092091944726,False,False,35
cooldown_first_signal,xgboost_dynamic_full,xgboost,dynamic_full,0.75,candidate_b,42,20260701_194906,1850,1782917537674,50,up,up,0.7952984571456909,6.7415673808746135,6.7415673808746135,True,True,36
cooldown_first_signal,xgboost_dynamic_full,xgboost,dynamic_full,0.75,candidate_b,42,20260701_194906,1901,1782917542876,50,up,up,0.8857095241546631,1.9774387643356484,1.9774387643356484,True,True,37
cooldown_first_signal,xgboost_dynamic_full,xgboost,dynamic_full,0.75,candidate_b,42,20260701_194906,1952,1782917548078,50,up,up,0.8375893235206604,0.31833820753890407,0.31833820753890407,True,True,38
cooldown_first_signal,xgboost_dynamic_full,xgboost,dynamic_full,0.75,candidate_b,42,20260701_194906,2003,1782917553280,50,down,up,0.8086368441581726,-1.5916403696958348,-1.5916403696958348,False,False,39
cooldown_first_signal,xgboost_dynamic_full,xgboost,dynamic_full,0.75,candidate_b,42,20260701_194906,2054,1782917558482,50,up,up,0.8533520698547363,1.524866637006017,1.524866637006017,True,True,40
cooldown_first_signal,xgboost_dynamic_full,xgboost,dynamic_full,0.75,candidate_b,42,20260701_194906,2105,1782917563684,50,down,up,0.7706688642501831,-1.0890718343403716,-1.0890718343403716,False,False,41
cooldown_first_signal,xgboost_dynamic_full,xgboost,dynamic_full,0.75,candidate_b,42,20260701_194906,2156,1782917568888,50,up,up,0.8287618160247803,0.45243295823338414,0.45243295823338414,True,True,42
cooldown_first_signal,xgboost_dynamic_full,xgboost,dynamic_full,0.75,candidate_b,42,20260701_194906,2208,1782917574192,50,up,up,0.7501005530357361,1.2231893237357738,1.2231893237357738,True,True,43
cooldown_first_signal,xgboost_dynamic_full,xgboost,dynamic_full,0.75,candidate_b,42,20260701_194906,2259,1782917579394,50,up,up,0.8764040470123291,4.0879615396538505,4.0879615396538505,True,True,44
cooldown_first_signal,xgboost_dynamic_full,xgboost,dynamic_full,0.75,candidate_b,42,20260701_194906,2310,1782917584596,50,down,up,0.8751202821731567,-0.8540689267111379,-0.8540689267111379,False,False,45
cooldown_first_signal,xgboost_dynamic_full,xgboost,dynamic_full,0.75,candidate_b,42,20260701_194906,2361,1782917589798,50,down,up,0.8344625234603882,-0.3852012383387393,-0.3852012383387393,False,False,46
cooldown_first_signal,xgboost_dynamic_full,xgboost,dynamic_full,0.75,candidate_b,42,20260701_194906,2412,1782917595000,50,up,up,0.8268309831619263,2.2108053109559656,2.2108053109559656,True,True,47
cooldown_first_signal,xgboost_dynamic_full,xgboost,dynamic_full,0.75,candidate_b,42,20260701_194906,2463,1782917600202,50,down,up,0.7993617057800293,-1.5740845400624703,-1.5740845400624703,False,False,48
cooldown_first_signal,xgboost_dynamic_full,xgboost,dynamic_full,0.75,candidate_b,42,20260701_194906,2514,1782917605404,50,down,up,0.7712128162384033,-2.2107645812063925,-2.2107645812063925,False,False,49
cooldown_first_signal,xgboost_dynamic_full,xgboost,dynamic_full,0.75,candidate_b,42,20260701_194906,2577,1782917611830,50,up,up,0.8093571662902832,2.529734855305499,2.529734855305499,True,True,50
cooldown_first_signal,xgboost_dynamic_full,xgboost,dynamic_full,0.75,candidate_b,42,20260701_194906,2628,1782917617032,50,up,up,0.8808152675628662,4.656214748643972,4.656214748643972,True,True,51
cooldown_first_signal,xgboost_dynamic_full,xgboost,dynamic_full,0.75,candidate_b,42,20260701_194906,2679,1782917622234,50,up,up,0.8264522552490234,0.7366118699980717,0.7366118699980717,True,True,52
cooldown_first_signal,xgboost_dynamic_full,xgboost,dynamic_full,0.75,candidate_b,42,20260701_194906,2730,1782917627436,50,down,up,0.7999798655509949,-0.585898102275495,-0.585898102275495,False,False,53
cooldown_first_signal,xgboost_dynamic_full,xgboost,dynamic_full,0.75,candidate_b,42,20260701_194906,2781,1782917632638,50,down,up,0.8179455399513245,-3.04703228263703,-3.04703228263703,False,False,54
cooldown_first_signal,xgboost_dynamic_full,xgboost,dynamic_full,0.75,candidate_b,42,20260701_194906,2842,1782917638860,50,up,up,0.7804003953933716,0.9546051744613315,0.9546051744613315,True,True,55
cooldown_first_signal,xgboost_dynamic_full,xgboost,dynamic_full,0.75,candidate_b,42,20260701_195416,11,1782917660796,50,up,up,0.826982855796814,0.5864950302925109,0.5864950302925109,True,True,1
cooldown_first_signal,xgboost_dynamic_full,xgboost,dynamic_full,0.75,candidate_b,42,20260701_195416,62,1782917665998,50,up,up,0.8366852402687073,2.178508676748958,2.178508676748958,True,True,2
cooldown_first_signal,xgboost_dynamic_full,xgboost,dynamic_full,0.75,candidate_b,42,20260701_195416,113,1782917671200,50,down,up,0.8485258221626282,-1.5581321513857826,-1.5581321513857826,False,False,3
cooldown_first_signal,xgboost_dynamic_full,xgboost,dynamic_full,0.75,candidate_b,42,20260701_195416,183,1782917678340,50,up,up,0.7747701406478882,1.6593907689266274,1.6593907689266274,True,True,4
cooldown_first_signal,xgboost_dynamic_full,xgboost,dynamic_full,0.75,candidate_b,42,20260701_195416,244,1782917684564,50,down,up,0.7643373012542725,-3.7208896948959236,-3.7208896948959236,False,False,5
cooldown_first_signal,xgboost_dynamic_full,xgboost,dynamic_full,0.75,candidate_b,42,20260701_195416,295,1782917689766,50,down,up,0.8109652996063232,-0.7209811379593756,-0.7209811379593756,False,False,6
cooldown_first_signal,xgboost_dynamic_full,xgboost,dynamic_full,0.75,candidate_b,42,20260701_195416,346,1782917694968,50,up,up,0.8551496863365173,1.2576159123622865,1.2576159123622865,True,True,7
cooldown_first_signal,xgboost_dynamic_full,xgboost,dynamic_full,0.75,candidate_b,42,20260701_195416,397,1782917700170,50,down,up,0.8185860514640808,-2.9508342394013454,-2.9508342394013454,False,False,8
cooldown_first_signal,xgboost_dynamic_full,xgboost,dynamic_full,0.75,candidate_b,42,20260701_195416,483,1782917708942,50,down,up,0.8061074614524841,-3.287126288541442,-3.287126288541442,False,False,9
cooldown_first_signal,xgboost_dynamic_full,xgboost,dynamic_full,0.75,candidate_b,42,20260701_195416,537,1782917714450,50,up,up,0.7813106179237366,0.6878392536457945,0.6878392536457945,True,True,10
cooldown_first_signal,xgboost_dynamic_full,xgboost,dynamic_full,0.75,candidate_b,42,20260701_195416,588,1782917719652,50,down,up,0.8295385241508484,-0.4193853320821894,-0.4193853320821894,False,False,11
cooldown_first_signal,xgboost_dynamic_full,xgboost,dynamic_full,0.75,candidate_b,42,20260701_195416,639,1782917724854,50,down,up,0.8240135312080383,-8.354506190807465,-8.354506190807465,False,False,12
cooldown_first_signal,xgboost_dynamic_full,xgboost,dynamic_full,0.75,candidate_b,42,20260701_195416,698,1782917730874,50,down,up,0.7857261300086975,-1.0241987953074627,-1.0241987953074627,False,False,13
cooldown_first_signal,xgboost_dynamic_full,xgboost,dynamic_full,0.75,candidate_b,42,20260701_195416,749,1782917736076,50,up,up,0.8334649205207825,0.11753495615440812,0.11753495615440812,True,True,14
cooldown_first_signal,xgboost_dynamic_full,xgboost,dynamic_full,0.75,candidate_b,42,20260701_195416,800,1782917741278,50,down,up,0.7886397242546082,-3.408473667021461,-3.408473667021461,False,False,15
cooldown_first_signal,xgboost_dynamic_full,xgboost,dynamic_full,0.75,candidate_b,42,20260701_195416,851,1782917746480,50,down,up,0.835512638092041,-1.64603109151229,-1.64603109151229,False,False,16
cooldown_first_signal,xgboost_dynamic_full,xgboost,dynamic_full,0.75,candidate_b,42,20260701_195416,902,1782917751682,50,down,up,0.8576510548591614,-3.24220715351764,-3.24220715351764,False,False,17
cooldown_first_signal,xgboost_dynamic_full,xgboost,dynamic_full,0.75,candidate_b,42,20260701_195416,963,1782917757906,50,up,up,0.7508817911148071,1.5964736418005998,1.5964736418005998,True,True,18
cooldown_first_signal,xgboost_dynamic_full,xgboost,dynamic_full,0.75,candidate_b,42,20260701_195416,1015,1782917763212,50,up,up,0.7749502062797546,1.781154877298352,1.781154877298352,True,True,19
cooldown_first_signal,xgboost_dynamic_full,xgboost,dynamic_full,0.75,candidate_b,42,20260701_195416,1066,1782917768414,50,down,up,0.8620333075523376,-1.831238749012698,-1.831238749012698,False,False,20
cooldown_first_signal,xgboost_dynamic_full,xgboost,dynamic_full,0.75,candidate_b,42,20260701_195416,1117,1782917773616,50,up,up,0.8868008852005005,2.335508380526541,2.335508380526541,True,True,21
cooldown_first_signal,xgboost_dynamic_full,xgboost,dynamic_full,0.75,candidate_b,42,20260701_195416,1168,1782917778818,50,up,up,0.8292867541313171,1.7302244168271308,1.7302244168271308,True,True,22
cooldown_first_signal,xgboost_dynamic_full,xgboost,dynamic_full,0.75,candidate_b,42,20260701_195416,1219,1782917784022,50,up,up,0.8415954113006592,6.684564953227667,6.684564953227667,True,True,23
cooldown_first_signal,xgboost_dynamic_full,xgboost,dynamic_full,0.75,candidate_b,42,20260701_195416,1270,1782917789226,50,down,up,0.8485258221626282,-0.050352509526341294,-0.050352509526341294,False,False,24
cooldown_first_signal,xgboost_dynamic_full,xgboost,dynamic_full,0.75,candidate_b,42,20260701_195416,1347,1782917797080,50,up,up,0.8004822134971619,0.6042331567912562,0.6042331567912562,True,True,25
cooldown_first_signal,xgboost_dynamic_full,xgboost,dynamic_full,0.75,candidate_b,42,20260701_195416,1398,1782917802282,50,down,up,0.8374371528625488,-0.5538469284582792,-0.5538469284582792,False,False,26
cooldown_first_signal,xgboost_dynamic_full,xgboost,dynamic_full,0.75,candidate_b,42,20260701_195416,1449,1782917807484,50,down,up,0.8224742412567139,-0.01678416984174369,-0.01678416984174369,False,False,27
cooldown_first_signal,xgboost_dynamic_full,xgboost,dynamic_full,0.75,candidate_b,42,20260701_195416,1500,1782917812686,50,up,up,0.7859287858009338,2.6854716821200775,2.6854716821200775,True,True,28
cooldown_first_signal,xgboost_dynamic_full,xgboost,dynamic_full,0.75,candidate_b,42,20260701_195416,1551,1782917817890,50,down,up,0.8187611699104309,-2.416275629930631,-2.416275629930631,False,False,29
cooldown_first_signal,xgboost_dynamic_full,xgboost,dynamic_full,0.75,candidate_b,42,20260701_195416,1602,1782917823092,50,down,up,0.7917299866676331,-6.176419002893452,-6.176419002893452,False,False,30
cooldown_first_signal,xgboost_dynamic_full,xgboost,dynamic_full,0.75,candidate_b,42,20260701_195416,1660,1782917829008,50,down,up,0.7747701406478882,-0.0167941200424071,-0.0167941200424071,False,False,31
cooldown_first_signal,xgboost_dynamic_full,xgboost,dynamic_full,0.75,candidate_b,42,20260701_195416,1711,1782917834212,50,up,up,0.7656601071357727,0.33588296493913816,0.33588296493913816,True,True,32
cooldown_first_signal,xgboost_dynamic_full,xgboost,dynamic_full,0.75,candidate_b,42,20260701_195416,1762,1782917839414,50,up,up,0.826576292514801,0.03358716835766273,0.03358716835766273,True,True,33
cooldown_first_signal,xgboost_dynamic_full,xgboost,dynamic_full,0.75,candidate_b,42,20260701_195416,1813,1782917844618,50,down,up,0.8269039392471313,-0.5877734721038141,-0.5877734721038141,False,False,34
cooldown_first_signal,xgboost_dynamic_full,xgboost,dynamic_full,0.75,candidate_b,42,20260701_195416,1864,1782917849820,50,up,up,0.8230200409889221,0.571013506989182,0.571013506989182,True,True,35
cooldown_first_signal,xgboost_dynamic_full,xgboost,dynamic_full,0.75,candidate_b,42,20260701_195416,1915,1782917855022,50,down,up,0.867215096950531,-3.610523584696157,-3.610523584696157,False,False,36
cooldown_first_signal,xgboost_dynamic_full,xgboost,dynamic_full,0.75,candidate_b,42,20260701_195416,2020,1782917865734,50,up,up,0.8460179567337036,0.5880154060045051,0.5880154060045051,True,True,37
cooldown_first_signal,xgboost_dynamic_full,xgboost,dynamic_full,0.75,candidate_b,42,20260701_195416,2071,1782917870936,50,up,up,0.8445272445678711,1.1423032697588376,1.1423032697588376,True,True,38
cooldown_first_signal,xgboost_dynamic_full,xgboost,dynamic_full,0.75,candidate_b,42,20260701_195416,2122,1782917876140,50,down,up,0.8305016160011292,-2.5698887977210205,-2.5698887977210205,False,False,39
cooldown_first_signal,xgboost_dynamic_full,xgboost,dynamic_full,0.75,candidate_b,42,20260701_195416,2173,1782917881342,50,down,up,0.8524121642112732,-0.9072527295284072,-0.9072527295284072,False,False,40
cooldown_first_signal,xgboost_dynamic_full,xgboost,dynamic_full,0.75,candidate_b,42,20260701_195416,2224,1782917886544,50,down,up,0.764060914516449,-0.42006252210624595,-0.42006252210624595,False,False,41
cooldown_first_signal,xgboost_dynamic_full,xgboost,dynamic_full,0.75,candidate_b,42,20260701_195416,2275,1782917891746,50,up,up,0.8292867541313171,0.6889314756830522,0.6889314756830522,True,True,42
cooldown_first_signal,xgboost_dynamic_full,xgboost,dynamic_full,0.75,candidate_b,42,20260701_195416,2326,1782917896948,50,down,up,0.8691070079803467,-1.142539344098914,-1.142539344098914,False,False,43
cooldown_first_signal,xgboost_dynamic_full,xgboost,dynamic_full,0.75,candidate_b,42,20260701_195416,2401,1782917904598,50,down,up,0.9012244343757629,-0.7057168949464732,-0.7057168949464732,False,False,44
cooldown_first_signal,xgboost_dynamic_full,xgboost,dynamic_full,0.75,candidate_b,42,20260701_195416,2502,1782917914900,50,down,up,0.8292867541313171,-0.28566747465652575,-0.28566747465652575,False,False,45
cooldown_first_signal,xgboost_dynamic_full,xgboost,dynamic_full,0.75,candidate_b,42,20260701_195416,2564,1782917921224,50,down,up,0.7775254845619202,-0.0672279641444895,-0.0672279641444895,False,False,46
cooldown_first_signal,xgboost_dynamic_full,xgboost,dynamic_full,0.75,candidate_b,42,20260701_195416,2627,1782917927650,50,down,up,0.7695662379264832,-0.4033704966421858,-0.4033704966421858,False,False,47
cooldown_first_signal,xgboost_dynamic_full,xgboost,dynamic_full,0.75,candidate_b,42,20260701_195416,2723,1782917937444,50,up,up,0.826982855796814,0.10084770903473483,0.10084770903473483,True,True,48
cooldown_first_signal,xgboost_dynamic_full,xgboost,dynamic_full,0.75,candidate_b,42,20260701_195416,2776,1782917942850,50,down,up,0.7914459109306335,-0.28572653113623225,-0.28572653113623225,False,False,49
cooldown_first_signal,xgboost_dynamic_full,xgboost,dynamic_full,0.75,candidate_b,42,20260701_195416,2827,1782917948054,50,up,up,0.7747701406478882,0.4370060046299251,0.4370060046299251,True,True,50
cooldown_first_signal,xgboost_dynamic_full,xgboost,dynamic_full,0.75,candidate_b,42,20260701_195929,13,1782917973350,50,up,up,0.8242552280426025,0.6723146701581584,0.6723146701581584,True,True,1
cooldown_first_signal,xgboost_dynamic_full,xgboost,dynamic_full,0.75,candidate_b,42,20260701_195929,64,1782917978552,50,up,up,0.8185678720474243,0.6218492620591043,0.6218492620591043,True,True,2
cooldown_first_signal,xgboost_dynamic_full,xgboost,dynamic_full,0.75,candidate_b,42,20260701_195929,122,1782917984468,50,up,up,0.8394359946250916,2.386408228738368,2.386408228738368,True,True,3
cooldown_first_signal,xgboost_dynamic_full,xgboost,dynamic_full,0.75,candidate_b,42,20260701_195929,208,1782917993242,50,up,up,0.76883465051651,0.9912992488803063,0.9912992488803063,True,True,4
cooldown_first_signal,xgboost_dynamic_full,xgboost,dynamic_full,0.75,candidate_b,42,20260701_195929,259,1782917998444,50,up,up,0.8776687383651733,0.6048006047998378,0.6048006047998378,True,True,5
cooldown_first_signal,xgboost_dynamic_full,xgboost,dynamic_full,0.75,candidate_b,42,20260701_195929,310,1782918003646,50,down,up,0.8320494890213013,-0.15119100715943468,-0.15119100715943468,False,False,6
cooldown_first_signal,xgboost_dynamic_full,xgboost,dynamic_full,0.75,candidate_b,42,20260701_195929,387,1782918011500,50,down,up,0.7524846792221069,-1.6967247332910773,-1.6967247332910773,False,False,7
cooldown_first_signal,xgboost_dynamic_full,xgboost,dynamic_full,0.75,candidate_b,42,20260701_195929,438,1782918016702,50,up,up,0.8490012884140015,2.1338674162652005,2.1338674162652005,True,True,8
cooldown_first_signal,xgboost_dynamic_full,xgboost,dynamic_full,0.75,candidate_b,42,20260701_195929,503,1782918023332,50,up,up,0.7747701406478882,0.5712792707113223,0.5712792707113223,True,True,9
cooldown_first_signal,xgboost_dynamic_full,xgboost,dynamic_full,0.75,candidate_b,42,20260701_195929,554,1782918028534,50,up,up,0.8048352599143982,0.7224589815524318,0.7224589815524318,True,True,10
cooldown_first_signal,xgboost_dynamic_full,xgboost,dynamic_full,0.75,candidate_b,42,20260701_195929,605,1782918033738,50,down,up,0.7639851570129395,-1.1088104228174078,-1.1088104228174078,False,False,11
cooldown_first_signal,xgboost_dynamic_full,xgboost,dynamic_full,0.75,candidate_b,42,20260701_195929,656,1782918038940,50,up,up,0.8292867541313171,0.35284243988797925,0.35284243988797925,True,True,12
cooldown_first_signal,xgboost_dynamic_full,xgboost,dynamic_full,0.75,candidate_b,42,20260701_195929,707,1782918044142,50,down,up,0.7843550443649292,-0.6216528404912047,-0.6216528404912047,False,False,13
cooldown_first_signal,xgboost_dynamic_full,xgboost,dynamic_full,0.75,candidate_b,42,20260701_195929,758,1782918049344,50,up,up,0.8481149077415466,1.276987921541295,1.276987921541295,True,True,14
cooldown_first_signal,xgboost_dynamic_full,xgboost,dynamic_full,0.75,candidate_b,42,20260701_195929,809,1782918054546,50,down,up,0.7715131044387817,-0.4368085090300511,-0.4368085090300511,False,False,15
cooldown_first_signal,xgboost_dynamic_full,xgboost,dynamic_full,0.75,candidate_b,42,20260701_195929,878,1782918061584,50,up,up,0.7591258883476257,0.7898728220712137,0.7898728220712137,True,True,16
cooldown_first_signal,xgboost_dynamic_full,xgboost,dynamic_full,0.75,candidate_b,42,20260701_195929,929,1782918066786,50,down,up,0.7871123552322388,-0.6721790953978513,-0.6721790953978513,False,False,17
cooldown_first_signal,xgboost_dynamic_full,xgboost,dynamic_full,0.75,candidate_b,42,20260701_195929,980,1782918071988,50,up,up,0.8481149077415466,1.2268093126599489,1.2268093126599489,True,True,18
cooldown_first_signal,xgboost_dynamic_full,xgboost,dynamic_full,0.75,candidate_b,42,20260701_195929,1031,1782918077190,50,down,up,0.8245079517364502,-0.38648154760734243,-0.38648154760734243,False,False,19
cooldown_first_signal,xgboost_dynamic_full,xgboost,dynamic_full,0.75,candidate_b,42,20260701_195929,1082,1782918082392,50,down,up,0.8041023015975952,-0.43690906997961854,-0.43690906997961854,False,False,20
cooldown_first_signal,xgboost_dynamic_full,xgboost,dynamic_full,0.75,candidate_b,42,20260701_195929,1133,1782918087594,50,up,up,0.8373727202415466,1.3611992669693151,1.3611992669693151,True,True,21
cooldown_first_signal,xgboost_dynamic_full,xgboost,dynamic_full,0.75,candidate_b,42,20260701_195929,1184,1782918092796,50,down,up,0.8301107883453369,-1.3610140058417652,-1.3610140058417652,False,False,22
cooldown_first_signal,xgboost_dynamic_full,xgboost,dynamic_full,0.75,candidate_b,42,20260701_195929,1235,1782918097998,50,up,up,0.8198211193084717,9.965323028551243,9.965323028551243,True,True,23
cooldown_first_signal,xgboost_dynamic_full,xgboost,dynamic_full,0.75,candidate_b,42,20260701_195929,1287,1782918103304,50,up,up,0.7829673886299133,4.902154177783835,4.902154177783835,True,True,24
cooldown_first_signal,xgboost_dynamic_full,xgboost,dynamic_full,0.75,candidate_b,42,20260701_195929,1338,1782918108506,50,down,up,0.751009464263916,-0.28525954843372503,-0.28525954843372503,False,False,25
cooldown_first_signal,xgboost_dynamic_full,xgboost,dynamic_full,0.75,candidate_b,42,20260701_195929,1389,1782918113708,50,down,up,0.8209047913551331,-0.8725835100187318,-0.8725835100187318,False,False,26
cooldown_first_signal,xgboost_dynamic_full,xgboost,dynamic_full,0.75,candidate_b,42,20260701_195929,1445,1782918119424,50,down,up,0.7501005530357361,-2.8193619683170024,-2.8193619683170024,False,False,27
cooldown_first_signal,xgboost_dynamic_full,xgboost,dynamic_full,0.75,candidate_b,42,20260701_195929,1496,1782918124628,50,up,up,0.8388156890869141,1.2757853424005816,1.2757853424005816,True,True,28
cooldown_first_signal,xgboost_dynamic_full,xgboost,dynamic_full,0.75,candidate_b,42,20260701_195929,1547,1782918129830,50,down,up,0.8644187450408936,-2.7190902796714322,-2.7190902796714322,False,False,29
cooldown_first_signal,xgboost_dynamic_full,xgboost,dynamic_full,0.75,candidate_b,42,20260701_195929,1598,1782918135032,50,down,up,0.8893929719924927,-1.1248678909825394,-1.1248678909825394,False,False,30
cooldown_first_signal,xgboost_dynamic_full,xgboost,dynamic_full,0.75,candidate_b,42,20260701_195929,1650,1782918140336,50,up,up,0.755772590637207,0.5037288528320083,0.5037288528320083,True,True,31
cooldown_first_signal,xgboost_dynamic_full,xgboost,dynamic_full,0.75,candidate_b,42,20260701_195929,1701,1782918145538,50,down,up,0.826714038848877,-0.1511110439511576,-0.1511110439511576,False,False,32
cooldown_first_signal,xgboost_dynamic_full,xgboost,dynamic_full,0.75,candidate_b,42,20260701_195929,1752,1782918150742,50,up,up,0.8252136707305908,1.4439717955383458,1.4439717955383458,True,True,33
cooldown_first_signal,xgboost_dynamic_full,xgboost,dynamic_full,0.75,candidate_b,42,20260701_195929,1803,1782918155944,50,up,up,0.8241553902626038,3.458316790212468,3.458316790212468,True,True,34
cooldown_first_signal,xgboost_dynamic_full,xgboost,dynamic_full,0.75,candidate_b,42,20260701_195929,1854,1782918161146,50,up,up,0.8704119920730591,9.02879228155573,9.02879228155573,True,True,35
cooldown_first_signal,xgboost_dynamic_full,xgboost,dynamic_full,0.75,candidate_b,42,20260701_195929,1905,1782918166348,50,up,up,0.8728789687156677,4.57796756686113,4.57796756686113,True,True,36
cooldown_first_signal,xgboost_dynamic_full,xgboost,dynamic_full,0.75,candidate_b,42,20260701_195929,1956,1782918171550,50,up,up,0.8255065679550171,2.748875936022799,2.748875936022799,True,True,37
cooldown_first_signal,xgboost_dynamic_full,xgboost,dynamic_full,0.75,candidate_b,42,20260701_195929,2007,1782918176752,50,down,up,0.8897849917411804,-0.40216397733550124,-0.40216397733550124,False,False,38
cooldown_first_signal,xgboost_dynamic_full,xgboost,dynamic_full,0.75,candidate_b,42,20260701_195929,2059,1782918182056,50,up,up,0.7653735280036926,3.871671682240674,3.871671682240674,True,True,39
cooldown_first_signal,xgboost_dynamic_full,xgboost,dynamic_full,0.75,candidate_b,42,20260701_195929,2110,1782918187260,50,up,up,0.8292867541313171,2.5298535281814694,2.5298535281814694,True,True,40
cooldown_first_signal,xgboost_dynamic_full,xgboost,dynamic_full,0.75,candidate_b,42,20260701_195929,2161,1782918192464,50,up,up,0.8544053435325623,1.6414764242944635,1.6414764242944635,True,True,41
cooldown_first_signal,xgboost_dynamic_full,xgboost,dynamic_full,0.75,candidate_b,42,20260701_195929,2212,1782918197666,50,down,up,0.9044144749641418,-1.7919301180757685,-1.7919301180757685,False,False,42
cooldown_first_signal,xgboost_dynamic_full,xgboost,dynamic_full,0.75,candidate_b,42,20260701_195929,2263,1782918202868,50,down,up,0.828010082244873,-5.041753592248677,-5.041753592248677,False,False,43
cooldown_first_signal,xgboost_dynamic_full,xgboost,dynamic_full,0.75,candidate_b,42,20260701_195929,2314,1782918208070,50,down,up,0.826982855796814,-0.31841076161387427,-0.31841076161387427,False,False,44
cooldown_first_signal,xgboost_dynamic_full,xgboost,dynamic_full,0.75,candidate_b,42,20260701_195929,2365,1782918213272,50,up,up,0.8477033376693726,3.2009679995392837,3.2009679995392837,True,True,45
cooldown_first_signal,xgboost_dynamic_full,xgboost,dynamic_full,0.75,candidate_b,42,20260701_195929,2416,1782918218474,50,up,up,0.8933901190757751,2.0606967332925663,2.0606967332925663,True,True,46
cooldown_first_signal,xgboost_dynamic_full,xgboost,dynamic_full,0.75,candidate_b,42,20260701_195929,2467,1782918223676,50,up,up,0.8535964488983154,0.9882606361544255,0.9882606361544255,True,True,47
cooldown_first_signal,xgboost_dynamic_full,xgboost,dynamic_full,0.75,candidate_b,42,20260701_195929,2518,1782918228878,50,up,up,0.8049215078353882,1.2728879063095278,1.2728879063095278,True,True,48
cooldown_first_signal,xgboost_dynamic_full,xgboost,dynamic_full,0.75,candidate_b,42,20260701_195929,2569,1782918234080,50,down,up,0.8272995948791504,-0.8875588531054301,-0.8875588531054301,False,False,49
cooldown_first_signal,xgboost_dynamic_full,xgboost,dynamic_full,0.75,candidate_b,42,20260701_195929,2634,1782918240710,50,up,up,0.7591601014137268,0.2512480748118051,0.2512480748118051,True,True,50
cooldown_first_signal,xgboost_dynamic_full,xgboost,dynamic_full,0.75,candidate_b,42,20260701_195929,2685,1782918245916,50,up,up,0.8773690462112427,1.9763789220861305,1.9763789220861305,True,True,51
cooldown_first_signal,xgboost_dynamic_full,xgboost,dynamic_full,0.75,candidate_b,42,20260701_195929,2736,1782918251118,50,down,up,0.8295099139213562,-5.325121259540655,-5.325121259540655,False,False,52
cooldown_first_signal,xgboost_dynamic_full,xgboost,dynamic_full,0.75,candidate_b,42,20260701_195929,2792,1782918256830,50,down,up,0.8507598638534546,-0.7875539662971498,-0.7875539662971498,False,False,53
cooldown_first_signal,xgboost_dynamic_full,xgboost,dynamic_full,0.75,candidate_b,42,20260701_195929,2843,1782918262032,50,up,up,0.7876420021057129,2.7482770900100206,2.7482770900100206,True,True,54
cooldown_first_signal,xgboost_dynamic_full,xgboost,dynamic_full,0.75,candidate_b,42,20260701_200443,12,1782918287128,50,up,up,0.8881077170372009,2.3440789820661223,2.3440789820661223,True,True,1
cooldown_first_signal,xgboost_dynamic_full,xgboost,dynamic_full,0.75,candidate_b,42,20260701_200443,63,1782918292330,50,up,up,0.8593485355377197,0.21761346659099345,0.21761346659099345,True,True,2
cooldown_first_signal,xgboost_dynamic_full,xgboost,dynamic_full,0.75,candidate_b,42,20260701_200443,114,1782918297532,50,down,up,0.8559734225273132,-3.8830628997621464,-3.8830628997621464,False,False,3
cooldown_first_signal,xgboost_dynamic_full,xgboost,dynamic_full,0.75,candidate_b,42,20260701_200443,165,1782918302736,50,down,up,0.814395010471344,-1.959190234860353,-1.959190234860353,False,False,4
cooldown_first_signal,xgboost_dynamic_full,xgboost,dynamic_full,0.75,candidate_b,42,20260701_200443,216,1782918307938,50,down,up,0.7611679434776306,-0.519203407983726,-0.519203407983726,False,False,5
cooldown_first_signal,xgboost_dynamic_full,xgboost,dynamic_full,0.75,candidate_b,42,20260701_200443,267,1782918313142,50,up,up,0.8078163862228394,6.364759332537773,6.364759332537773,True,True,6
cooldown_first_signal,xgboost_dynamic_full,xgboost,dynamic_full,0.75,candidate_b,42,20260701_200443,318,1782918318346,50,up,up,0.8750956058502197,6.394188318887828,6.394188318887828,True,True,7
cooldown_first_signal,xgboost_dynamic_full,xgboost,dynamic_full,0.75,candidate_b,42,20260701_200443,369,1782918323548,50,up,up,0.796232283115387,5.687525667050775,5.687525667050775,True,True,8
cooldown_first_signal,xgboost_dynamic_full,xgboost,dynamic_full,0.75,candidate_b,42,20260701_200443,420,1782918328752,50,up,up,0.8708231449127197,1.9227409257083217,1.9227409257083217,True,True,9
cooldown_first_signal,xgboost_dynamic_full,xgboost,dynamic_full,0.75,candidate_b,42,20260701_200443,471,1782918333954,50,up,up,0.9143450260162354,3.359734831673844,3.359734831673844,True,True,10
cooldown_first_signal,xgboost_dynamic_full,xgboost,dynamic_full,0.75,candidate_b,42,20260701_200443,522,1782918339158,50,down,up,0.8835437297821045,-1.9048812582245223,-1.9048812582245223,False,False,11
cooldown_first_signal,xgboost_dynamic_full,xgboost,dynamic_full,0.75,candidate_b,42,20260701_200443,573,1782918344360,50,down,up,0.8115788698196411,-0.7854954094477229,-0.7854954094477229,False,False,12
cooldown_first_signal,xgboost_dynamic_full,xgboost,dynamic_full,0.75,candidate_b,42,20260701_200443,628,1782918349970,50,down,up,0.7618857026100159,-2.6074507906348465,-2.6074507906348465,False,False,13
cooldown_first_signal,xgboost_dynamic_full,xgboost,dynamic_full,0.75,candidate_b,42,20260701_200443,679,1782918355172,50,down,up,0.8175508975982666,-1.5883299546493035,-1.5883299546493035,False,False,14
cooldown_first_signal,xgboost_dynamic_full,xgboost,dynamic_full,0.75,candidate_b,42,20260701_200443,733,1782918360680,50,up,up,0.7794196009635925,3.2781374158408205,3.2781374158408205,True,True,15
cooldown_first_signal,xgboost_dynamic_full,xgboost,dynamic_full,0.75,candidate_b,42,20260701_200443,787,1782918366188,50,up,up,0.8099240064620972,2.1235025753751913,2.1235025753751913,True,True,16
cooldown_first_signal,xgboost_dynamic_full,xgboost,dynamic_full,0.75,candidate_b,42,20260701_200443,838,1782918371390,50,up,up,0.8787931799888611,5.533308090748257,5.533308090748257,True,True,17
cooldown_first_signal,xgboost_dynamic_full,xgboost,dynamic_full,0.75,candidate_b,42,20260701_200443,889,1782918376592,50,up,up,0.8371168375015259,3.7926474433458424,3.7926474433458424,True,True,18
cooldown_first_signal,xgboost_dynamic_full,xgboost,dynamic_full,0.75,candidate_b,42,20260701_200443,940,1782918381794,50,up,up,0.8246753215789795,6.597038681193101,6.597038681193101,True,True,19
cooldown_first_signal,xgboost_dynamic_full,xgboost,dynamic_full,0.75,candidate_b,42,20260701_200443,991,1782918386996,50,up,up,0.8549707531929016,6.225501691150548,6.225501691150548,True,True,20
cooldown_first_signal,xgboost_dynamic_full,xgboost,dynamic_full,0.75,candidate_b,42,20260701_200443,1042,1782918392198,50,down,up,0.7961941361427307,-11.642132845409714,-11.642132845409714,False,False,21
cooldown_first_signal,xgboost_dynamic_full,xgboost,dynamic_full,0.75,candidate_b,42,20260701_200443,1093,1782918397400,50,up,up,0.770280122756958,10.169228315872747,10.169228315872747,True,True,22
cooldown_first_signal,xgboost_dynamic_full,xgboost,dynamic_full,0.75,candidate_b,42,20260701_200443,1144,1782918402602,50,down,up,0.782789409160614,-1.7348527752214515,-1.7348527752214515,False,False,23
cooldown_first_signal,xgboost_dynamic_full,xgboost,dynamic_full,0.75,candidate_b,42,20260701_200443,1195,1782918407806,50,up,up,0.8716996312141418,0.0166841711424226,0.0166841711424226,True,True,24
cooldown_first_signal,xgboost_dynamic_full,xgboost,dynamic_full,0.75,candidate_b,42,20260701_200443,1246,1782918413008,50,up,up,0.8721423745155334,0.7507864488043303,0.7507864488043303,True,True,25
cooldown_first_signal,xgboost_dynamic_full,xgboost,dynamic_full,0.75,candidate_b,42,20260701_200443,1297,1782918418210,50,up,up,0.7573933601379395,0.6173091826400245,0.6173091826400245,True,True,26
cooldown_first_signal,xgboost_dynamic_full,xgboost,dynamic_full,0.75,candidate_b,42,20260701_200443,1348,1782918423414,50,down,up,0.7895241379737854,-0.9175651158421783,-0.9175651158421783,False,False,27
cooldown_first_signal,xgboost_dynamic_full,xgboost,dynamic_full,0.75,candidate_b,42,20260701_200443,1399,1782918428616,50,up,up,0.8924225568771362,0.30030656295032543,0.30030656295032543,True,True,28
cooldown_first_signal,xgboost_dynamic_full,xgboost,dynamic_full,0.75,candidate_b,42,20260701_200443,1450,1782918433820,50,up,up,0.8677211403846741,2.919559463501198,2.919559463501198,True,True,29
cooldown_first_signal,xgboost_dynamic_full,xgboost,dynamic_full,0.75,candidate_b,42,20260701_200443,1506,1782918439532,50,down,up,0.7591258883476257,-3.252273881488854,-3.252273881488854,False,False,30
cooldown_first_signal,xgboost_dynamic_full,xgboost,dynamic_full,0.75,candidate_b,42,20260701_200443,1558,1782918444838,50,down,up,0.8039352893829346,-4.80521766551445,-4.80521766551445,False,False,31
cooldown_first_signal,xgboost_dynamic_full,xgboost,dynamic_full,0.75,candidate_b,42,20260701_200443,1609,1782918450042,50,up,up,0.8533520698547363,2.537306332164313,2.537306332164313,True,True,32
cooldown_first_signal,xgboost_dynamic_full,xgboost,dynamic_full,0.75,candidate_b,42,20260701_200443,1660,1782918455244,50,down,up,0.8621215224266052,-0.9513088424151217,-0.9513088424151217,False,False,33
cooldown_first_signal,xgboost_dynamic_full,xgboost,dynamic_full,0.75,candidate_b,42,20260701_200443,1711,1782918460446,50,down,up,0.8786518573760986,-1.9528723497475031,-1.9528723497475031,False,False,34
cooldown_first_signal,xgboost_dynamic_full,xgboost,dynamic_full,0.75,candidate_b,42,20260701_200443,1766,1782918466056,50,up,up,0.7826287746429443,2.003407462192186,2.003407462192186,True,True,35
cooldown_first_signal,xgboost_dynamic_full,xgboost,dynamic_full,0.75,candidate_b,42,20260701_200443,1817,1782918471260,50,up,up,0.8285977244377136,1.6691718153660773,1.6691718153660773,True,True,36
cooldown_first_signal,xgboost_dynamic_full,xgboost,dynamic_full,0.75,candidate_b,42,20260701_200443,1868,1782918476462,50,down,up,0.8941940665245056,-3.3210975643327423,-3.3210975643327423,False,False,37
cooldown_first_signal,xgboost_dynamic_full,xgboost,dynamic_full,0.75,candidate_b,42,20260701_200443,1922,1782918481970,50,down,up,0.8305392265319824,-5.376240855591297,-5.376240855591297,False,False,38
cooldown_first_signal,xgboost_dynamic_full,xgboost,dynamic_full,0.75,candidate_b,42,20260701_200443,1973,1782918487174,50,down,up,0.8249744772911072,-2.789798691801293,-2.789798691801293,False,False,39
cooldown_first_signal,xgboost_dynamic_full,xgboost,dynamic_full,0.75,candidate_b,42,20260701_200443,2026,1782918492580,50,down,up,0.7500426173210144,-2.4732640986491194,-2.4732640986491194,False,False,40
cooldown_first_signal,xgboost_dynamic_full,xgboost,dynamic_full,0.75,candidate_b,42,20260701_200443,2077,1782918497782,50,up,up,0.7779325246810913,2.7246066244712708,2.7246066244712708,True,True,41
cooldown_first_signal,xgboost_dynamic_full,xgboost,dynamic_full,0.75,candidate_b,42,20260701_200443,2128,1782918502986,50,down,up,0.8964616060256958,-6.7511733088010395,-6.7511733088010395,False,False,42
cooldown_first_signal,xgboost_dynamic_full,xgboost,dynamic_full,0.75,candidate_b,42,20260701_200443,2193,1782918509616,50,up,up,0.7928978800773621,4.248454290227688,4.248454290227688,True,True,43
cooldown_first_signal,xgboost_dynamic_full,xgboost,dynamic_full,0.75,candidate_b,42,20260701_200443,2244,1782918514818,50,down,up,0.8704785704612732,-3.109684074488195,-3.109684074488195,False,False,44
cooldown_first_signal,xgboost_dynamic_full,xgboost,dynamic_full,0.75,candidate_b,42,20260701_200443,2299,1782918520430,50,down,up,0.7643373012542725,-0.4013810854186506,-0.4013810854186506,False,False,45
cooldown_first_signal,xgboost_dynamic_full,xgboost,dynamic_full,0.75,candidate_b,42,20260701_200443,2350,1782918525632,50,down,up,0.8171241283416748,-3.278077106728672,-3.278077106728672,False,False,46
cooldown_first_signal,xgboost_dynamic_full,xgboost,dynamic_full,0.75,candidate_b,42,20260701_200443,2413,1782918532058,50,up,up,0.7555719614028931,2.744032774457672,2.744032774457672,True,True,47
cooldown_first_signal,xgboost_dynamic_full,xgboost,dynamic_full,0.75,candidate_b,42,20260701_200443,2464,1782918537260,50,up,up,0.8510648012161255,1.6225497616773055,1.6225497616773055,True,True,48
cooldown_first_signal,xgboost_dynamic_full,xgboost,dynamic_full,0.75,candidate_b,42,20260701_200443,2515,1782918542462,50,down,up,0.8617356419563293,-3.194399264786485,-3.194399264786485,False,False,49
cooldown_first_signal,xgboost_dynamic_full,xgboost,dynamic_full,0.75,candidate_b,42,20260701_200443,2566,1782918547666,50,down,up,0.7861002683639526,-5.102659656783803,-5.102659656783803,False,False,50
cooldown_first_signal,xgboost_dynamic_full,xgboost,dynamic_full,0.75,candidate_b,42,20260701_200443,2617,1782918552868,50,up,up,0.7979254126548767,5.942193338885904,5.942193338885904,True,True,51
cooldown_first_signal,xgboost_dynamic_full,xgboost,dynamic_full,0.75,candidate_b,42,20260701_200443,2668,1782918558070,50,up,up,0.9066253304481506,1.9572499801334686,1.9572499801334686,True,True,52
cooldown_first_signal,xgboost_dynamic_full,xgboost,dynamic_full,0.75,candidate_b,42,20260701_200443,2719,1782918563272,50,up,up,0.9016970992088318,0.5184861208795688,0.5184861208795688,True,True,53
cooldown_first_signal,xgboost_dynamic_full,xgboost,dynamic_full,0.75,candidate_b,42,20260701_200443,2770,1782918568474,50,down,up,0.8646847605705261,-3.8633575587598834,-3.8633575587598834,False,False,54
cooldown_first_signal,xgboost_dynamic_full,xgboost,dynamic_full,0.75,candidate_b,42,20260701_200443,2830,1782918574596,50,down,up,0.7850919961929321,-0.8366541531090732,-0.8366541531090732,False,False,55
cooldown_first_signal,xgboost_dynamic_full,xgboost,dynamic_full,0.75,candidate_b,42,20260701_200954,11,1782918598976,50,up,up,0.783161997795105,1.8900224377427222,1.8900224377427222,True,True,1
cooldown_first_signal,xgboost_dynamic_full,xgboost,dynamic_full,0.75,candidate_b,42,20260701_200954,62,1782918604182,50,up,up,0.8616573214530945,1.1538664140431365,1.1538664140431365,True,True,2
cooldown_first_signal,xgboost_dynamic_full,xgboost,dynamic_full,0.75,candidate_b,42,20260701_200954,120,1782918610098,50,up,up,0.7684575319290161,1.9899316149118995,1.9899316149118995,True,True,3
cooldown_first_signal,xgboost_dynamic_full,xgboost,dynamic_full,0.75,candidate_b,42,20260701_200954,171,1782918615300,50,down,up,0.8900693655014038,-3.5609767107114276,-3.5609767107114276,False,False,4
cooldown_first_signal,xgboost_dynamic_full,xgboost,dynamic_full,0.75,candidate_b,42,20260701_200954,222,1782918620506,50,up,up,0.807065486907959,0.7525870178737293,0.7525870178737293,True,True,5
cooldown_first_signal,xgboost_dynamic_full,xgboost,dynamic_full,0.75,candidate_b,42,20260701_200954,273,1782918625708,50,down,up,0.8648554086685181,-1.2876631005087624,-1.2876631005087624,False,False,6
cooldown_first_signal,xgboost_dynamic_full,xgboost,dynamic_full,0.75,candidate_b,42,20260701_200954,324,1782918630914,50,down,up,0.8490012884140015,-2.592382910008295,-2.592382910008295,False,False,7
cooldown_first_signal,xgboost_dynamic_full,xgboost,dynamic_full,0.75,candidate_b,42,20260701_200954,375,1782918636116,50,up,up,0.7653266191482544,0.5186110258370569,0.5186110258370569,True,True,8
cooldown_first_signal,xgboost_dynamic_full,xgboost,dynamic_full,0.75,candidate_b,42,20260701_200954,426,1782918641320,50,up,up,0.8776687383651733,3.981387848235318,3.981387848235318,True,True,9
cooldown_first_signal,xgboost_dynamic_full,xgboost,dynamic_full,0.75,candidate_b,42,20260701_200954,477,1782918646524,50,up,up,0.8739611506462097,1.7554286631416005,1.7554286631416005,True,True,10
cooldown_first_signal,xgboost_dynamic_full,xgboost,dynamic_full,0.75,candidate_b,42,20260701_200954,528,1782918651726,50,up,up,0.8349594473838806,3.008778110136223,3.008778110136223,True,True,11
cooldown_first_signal,xgboost_dynamic_full,xgboost,dynamic_full,0.75,candidate_b,42,20260701_200954,579,1782918656928,50,up,up,0.8448358178138733,2.9911627017042974,2.9911627017042974,True,True,12
cooldown_first_signal,xgboost_dynamic_full,xgboost,dynamic_full,0.75,candidate_b,42,20260701_200954,644,1782918663558,50,down,up,0.7639278769493103,-0.6849217810966923,-0.6849217810966923,False,False,13
cooldown_first_signal,xgboost_dynamic_full,xgboost,dynamic_full,0.75,candidate_b,42,20260701_200954,696,1782918668864,50,down,up,0.8274961113929749,-0.8687770709681075,-0.8687770709681075,False,False,14
cooldown_first_signal,xgboost_dynamic_full,xgboost,dynamic_full,0.75,candidate_b,42,20260701_200954,751,1782918674474,50,down,up,0.7673453688621521,-0.7521982995306598,-0.7521982995306598,False,False,15
cooldown_first_signal,xgboost_dynamic_full,xgboost,dynamic_full,0.75,candidate_b,42,20260701_200954,814,1782918680902,50,up,up,0.7747701406478882,2.6916707835855647,2.6916707835855647,True,True,16
cooldown_first_signal,xgboost_dynamic_full,xgboost,dynamic_full,0.75,candidate_b,42,20260701_200954,866,1782918686206,50,up,up,0.7826043963432312,0.36770697097177063,0.36770697097177063,True,True,17
cooldown_first_signal,xgboost_dynamic_full,xgboost,dynamic_full,0.75,candidate_b,42,20260701_200954,917,1782918691408,50,up,up,0.765712559223175,4.111481311563914,4.111481311563914,True,True,18
cooldown_first_signal,xgboost_dynamic_full,xgboost,dynamic_full,0.75,candidate_b,42,20260701_200954,968,1782918696612,50,down,up,0.8414576053619385,-3.341293966208081,-3.341293966208081,False,False,19
cooldown_first_signal,xgboost_dynamic_full,xgboost,dynamic_full,0.75,candidate_b,42,20260701_200954,1023,1782918702224,50,up,up,0.7804003953933716,1.353676359379108,1.353676359379108,True,True,20
cooldown_first_signal,xgboost_dynamic_full,xgboost,dynamic_full,0.75,candidate_b,42,20260701_200954,1074,1782918707428,50,up,up,0.8976637721061707,1.6876382171537863,1.6876382171537863,True,True,21
cooldown_first_signal,xgboost_dynamic_full,xgboost,dynamic_full,0.75,candidate_b,42,20260701_200954,1125,1782918712630,50,up,up,0.8759201169013977,0.13365175864699097,0.13365175864699097,True,True,22
cooldown_first_signal,xgboost_dynamic_full,xgboost,dynamic_full,0.75,candidate_b,42,20260701_200954,1176,1782918717832,50,down,up,0.8804364800453186,-6.598559509400914,-6.598559509400914,False,False,23
cooldown_first_signal,xgboost_dynamic_full,xgboost,dynamic_full,0.75,candidate_b,42,20260701_200954,1227,1782918723034,50,up,up,0.8535964488983154,1.3707320294109593,1.3707320294109593,True,True,24
cooldown_first_signal,xgboost_dynamic_full,xgboost,dynamic_full,0.75,candidate_b,42,20260701_200954,1278,1782918728236,50,down,up,0.8895593881607056,-1.7215371822787429,-1.7215371822787429,False,False,25
cooldown_first_signal,xgboost_dynamic_full,xgboost,dynamic_full,0.75,candidate_b,42,20260701_200954,1341,1782918734662,50,down,up,0.8285502195358276,-0.10030752615852734,-0.10030752615852734,False,False,26
cooldown_first_signal,xgboost_dynamic_full,xgboost,dynamic_full,0.75,candidate_b,42,20260701_200954,1392,1782918739866,50,down,up,0.8935524821281433,-0.9194948796675817,-0.9194948796675817,False,False,27
cooldown_first_signal,xgboost_dynamic_full,xgboost,dynamic_full,0.75,candidate_b,42,20260701_200954,1443,1782918745068,50,up,up,0.8305392265319824,4.714934555203332,4.714934555203332,True,True,28
cooldown_first_signal,xgboost_dynamic_full,xgboost,dynamic_full,0.75,candidate_b,42,20260701_200954,1494,1782918750270,50,up,up,0.8392553329467773,4.1110896643692385,4.1110896643692385,True,True,29
cooldown_first_signal,xgboost_dynamic_full,xgboost,dynamic_full,0.75,candidate_b,42,20260701_200954,1545,1782918755474,50,up,up,0.852974534034729,4.39338319739857,4.39338319739857,True,True,30
cooldown_first_signal,xgboost_dynamic_full,xgboost,dynamic_full,0.75,candidate_b,42,20260701_200954,1596,1782918760676,50,up,up,0.8707984685897827,0.5843466878818759,0.5843466878818759,True,True,31
cooldown_first_signal,xgboost_dynamic_full,xgboost,dynamic_full,0.75,candidate_b,42,20260701_200954,1647,1782918765878,50,down,up,0.8493516445159912,-0.6010071878792544,-0.6010071878792544,False,False,32
cooldown_first_signal,xgboost_dynamic_full,xgboost,dynamic_full,0.75,candidate_b,42,20260701_200954,1698,1782918771082,50,down,up,0.8449054956436157,-4.0904336444014255,-4.0904336444014255,False,False,33
cooldown_first_signal,xgboost_dynamic_full,xgboost,dynamic_full,0.75,candidate_b,42,20260701_200954,1762,1782918777610,50,up,up,0.7591258883476257,1.352900844895366,1.352900844895366,True,True,34
cooldown_first_signal,xgboost_dynamic_full,xgboost,dynamic_full,0.75,candidate_b,42,20260701_200954,1813,1782918782812,50,up,up,0.7784069180488586,1.5030198173171527,1.5030198173171527,True,True,35
cooldown_first_signal,xgboost_dynamic_full,xgboost,dynamic_full,0.75,candidate_b,42,20260701_200954,1864,1782918788014,50,up,up,0.8295363187789917,0.03339542098856896,0.03339542098856896,True,True,36
cooldown_first_signal,xgboost_dynamic_full,xgboost,dynamic_full,0.75,candidate_b,42,20260701_200954,1915,1782918793220,50,up,up,0.8236179351806641,0.7680921176222988,0.7680921176222988,True,True,37
cooldown_first_signal,xgboost_dynamic_full,xgboost,dynamic_full,0.75,candidate_b,42,20260701_200954,1979,1782918799750,50,up,up,0.7519322037696838,0.8014914419929298,0.8014914419929298,True,True,38
cooldown_first_signal,xgboost_dynamic_full,xgboost,dynamic_full,0.75,candidate_b,42,20260701_200954,2030,1782918804952,50,down,up,0.8262549638748169,-0.8014272082867979,-0.8014272082867979,False,False,39
cooldown_first_signal,xgboost_dynamic_full,xgboost,dynamic_full,0.75,candidate_b,42,20260701_200954,2081,1782918810156,50,up,up,0.777174174785614,0.03339547675063059,0.03339547675063059,True,True,40
cooldown_first_signal,xgboost_dynamic_full,xgboost,dynamic_full,0.75,candidate_b,42,20260701_200954,2132,1782918815358,50,up,up,0.8317937254905701,3.790373952949899,3.790373952949899,True,True,41
cooldown_first_signal,xgboost_dynamic_full,xgboost,dynamic_full,0.75,candidate_b,42,20260701_200954,2212,1782918823518,50,up,up,0.758547306060791,1.0348692517814229,1.0348692517814229,True,True,42
cooldown_first_signal,xgboost_dynamic_full,xgboost,dynamic_full,0.75,candidate_b,42,20260701_200954,2263,1782918828722,50,down,up,0.7610538005828857,-0.7844164817594201,-0.7844164817594201,False,False,43
cooldown_first_signal,xgboost_dynamic_full,xgboost,dynamic_full,0.75,candidate_b,42,20260701_200954,2314,1782918833924,50,down,up,0.8004822134971619,-1.5188829700674145,-1.5188829700674145,False,False,44
cooldown_first_signal,xgboost_dynamic_full,xgboost,dynamic_full,0.75,candidate_b,42,20260701_200954,2375,1782918840148,50,up,up,0.7801535725593567,0.3171855293282455,0.3171855293282455,True,True,45
cooldown_first_signal,xgboost_dynamic_full,xgboost,dynamic_full,0.75,candidate_b,42,20260701_200954,2427,1782918845452,50,up,up,0.8005292415618896,3.2887295904693303,3.2887295904693303,True,True,46
cooldown_first_signal,xgboost_dynamic_full,xgboost,dynamic_full,0.75,candidate_b,42,20260701_200954,2482,1782918851064,50,down,up,0.7553638815879822,-3.070840450645207,-3.070840450645207,False,False,47
cooldown_first_signal,xgboost_dynamic_full,xgboost,dynamic_full,0.75,candidate_b,42,20260701_200954,2533,1782918856266,50,down,up,0.8189890384674072,-2.3873101942328834,-2.3873101942328834,False,False,48
cooldown_first_signal,xgboost_dynamic_full,xgboost,dynamic_full,0.75,candidate_b,42,20260701_200954,2584,1782918861476,50,down,up,0.7567970752716064,-1.3358770659133157,-1.3358770659133157,False,False,49
cooldown_first_signal,xgboost_dynamic_full,xgboost,dynamic_full,0.75,candidate_b,42,20260701_200954,2635,1782918866678,50,down,up,0.8208510875701904,-1.8036749877881064,-1.8036749877881064,False,False,50
cooldown_first_signal,xgboost_dynamic_full,xgboost,dynamic_full,0.75,candidate_b,42,20260701_200954,2686,1782918871882,50,down,up,0.8315201997756958,-0.033407414273822766,-0.033407414273822766,False,False,51
cooldown_first_signal,xgboost_dynamic_full,xgboost,dynamic_full,0.75,candidate_b,42,20260701_200954,2737,1782918877084,50,up,up,0.7993617057800293,4.56012728267341,4.56012728267341,True,True,52
cooldown_first_signal,xgboost_dynamic_full,xgboost,dynamic_full,0.75,candidate_b,42,20260701_200954,2788,1782918882286,50,down,up,0.826982855796814,-1.0685535541510305,-1.0685535541510305,False,False,53
cooldown_first_signal,xgboost_dynamic_full,xgboost,dynamic_full,0.75,candidate_b,42,20260701_200954,2839,1782918887488,50,up,up,0.8264522552490234,0.8348966773619182,0.8348966773619182,True,True,54
