collection_batch,run_number,status,run_name,symbol,collection_seconds_requested,collection_seconds_meta,depth_events,trade_events,snapshot_lastUpdateId,started_at_utc,finished_at_utc,error_message,stdout_tail,stderr_tail
fresh_trades_large_day25,1,success,20260704_125643,BTCUSDT,300,300,2926,1465,10964353693084,2026-07-04T07:56:42.894201+00:00,2026-07-04T08:01:51.968585+00:00,,"================================================================================
[INFO] Starting raw collection with separate depth/trade websockets
[INFO] Symbol: BTCUSDT
[INFO] Collection seconds: 300
[INFO] Run dir: data\raw\BTCUSDT\20260704_125643
================================================================================
[INFO] Connecting depth websocket: wss://fstream.binance.com/public/stream?streams=btcusdt@depth@100ms
[INFO] Connecting trade websocket: wss://fstream.binance.com/market/stream?streams=btcusdt@aggTrade
[INFO] Trade websocket connected
[INFO] Depth websocket connected
[INFO] Fetching snapshot from: https://fapi.binance.com/fapi/v1/depth
[INFO] Snapshot lastUpdateId: 10964353693084
[INFO] Depth collection finished. Events: 2926
[INFO] Trade collection finished. Events: 1465

[INFO] Raw collection completed
[INFO] Snapshot: data\raw\BTCUSDT\20260704_125643\snapshot.json
[INFO] Depth events: 2926
[INFO] Trade events: 1465
[INFO] Meta: data\raw\BTCUSDT\20260704_125643\meta.json
",
fresh_trades_large_day25,2,success,20260704_130157,BTCUSDT,300,300,2927,1079,10964374604061,2026-07-04T08:01:56.983674+00:00,2026-07-04T08:07:06.034799+00:00,,"================================================================================
[INFO] Starting raw collection with separate depth/trade websockets
[INFO] Symbol: BTCUSDT
[INFO] Collection seconds: 300
[INFO] Run dir: data\raw\BTCUSDT\20260704_130157
================================================================================
[INFO] Connecting depth websocket: wss://fstream.binance.com/public/stream?streams=btcusdt@depth@100ms
[INFO] Connecting trade websocket: wss://fstream.binance.com/market/stream?streams=btcusdt@aggTrade
[INFO] Trade websocket connected
[INFO] Depth websocket connected
[INFO] Fetching snapshot from: https://fapi.binance.com/fapi/v1/depth
[INFO] Snapshot lastUpdateId: 10964374604061
[INFO] Depth collection finished. Events: 2927
[INFO] Trade collection finished. Events: 1079

[INFO] Raw collection completed
[INFO] Snapshot: data\raw\BTCUSDT\20260704_130157\snapshot.json
[INFO] Depth events: 2927
[INFO] Trade events: 1079
[INFO] Meta: data\raw\BTCUSDT\20260704_130157\meta.json
",
fresh_trades_large_day25,3,success,20260704_130711,BTCUSDT,300,300,2926,1056,10964396422937,2026-07-04T08:07:11.053042+00:00,2026-07-04T08:12:19.950599+00:00,,"================================================================================
[INFO] Starting raw collection with separate depth/trade websockets
[INFO] Symbol: BTCUSDT
[INFO] Collection seconds: 300
[INFO] Run dir: data\raw\BTCUSDT\20260704_130711
================================================================================
[INFO] Connecting depth websocket: wss://fstream.binance.com/public/stream?streams=btcusdt@depth@100ms
[INFO] Connecting trade websocket: wss://fstream.binance.com/market/stream?streams=btcusdt@aggTrade
[INFO] Trade websocket connected
[INFO] Depth websocket connected
[INFO] Fetching snapshot from: https://fapi.binance.com/fapi/v1/depth
[INFO] Snapshot lastUpdateId: 10964396422937
[INFO] Trade collection finished. Events: 1056
[INFO] Depth collection finished. Events: 2926

[INFO] Raw collection completed
[INFO] Snapshot: data\raw\BTCUSDT\20260704_130711\snapshot.json
[INFO] Depth events: 2926
[INFO] Trade events: 1056
[INFO] Meta: data\raw\BTCUSDT\20260704_130711\meta.json
",
fresh_trades_large_day25,4,success,20260704_131225,BTCUSDT,300,300,2926,1226,10964418025886,2026-07-04T08:12:24.967661+00:00,2026-07-04T08:17:35.255918+00:00,,"================================================================================
[INFO] Starting raw collection with separate depth/trade websockets
[INFO] Symbol: BTCUSDT
[INFO] Collection seconds: 300
[INFO] Run dir: data\raw\BTCUSDT\20260704_131225
================================================================================
[INFO] Connecting depth websocket: wss://fstream.binance.com/public/stream?streams=btcusdt@depth@100ms
[INFO] Connecting trade websocket: wss://fstream.binance.com/market/stream?streams=btcusdt@aggTrade
[INFO] Depth websocket connected
[INFO] Trade websocket connected
[INFO] Fetching snapshot from: https://fapi.binance.com/fapi/v1/depth
[INFO] Snapshot lastUpdateId: 10964418025886
[INFO] Trade collection finished. Events: 1226
[INFO] Depth collection finished. Events: 2926

[INFO] Raw collection completed
[INFO] Snapshot: data\raw\BTCUSDT\20260704_131225\snapshot.json
[INFO] Depth events: 2926
[INFO] Trade events: 1226
[INFO] Meta: data\raw\BTCUSDT\20260704_131225\meta.json
",
fresh_trades_large_day25,5,success,20260704_131740,BTCUSDT,300,300,2926,1226,10964442604954,2026-07-04T08:17:40.273657+00:00,2026-07-04T08:22:49.326395+00:00,,"================================================================================
[INFO] Starting raw collection with separate depth/trade websockets
[INFO] Symbol: BTCUSDT
[INFO] Collection seconds: 300
[INFO] Run dir: data\raw\BTCUSDT\20260704_131740
================================================================================
[INFO] Connecting depth websocket: wss://fstream.binance.com/public/stream?streams=btcusdt@depth@100ms
[INFO] Connecting trade websocket: wss://fstream.binance.com/market/stream?streams=btcusdt@aggTrade
[INFO] Trade websocket connected
[INFO] Depth websocket connected
[INFO] Fetching snapshot from: https://fapi.binance.com/fapi/v1/depth
[INFO] Snapshot lastUpdateId: 10964442604954
[INFO] Trade collection finished. Events: 1226
[INFO] Depth collection finished. Events: 2926

[INFO] Raw collection completed
[INFO] Snapshot: data\raw\BTCUSDT\20260704_131740\snapshot.json
[INFO] Depth events: 2926
[INFO] Trade events: 1226
[INFO] Meta: data\raw\BTCUSDT\20260704_131740\meta.json
",
fresh_trades_large_day25,6,success,20260704_132254,BTCUSDT,300,300,2927,1051,10964466485059,2026-07-04T08:22:54.343608+00:00,2026-07-04T08:28:02.714601+00:00,,"================================================================================
[INFO] Starting raw collection with separate depth/trade websockets
[INFO] Symbol: BTCUSDT
[INFO] Collection seconds: 300
[INFO] Run dir: data\raw\BTCUSDT\20260704_132254
================================================================================
[INFO] Connecting depth websocket: wss://fstream.binance.com/public/stream?streams=btcusdt@depth@100ms
[INFO] Connecting trade websocket: wss://fstream.binance.com/market/stream?streams=btcusdt@aggTrade
[INFO] Depth websocket connected
[INFO] Trade websocket connected
[INFO] Fetching snapshot from: https://fapi.binance.com/fapi/v1/depth
[INFO] Snapshot lastUpdateId: 10964466485059
[INFO] Depth collection finished. Events: 2927
[INFO] Trade collection finished. Events: 1051

[INFO] Raw collection completed
[INFO] Snapshot: data\raw\BTCUSDT\20260704_132254\snapshot.json
[INFO] Depth events: 2927
[INFO] Trade events: 1051
[INFO] Meta: data\raw\BTCUSDT\20260704_132254\meta.json
",
fresh_trades_large_day25,7,success,20260704_132808,BTCUSDT,300,300,2927,928,10964489095166,2026-07-04T08:28:07.731144+00:00,2026-07-04T08:33:16.663398+00:00,,"================================================================================
[INFO] Starting raw collection with separate depth/trade websockets
[INFO] Symbol: BTCUSDT
[INFO] Collection seconds: 300
[INFO] Run dir: data\raw\BTCUSDT\20260704_132808
================================================================================
[INFO] Connecting depth websocket: wss://fstream.binance.com/public/stream?streams=btcusdt@depth@100ms
[INFO] Connecting trade websocket: wss://fstream.binance.com/market/stream?streams=btcusdt@aggTrade
[INFO] Trade websocket connected
[INFO] Depth websocket connected
[INFO] Fetching snapshot from: https://fapi.binance.com/fapi/v1/depth
[INFO] Snapshot lastUpdateId: 10964489095166
[INFO] Trade collection finished. Events: 928
[INFO] Depth collection finished. Events: 2927

[INFO] Raw collection completed
[INFO] Snapshot: data\raw\BTCUSDT\20260704_132808\snapshot.json
[INFO] Depth events: 2927
[INFO] Trade events: 928
[INFO] Meta: data\raw\BTCUSDT\20260704_132808\meta.json
",
fresh_trades_large_day25,8,success,20260704_133321,BTCUSDT,300,300,2914,2037,10964513385338,2026-07-04T08:33:21.680957+00:00,2026-07-04T08:38:29.242248+00:00,,"================================================================================
[INFO] Starting raw collection with separate depth/trade websockets
[INFO] Symbol: BTCUSDT
[INFO] Collection seconds: 300
[INFO] Run dir: data\raw\BTCUSDT\20260704_133321
================================================================================
[INFO] Connecting depth websocket: wss://fstream.binance.com/public/stream?streams=btcusdt@depth@100ms
[INFO] Connecting trade websocket: wss://fstream.binance.com/market/stream?streams=btcusdt@aggTrade
[INFO] Fetching snapshot from: https://fapi.binance.com/fapi/v1/depth
[INFO] Snapshot lastUpdateId: 10964513385338
[INFO] Trade websocket connected
[INFO] Depth websocket connected
[INFO] Trade collection finished. Events: 2037
[INFO] Depth collection finished. Events: 2914

[INFO] Raw collection completed
[INFO] Snapshot: data\raw\BTCUSDT\20260704_133321\snapshot.json
[INFO] Depth events: 2914
[INFO] Trade events: 2037
[INFO] Meta: data\raw\BTCUSDT\20260704_133321\meta.json
",
fresh_trades_large_day25,9,success,20260704_133834,BTCUSDT,300,300,2926,6230,10964540819466,2026-07-04T08:38:34.259990+00:00,2026-07-04T08:43:44.402158+00:00,,"================================================================================
[INFO] Starting raw collection with separate depth/trade websockets
[INFO] Symbol: BTCUSDT
[INFO] Collection seconds: 300
[INFO] Run dir: data\raw\BTCUSDT\20260704_133834
================================================================================
[INFO] Connecting depth websocket: wss://fstream.binance.com/public/stream?streams=btcusdt@depth@100ms
[INFO] Connecting trade websocket: wss://fstream.binance.com/market/stream?streams=btcusdt@aggTrade
[INFO] Depth websocket connected
[INFO] Trade websocket connected
[INFO] Fetching snapshot from: https://fapi.binance.com/fapi/v1/depth
[INFO] Snapshot lastUpdateId: 10964540819466
[INFO] Depth collection finished. Events: 2926
[INFO] Trade collection finished. Events: 6230

[INFO] Raw collection completed
[INFO] Snapshot: data\raw\BTCUSDT\20260704_133834\snapshot.json
[INFO] Depth events: 2926
[INFO] Trade events: 6230
[INFO] Meta: data\raw\BTCUSDT\20260704_133834\meta.json
",
fresh_trades_large_day25,10,success,20260704_134349,BTCUSDT,300,300,2926,1423,10964569190250,2026-07-04T08:43:49.419757+00:00,2026-07-04T08:48:58.058177+00:00,,"================================================================================
[INFO] Starting raw collection with separate depth/trade websockets
[INFO] Symbol: BTCUSDT
[INFO] Collection seconds: 300
[INFO] Run dir: data\raw\BTCUSDT\20260704_134349
================================================================================
[INFO] Connecting depth websocket: wss://fstream.binance.com/public/stream?streams=btcusdt@depth@100ms
[INFO] Connecting trade websocket: wss://fstream.binance.com/market/stream?streams=btcusdt@aggTrade
[INFO] Depth websocket connected
[INFO] Trade websocket connected
[INFO] Fetching snapshot from: https://fapi.binance.com/fapi/v1/depth
[INFO] Snapshot lastUpdateId: 10964569190250
[INFO] Depth collection finished. Events: 2926
[INFO] Trade collection finished. Events: 1423

[INFO] Raw collection completed
[INFO] Snapshot: data\raw\BTCUSDT\20260704_134349\snapshot.json
[INFO] Depth events: 2926
[INFO] Trade events: 1423
[INFO] Meta: data\raw\BTCUSDT\20260704_134349\meta.json
",
fresh_trades_large_day25,11,success,20260704_134903,BTCUSDT,300,300,2926,1413,10964594111810,2026-07-04T08:49:03.076408+00:00,2026-07-04T08:54:13.341805+00:00,,"================================================================================
[INFO] Starting raw collection with separate depth/trade websockets
[INFO] Symbol: BTCUSDT
[INFO] Collection seconds: 300
[INFO] Run dir: data\raw\BTCUSDT\20260704_134903
================================================================================
[INFO] Connecting depth websocket: wss://fstream.binance.com/public/stream?streams=btcusdt@depth@100ms
[INFO] Connecting trade websocket: wss://fstream.binance.com/market/stream?streams=btcusdt@aggTrade
[INFO] Trade websocket connected
[INFO] Depth websocket connected
[INFO] Fetching snapshot from: https://fapi.binance.com/fapi/v1/depth
[INFO] Snapshot lastUpdateId: 10964594111810
[INFO] Depth collection finished. Events: 2926
[INFO] Trade collection finished. Events: 1413

[INFO] Raw collection completed
[INFO] Snapshot: data\raw\BTCUSDT\20260704_134903\snapshot.json
[INFO] Depth events: 2926
[INFO] Trade events: 1413
[INFO] Meta: data\raw\BTCUSDT\20260704_134903\meta.json
",
fresh_trades_large_day25,12,success,20260704_135418,BTCUSDT,300,300,2927,2063,10964618107948,2026-07-04T08:54:18.358479+00:00,2026-07-04T08:59:24.469671+00:00,,"================================================================================
[INFO] Starting raw collection with separate depth/trade websockets
[INFO] Symbol: BTCUSDT
[INFO] Collection seconds: 300
[INFO] Run dir: data\raw\BTCUSDT\20260704_135418
================================================================================
[INFO] Connecting depth websocket: wss://fstream.binance.com/public/stream?streams=btcusdt@depth@100ms
[INFO] Connecting trade websocket: wss://fstream.binance.com/market/stream?streams=btcusdt@aggTrade
[INFO] Depth websocket connected
[INFO] Trade websocket connected
[INFO] Fetching snapshot from: https://fapi.binance.com/fapi/v1/depth
[INFO] Snapshot lastUpdateId: 10964618107948
[INFO] Trade collection finished. Events: 2063
[INFO] Depth collection finished. Events: 2927

[INFO] Raw collection completed
[INFO] Snapshot: data\raw\BTCUSDT\20260704_135418\snapshot.json
[INFO] Depth events: 2927
[INFO] Trade events: 2063
[INFO] Meta: data\raw\BTCUSDT\20260704_135418\meta.json
",
fresh_trades_large_day25,13,success,20260704_135929,BTCUSDT,300,300,2927,3011,10964641955324,2026-07-04T08:59:29.487627+00:00,2026-07-04T09:04:39.778012+00:00,,"================================================================================
[INFO] Starting raw collection with separate depth/trade websockets
[INFO] Symbol: BTCUSDT
[INFO] Collection seconds: 300
[INFO] Run dir: data\raw\BTCUSDT\20260704_135929
================================================================================
[INFO] Connecting depth websocket: wss://fstream.binance.com/public/stream?streams=btcusdt@depth@100ms
[INFO] Connecting trade websocket: wss://fstream.binance.com/market/stream?streams=btcusdt@aggTrade
[INFO] Depth websocket connected
[INFO] Trade websocket connected
[INFO] Fetching snapshot from: https://fapi.binance.com/fapi/v1/depth
[INFO] Snapshot lastUpdateId: 10964641955324
[INFO] Depth collection finished. Events: 2927
[INFO] Trade collection finished. Events: 3011

[INFO] Raw collection completed
[INFO] Snapshot: data\raw\BTCUSDT\20260704_135929\snapshot.json
[INFO] Depth events: 2927
[INFO] Trade events: 3011
[INFO] Meta: data\raw\BTCUSDT\20260704_135929\meta.json
",
fresh_trades_large_day25,14,success,20260704_140444,BTCUSDT,300,300,2926,2853,10964672594321,2026-07-04T09:04:44.796543+00:00,2026-07-04T09:09:54.814683+00:00,,"================================================================================
[INFO] Starting raw collection with separate depth/trade websockets
[INFO] Symbol: BTCUSDT
[INFO] Collection seconds: 300
[INFO] Run dir: data\raw\BTCUSDT\20260704_140444
================================================================================
[INFO] Connecting depth websocket: wss://fstream.binance.com/public/stream?streams=btcusdt@depth@100ms
[INFO] Connecting trade websocket: wss://fstream.binance.com/market/stream?streams=btcusdt@aggTrade
[INFO] Depth websocket connected
[INFO] Trade websocket connected
[INFO] Fetching snapshot from: https://fapi.binance.com/fapi/v1/depth
[INFO] Snapshot lastUpdateId: 10964672594321
[INFO] Depth collection finished. Events: 2926
[INFO] Trade collection finished. Events: 2853

[INFO] Raw collection completed
[INFO] Snapshot: data\raw\BTCUSDT\20260704_140444\snapshot.json
[INFO] Depth events: 2926
[INFO] Trade events: 2853
[INFO] Meta: data\raw\BTCUSDT\20260704_140444\meta.json
",
fresh_trades_large_day25,15,success,20260704_141000,BTCUSDT,300,300,2926,1746,10964700392332,2026-07-04T09:09:59.832878+00:00,2026-07-04T09:15:10.191191+00:00,,"================================================================================
[INFO] Starting raw collection with separate depth/trade websockets
[INFO] Symbol: BTCUSDT
[INFO] Collection seconds: 300
[INFO] Run dir: data\raw\BTCUSDT\20260704_141000
================================================================================
[INFO] Connecting depth websocket: wss://fstream.binance.com/public/stream?streams=btcusdt@depth@100ms
[INFO] Connecting trade websocket: wss://fstream.binance.com/market/stream?streams=btcusdt@aggTrade
[INFO] Trade websocket connected
[INFO] Depth websocket connected
[INFO] Fetching snapshot from: https://fapi.binance.com/fapi/v1/depth
[INFO] Snapshot lastUpdateId: 10964700392332
[INFO] Depth collection finished. Events: 2926
[INFO] Trade collection finished. Events: 1746

[INFO] Raw collection completed
[INFO] Snapshot: data\raw\BTCUSDT\20260704_141000\snapshot.json
[INFO] Depth events: 2926
[INFO] Trade events: 1746
[INFO] Meta: data\raw\BTCUSDT\20260704_141000\meta.json
",
fresh_trades_large_day25,16,success,20260704_141515,BTCUSDT,300,300,2927,1227,10964726199978,2026-07-04T09:15:15.209355+00:00,2026-07-04T09:20:22.965904+00:00,,"================================================================================
[INFO] Starting raw collection with separate depth/trade websockets
[INFO] Symbol: BTCUSDT
[INFO] Collection seconds: 300
[INFO] Run dir: data\raw\BTCUSDT\20260704_141515
================================================================================
[INFO] Connecting depth websocket: wss://fstream.binance.com/public/stream?streams=btcusdt@depth@100ms
[INFO] Connecting trade websocket: wss://fstream.binance.com/market/stream?streams=btcusdt@aggTrade
[INFO] Depth websocket connected
[INFO] Trade websocket connected
[INFO] Fetching snapshot from: https://fapi.binance.com/fapi/v1/depth
[INFO] Snapshot lastUpdateId: 10964726199978
[INFO] Trade collection finished. Events: 1227
[INFO] Depth collection finished. Events: 2927

[INFO] Raw collection completed
[INFO] Snapshot: data\raw\BTCUSDT\20260704_141515\snapshot.json
[INFO] Depth events: 2927
[INFO] Trade events: 1227
[INFO] Meta: data\raw\BTCUSDT\20260704_141515\meta.json
",
fresh_trades_large_day25,17,success,20260704_142028,BTCUSDT,300,300,2927,1921,10964749577979,2026-07-04T09:20:27.983528+00:00,2026-07-04T09:25:36.190538+00:00,,"================================================================================
[INFO] Starting raw collection with separate depth/trade websockets
[INFO] Symbol: BTCUSDT
[INFO] Collection seconds: 300
[INFO] Run dir: data\raw\BTCUSDT\20260704_142028
================================================================================
[INFO] Connecting depth websocket: wss://fstream.binance.com/public/stream?streams=btcusdt@depth@100ms
[INFO] Connecting trade websocket: wss://fstream.binance.com/market/stream?streams=btcusdt@aggTrade
[INFO] Depth websocket connected
[INFO] Trade websocket connected
[INFO] Fetching snapshot from: https://fapi.binance.com/fapi/v1/depth
[INFO] Snapshot lastUpdateId: 10964749577979
[INFO] Depth collection finished. Events: 2927
[INFO] Trade collection finished. Events: 1921

[INFO] Raw collection completed
[INFO] Snapshot: data\raw\BTCUSDT\20260704_142028\snapshot.json
[INFO] Depth events: 2927
[INFO] Trade events: 1921
[INFO] Meta: data\raw\BTCUSDT\20260704_142028\meta.json
",
fresh_trades_large_day25,18,success,20260704_142541,BTCUSDT,300,300,2926,1366,10964774974475,2026-07-04T09:25:41.209408+00:00,2026-07-04T09:30:51.518836+00:00,,"================================================================================
[INFO] Starting raw collection with separate depth/trade websockets
[INFO] Symbol: BTCUSDT
[INFO] Collection seconds: 300
[INFO] Run dir: data\raw\BTCUSDT\20260704_142541
================================================================================
[INFO] Connecting depth websocket: wss://fstream.binance.com/public/stream?streams=btcusdt@depth@100ms
[INFO] Connecting trade websocket: wss://fstream.binance.com/market/stream?streams=btcusdt@aggTrade
[INFO] Trade websocket connected
[INFO] Depth websocket connected
[INFO] Fetching snapshot from: https://fapi.binance.com/fapi/v1/depth
[INFO] Snapshot lastUpdateId: 10964774974475
[INFO] Trade collection finished. Events: 1366
[INFO] Depth collection finished. Events: 2926

[INFO] Raw collection completed
[INFO] Snapshot: data\raw\BTCUSDT\20260704_142541\snapshot.json
[INFO] Depth events: 2926
[INFO] Trade events: 1366
[INFO] Meta: data\raw\BTCUSDT\20260704_142541\meta.json
",
fresh_trades_large_day25,19,success,20260704_143056,BTCUSDT,300,300,2926,1526,10964799049248,2026-07-04T09:30:56.537204+00:00,2026-07-04T09:36:04.712724+00:00,,"================================================================================
[INFO] Starting raw collection with separate depth/trade websockets
[INFO] Symbol: BTCUSDT
[INFO] Collection seconds: 300
[INFO] Run dir: data\raw\BTCUSDT\20260704_143056
================================================================================
[INFO] Connecting depth websocket: wss://fstream.binance.com/public/stream?streams=btcusdt@depth@100ms
[INFO] Connecting trade websocket: wss://fstream.binance.com/market/stream?streams=btcusdt@aggTrade
[INFO] Trade websocket connected
[INFO] Depth websocket connected
[INFO] Fetching snapshot from: https://fapi.binance.com/fapi/v1/depth
[INFO] Snapshot lastUpdateId: 10964799049248
[INFO] Depth collection finished. Events: 2926
[INFO] Trade collection finished. Events: 1526

[INFO] Raw collection completed
[INFO] Snapshot: data\raw\BTCUSDT\20260704_143056\snapshot.json
[INFO] Depth events: 2926
[INFO] Trade events: 1526
[INFO] Meta: data\raw\BTCUSDT\20260704_143056\meta.json
",
fresh_trades_large_day25,20,success,20260704_143609,BTCUSDT,300,300,2927,2384,10964827768091,2026-07-04T09:36:09.729679+00:00,2026-07-04T09:41:19.507698+00:00,,"================================================================================
[INFO] Starting raw collection with separate depth/trade websockets
[INFO] Symbol: BTCUSDT
[INFO] Collection seconds: 300
[INFO] Run dir: data\raw\BTCUSDT\20260704_143609
================================================================================
[INFO] Connecting depth websocket: wss://fstream.binance.com/public/stream?streams=btcusdt@depth@100ms
[INFO] Connecting trade websocket: wss://fstream.binance.com/market/stream?streams=btcusdt@aggTrade
[INFO] Trade websocket connected
[INFO] Depth websocket connected
[INFO] Fetching snapshot from: https://fapi.binance.com/fapi/v1/depth
[INFO] Snapshot lastUpdateId: 10964827768091
[INFO] Depth collection finished. Events: 2927
[INFO] Trade collection finished. Events: 2384

[INFO] Raw collection completed
[INFO] Snapshot: data\raw\BTCUSDT\20260704_143609\snapshot.json
[INFO] Depth events: 2927
[INFO] Trade events: 2384
[INFO] Meta: data\raw\BTCUSDT\20260704_143609\meta.json
",
fresh_trades_large_day25,21,success,20260704_144124,BTCUSDT,300,300,2927,1452,10964857510390,2026-07-04T09:41:24.526541+00:00,2026-07-04T09:46:33.435874+00:00,,"================================================================================
[INFO] Starting raw collection with separate depth/trade websockets
[INFO] Symbol: BTCUSDT
[INFO] Collection seconds: 300
[INFO] Run dir: data\raw\BTCUSDT\20260704_144124
================================================================================
[INFO] Connecting depth websocket: wss://fstream.binance.com/public/stream?streams=btcusdt@depth@100ms
[INFO] Connecting trade websocket: wss://fstream.binance.com/market/stream?streams=btcusdt@aggTrade
[INFO] Trade websocket connected
[INFO] Depth websocket connected
[INFO] Fetching snapshot from: https://fapi.binance.com/fapi/v1/depth
[INFO] Snapshot lastUpdateId: 10964857510390
[INFO] Trade collection finished. Events: 1452
[INFO] Depth collection finished. Events: 2927

[INFO] Raw collection completed
[INFO] Snapshot: data\raw\BTCUSDT\20260704_144124\snapshot.json
[INFO] Depth events: 2927
[INFO] Trade events: 1452
[INFO] Meta: data\raw\BTCUSDT\20260704_144124\meta.json
",
fresh_trades_large_day25,22,success,20260704_144638,BTCUSDT,300,300,2927,1627,10964881901222,2026-07-04T09:46:38.453871+00:00,2026-07-04T09:51:45.679479+00:00,,"================================================================================
[INFO] Starting raw collection with separate depth/trade websockets
[INFO] Symbol: BTCUSDT
[INFO] Collection seconds: 300
[INFO] Run dir: data\raw\BTCUSDT\20260704_144638
================================================================================
[INFO] Connecting depth websocket: wss://fstream.binance.com/public/stream?streams=btcusdt@depth@100ms
[INFO] Connecting trade websocket: wss://fstream.binance.com/market/stream?streams=btcusdt@aggTrade
[INFO] Trade websocket connected
[INFO] Depth websocket connected
[INFO] Fetching snapshot from: https://fapi.binance.com/fapi/v1/depth
[INFO] Snapshot lastUpdateId: 10964881901222
[INFO] Depth collection finished. Events: 2927
[INFO] Trade collection finished. Events: 1627

[INFO] Raw collection completed
[INFO] Snapshot: data\raw\BTCUSDT\20260704_144638\snapshot.json
[INFO] Depth events: 2927
[INFO] Trade events: 1627
[INFO] Meta: data\raw\BTCUSDT\20260704_144638\meta.json
",
fresh_trades_large_day25,23,success,20260704_145150,BTCUSDT,300,300,2926,1403,10964907180229,2026-07-04T09:51:50.698148+00:00,2026-07-04T09:56:59.726335+00:00,,"================================================================================
[INFO] Starting raw collection with separate depth/trade websockets
[INFO] Symbol: BTCUSDT
[INFO] Collection seconds: 300
[INFO] Run dir: data\raw\BTCUSDT\20260704_145150
================================================================================
[INFO] Connecting depth websocket: wss://fstream.binance.com/public/stream?streams=btcusdt@depth@100ms
[INFO] Connecting trade websocket: wss://fstream.binance.com/market/stream?streams=btcusdt@aggTrade
[INFO] Trade websocket connected
[INFO] Depth websocket connected
[INFO] Fetching snapshot from: https://fapi.binance.com/fapi/v1/depth
[INFO] Snapshot lastUpdateId: 10964907180229
[INFO] Depth collection finished. Events: 2926
[INFO] Trade collection finished. Events: 1403

[INFO] Raw collection completed
[INFO] Snapshot: data\raw\BTCUSDT\20260704_145150\snapshot.json
[INFO] Depth events: 2926
[INFO] Trade events: 1403
[INFO] Meta: data\raw\BTCUSDT\20260704_145150\meta.json
",
fresh_trades_large_day25,24,success,20260704_145704,BTCUSDT,300,300,2925,1020,10964931185993,2026-07-04T09:57:04.745253+00:00,2026-07-04T10:02:15.027062+00:00,,"================================================================================
[INFO] Starting raw collection with separate depth/trade websockets
[INFO] Symbol: BTCUSDT
[INFO] Collection seconds: 300
[INFO] Run dir: data\raw\BTCUSDT\20260704_145704
================================================================================
[INFO] Connecting depth websocket: wss://fstream.binance.com/public/stream?streams=btcusdt@depth@100ms
[INFO] Connecting trade websocket: wss://fstream.binance.com/market/stream?streams=btcusdt@aggTrade
[INFO] Depth websocket connected
[INFO] Trade websocket connected
[INFO] Fetching snapshot from: https://fapi.binance.com/fapi/v1/depth
[INFO] Snapshot lastUpdateId: 10964931185993
[INFO] Trade collection finished. Events: 1020
[INFO] Depth collection finished. Events: 2925

[INFO] Raw collection completed
[INFO] Snapshot: data\raw\BTCUSDT\20260704_145704\snapshot.json
[INFO] Depth events: 2925
[INFO] Trade events: 1020
[INFO] Meta: data\raw\BTCUSDT\20260704_145704\meta.json
",
weekday_active_tue_day28,1,success,20260707_185956,BTCUSDT,300,300,2925,27091,10990175074214,2026-07-07T13:59:55.670774+00:00,2026-07-07T14:05:06.415940+00:00,,"================================================================================
[INFO] Starting raw collection with separate depth/trade websockets
[INFO] Symbol: BTCUSDT
[INFO] Collection seconds: 300
[INFO] Run dir: data\raw\BTCUSDT\20260707_185956
================================================================================
[INFO] Connecting depth websocket: wss://fstream.binance.com/public/stream?streams=btcusdt@depth@100ms
[INFO] Connecting trade websocket: wss://fstream.binance.com/market/stream?streams=btcusdt@aggTrade
[INFO] Depth websocket connected
[INFO] Trade websocket connected
[INFO] Fetching snapshot from: https://fapi.binance.com/fapi/v1/depth
[INFO] Snapshot lastUpdateId: 10990175074214
[INFO] Depth collection finished. Events: 2925
[INFO] Trade collection finished. Events: 27091

[INFO] Raw collection completed
[INFO] Snapshot: data\raw\BTCUSDT\20260707_185956\snapshot.json
[INFO] Depth events: 2925
[INFO] Trade events: 27091
[INFO] Meta: data\raw\BTCUSDT\20260707_185956\meta.json
",
weekday_active_tue_day28,2,success,20260707_190511,BTCUSDT,300,300,2926,16958,10990236524508,2026-07-07T14:05:11.442370+00:00,2026-07-07T14:10:18.158005+00:00,,"================================================================================
[INFO] Starting raw collection with separate depth/trade websockets
[INFO] Symbol: BTCUSDT
[INFO] Collection seconds: 300
[INFO] Run dir: data\raw\BTCUSDT\20260707_190511
================================================================================
[INFO] Connecting depth websocket: wss://fstream.binance.com/public/stream?streams=btcusdt@depth@100ms
[INFO] Connecting trade websocket: wss://fstream.binance.com/market/stream?streams=btcusdt@aggTrade
[INFO] Depth websocket connected
[INFO] Trade websocket connected
[INFO] Fetching snapshot from: https://fapi.binance.com/fapi/v1/depth
[INFO] Snapshot lastUpdateId: 10990236524508
[INFO] Depth collection finished. Events: 2926
[INFO] Trade collection finished. Events: 16958

[INFO] Raw collection completed
[INFO] Snapshot: data\raw\BTCUSDT\20260707_190511\snapshot.json
[INFO] Depth events: 2926
[INFO] Trade events: 16958
[INFO] Meta: data\raw\BTCUSDT\20260707_190511\meta.json
",
weekday_active_tue_day28,3,success,20260707_191023,BTCUSDT,300,300,2925,12305,10990289111092,2026-07-07T14:10:23.177700+00:00,2026-07-07T14:15:33.606698+00:00,,"================================================================================
[INFO] Starting raw collection with separate depth/trade websockets
[INFO] Symbol: BTCUSDT
[INFO] Collection seconds: 300
[INFO] Run dir: data\raw\BTCUSDT\20260707_191023
================================================================================
[INFO] Connecting depth websocket: wss://fstream.binance.com/public/stream?streams=btcusdt@depth@100ms
[INFO] Connecting trade websocket: wss://fstream.binance.com/market/stream?streams=btcusdt@aggTrade
[INFO] Trade websocket connected
[INFO] Depth websocket connected
[INFO] Fetching snapshot from: https://fapi.binance.com/fapi/v1/depth
[INFO] Snapshot lastUpdateId: 10990289111092
[INFO] Depth collection finished. Events: 2925
[INFO] Trade collection finished. Events: 12305

[INFO] Raw collection completed
[INFO] Snapshot: data\raw\BTCUSDT\20260707_191023\snapshot.json
[INFO] Depth events: 2925
[INFO] Trade events: 12305
[INFO] Meta: data\raw\BTCUSDT\20260707_191023\meta.json
",
weekday_active_tue_day28,4,success,20260707_191538,BTCUSDT,300,300,2923,17076,10990339379178,2026-07-07T14:15:38.625278+00:00,2026-07-07T14:20:49.174338+00:00,,"================================================================================
[INFO] Starting raw collection with separate depth/trade websockets
[INFO] Symbol: BTCUSDT
[INFO] Collection seconds: 300
[INFO] Run dir: data\raw\BTCUSDT\20260707_191538
================================================================================
[INFO] Connecting depth websocket: wss://fstream.binance.com/public/stream?streams=btcusdt@depth@100ms
[INFO] Connecting trade websocket: wss://fstream.binance.com/market/stream?streams=btcusdt@aggTrade
[INFO] Trade websocket connected
[INFO] Depth websocket connected
[INFO] Fetching snapshot from: https://fapi.binance.com/fapi/v1/depth
[INFO] Snapshot lastUpdateId: 10990339379178
[INFO] Depth collection finished. Events: 2923
[INFO] Trade collection finished. Events: 17076

[INFO] Raw collection completed
[INFO] Snapshot: data\raw\BTCUSDT\20260707_191538\snapshot.json
[INFO] Depth events: 2923
[INFO] Trade events: 17076
[INFO] Meta: data\raw\BTCUSDT\20260707_191538\meta.json
",
weekday_active_tue_day28,5,success,20260707_192054,BTCUSDT,300,300,2925,14182,10990391457221,2026-07-07T14:20:54.192335+00:00,2026-07-07T14:26:04.614878+00:00,,"================================================================================
[INFO] Starting raw collection with separate depth/trade websockets
[INFO] Symbol: BTCUSDT
[INFO] Collection seconds: 300
[INFO] Run dir: data\raw\BTCUSDT\20260707_192054
================================================================================
[INFO] Connecting depth websocket: wss://fstream.binance.com/public/stream?streams=btcusdt@depth@100ms
[INFO] Connecting trade websocket: wss://fstream.binance.com/market/stream?streams=btcusdt@aggTrade
[INFO] Depth websocket connected
[INFO] Trade websocket connected
[INFO] Fetching snapshot from: https://fapi.binance.com/fapi/v1/depth
[INFO] Snapshot lastUpdateId: 10990391457221
[INFO] Depth collection finished. Events: 2925
[INFO] Trade collection finished. Events: 14182

[INFO] Raw collection completed
[INFO] Snapshot: data\raw\BTCUSDT\20260707_192054\snapshot.json
[INFO] Depth events: 2925
[INFO] Trade events: 14182
[INFO] Meta: data\raw\BTCUSDT\20260707_192054\meta.json
",
weekday_active_tue_day28,6,success,20260707_192609,BTCUSDT,300,300,2926,11839,10990443270397,2026-07-07T14:26:09.634461+00:00,2026-07-07T14:31:20.040700+00:00,,"================================================================================
[INFO] Starting raw collection with separate depth/trade websockets
[INFO] Symbol: BTCUSDT
[INFO] Collection seconds: 300
[INFO] Run dir: data\raw\BTCUSDT\20260707_192609
================================================================================
[INFO] Connecting depth websocket: wss://fstream.binance.com/public/stream?streams=btcusdt@depth@100ms
[INFO] Connecting trade websocket: wss://fstream.binance.com/market/stream?streams=btcusdt@aggTrade
[INFO] Trade websocket connected
[INFO] Depth websocket connected
[INFO] Fetching snapshot from: https://fapi.binance.com/fapi/v1/depth
[INFO] Snapshot lastUpdateId: 10990443270397
[INFO] Depth collection finished. Events: 2926
[INFO] Trade collection finished. Events: 11839

[INFO] Raw collection completed
[INFO] Snapshot: data\raw\BTCUSDT\20260707_192609\snapshot.json
[INFO] Depth events: 2926
[INFO] Trade events: 11839
[INFO] Meta: data\raw\BTCUSDT\20260707_192609\meta.json
",
weekday_active_tue_day28,7,success,20260707_193125,BTCUSDT,300,300,2926,23781,10990493016502,2026-07-07T14:31:25.060709+00:00,2026-07-07T14:36:35.522340+00:00,,"================================================================================
[INFO] Starting raw collection with separate depth/trade websockets
[INFO] Symbol: BTCUSDT
[INFO] Collection seconds: 300
[INFO] Run dir: data\raw\BTCUSDT\20260707_193125
================================================================================
[INFO] Connecting depth websocket: wss://fstream.binance.com/public/stream?streams=btcusdt@depth@100ms
[INFO] Connecting trade websocket: wss://fstream.binance.com/market/stream?streams=btcusdt@aggTrade
[INFO] Depth websocket connected
[INFO] Trade websocket connected
[INFO] Fetching snapshot from: https://fapi.binance.com/fapi/v1/depth
[INFO] Snapshot lastUpdateId: 10990493016502
[INFO] Depth collection finished. Events: 2926
[INFO] Trade collection finished. Events: 23781

[INFO] Raw collection completed
[INFO] Snapshot: data\raw\BTCUSDT\20260707_193125\snapshot.json
[INFO] Depth events: 2926
[INFO] Trade events: 23781
[INFO] Meta: data\raw\BTCUSDT\20260707_193125\meta.json
",
weekday_active_tue_day28,8,success,20260707_193640,BTCUSDT,300,300,2926,19628,10990550715360,2026-07-07T14:36:40.541684+00:00,2026-07-07T14:41:51.084203+00:00,,"================================================================================
[INFO] Starting raw collection with separate depth/trade websockets
[INFO] Symbol: BTCUSDT
[INFO] Collection seconds: 300
[INFO] Run dir: data\raw\BTCUSDT\20260707_193640
================================================================================
[INFO] Connecting depth websocket: wss://fstream.binance.com/public/stream?streams=btcusdt@depth@100ms
[INFO] Connecting trade websocket: wss://fstream.binance.com/market/stream?streams=btcusdt@aggTrade
[INFO] Trade websocket connected
[INFO] Depth websocket connected
[INFO] Fetching snapshot from: https://fapi.binance.com/fapi/v1/depth
[INFO] Snapshot lastUpdateId: 10990550715360
[INFO] Depth collection finished. Events: 2926
[INFO] Trade collection finished. Events: 19628

[INFO] Raw collection completed
[INFO] Snapshot: data\raw\BTCUSDT\20260707_193640\snapshot.json
[INFO] Depth events: 2926
[INFO] Trade events: 19628
[INFO] Meta: data\raw\BTCUSDT\20260707_193640\meta.json
",
weekday_active_tue_day28,9,success,20260707_194156,BTCUSDT,300,300,2924,13159,10990603444157,2026-07-07T14:41:56.104336+00:00,2026-07-07T14:47:05.670012+00:00,,"================================================================================
[INFO] Starting raw collection with separate depth/trade websockets
[INFO] Symbol: BTCUSDT
[INFO] Collection seconds: 300
[INFO] Run dir: data\raw\BTCUSDT\20260707_194156
================================================================================
[INFO] Connecting depth websocket: wss://fstream.binance.com/public/stream?streams=btcusdt@depth@100ms
[INFO] Connecting trade websocket: wss://fstream.binance.com/market/stream?streams=btcusdt@aggTrade
[INFO] Depth websocket connected
[INFO] Trade websocket connected
[INFO] Fetching snapshot from: https://fapi.binance.com/fapi/v1/depth
[INFO] Snapshot lastUpdateId: 10990603444157
[INFO] Depth collection finished. Events: 2924
[INFO] Trade collection finished. Events: 13159

[INFO] Raw collection completed
[INFO] Snapshot: data\raw\BTCUSDT\20260707_194156\snapshot.json
[INFO] Depth events: 2924
[INFO] Trade events: 13159
[INFO] Meta: data\raw\BTCUSDT\20260707_194156\meta.json
",
weekday_active_tue_day28,10,success,20260707_194710,BTCUSDT,300,300,2925,17921,10990652484821,2026-07-07T14:47:10.689623+00:00,2026-07-07T14:52:17.806325+00:00,,"================================================================================
[INFO] Starting raw collection with separate depth/trade websockets
[INFO] Symbol: BTCUSDT
[INFO] Collection seconds: 300
[INFO] Run dir: data\raw\BTCUSDT\20260707_194710
================================================================================
[INFO] Connecting depth websocket: wss://fstream.binance.com/public/stream?streams=btcusdt@depth@100ms
[INFO] Connecting trade websocket: wss://fstream.binance.com/market/stream?streams=btcusdt@aggTrade
[INFO] Depth websocket connected
[INFO] Trade websocket connected
[INFO] Fetching snapshot from: https://fapi.binance.com/fapi/v1/depth
[INFO] Snapshot lastUpdateId: 10990652484821
[INFO] Depth collection finished. Events: 2925
[INFO] Trade collection finished. Events: 17921

[INFO] Raw collection completed
[INFO] Snapshot: data\raw\BTCUSDT\20260707_194710\snapshot.json
[INFO] Depth events: 2925
[INFO] Trade events: 17921
[INFO] Meta: data\raw\BTCUSDT\20260707_194710\meta.json
",
weekday_active_tue_day28,11,success,20260707_195223,BTCUSDT,300,300,2926,17951,10990703125325,2026-07-07T14:52:22.825310+00:00,2026-07-07T14:57:31.862079+00:00,,"================================================================================
[INFO] Starting raw collection with separate depth/trade websockets
[INFO] Symbol: BTCUSDT
[INFO] Collection seconds: 300
[INFO] Run dir: data\raw\BTCUSDT\20260707_195223
================================================================================
[INFO] Connecting depth websocket: wss://fstream.binance.com/public/stream?streams=btcusdt@depth@100ms
[INFO] Connecting trade websocket: wss://fstream.binance.com/market/stream?streams=btcusdt@aggTrade
[INFO] Depth websocket connected
[INFO] Trade websocket connected
[INFO] Fetching snapshot from: https://fapi.binance.com/fapi/v1/depth
[INFO] Snapshot lastUpdateId: 10990703125325
[INFO] Trade collection finished. Events: 17951
[INFO] Depth collection finished. Events: 2926

[INFO] Raw collection completed
[INFO] Snapshot: data\raw\BTCUSDT\20260707_195223\snapshot.json
[INFO] Depth events: 2926
[INFO] Trade events: 17951
[INFO] Meta: data\raw\BTCUSDT\20260707_195223\meta.json
",
weekday_active_tue_day28,12,success,20260707_195737,BTCUSDT,300,300,2926,20676,10990753295840,2026-07-07T14:57:36.881947+00:00,2026-07-07T15:02:45.270828+00:00,,"================================================================================
[INFO] Starting raw collection with separate depth/trade websockets
[INFO] Symbol: BTCUSDT
[INFO] Collection seconds: 300
[INFO] Run dir: data\raw\BTCUSDT\20260707_195737
================================================================================
[INFO] Connecting depth websocket: wss://fstream.binance.com/public/stream?streams=btcusdt@depth@100ms
[INFO] Connecting trade websocket: wss://fstream.binance.com/market/stream?streams=btcusdt@aggTrade
[INFO] Trade websocket connected
[INFO] Depth websocket connected
[INFO] Fetching snapshot from: https://fapi.binance.com/fapi/v1/depth
[INFO] Snapshot lastUpdateId: 10990753295840
[INFO] Trade collection finished. Events: 20676
[INFO] Depth collection finished. Events: 2926

[INFO] Raw collection completed
[INFO] Snapshot: data\raw\BTCUSDT\20260707_195737\snapshot.json
[INFO] Depth events: 2926
[INFO] Trade events: 20676
[INFO] Meta: data\raw\BTCUSDT\20260707_195737\meta.json
",
weekday_active_tue_day28,13,success,20260707_200250,BTCUSDT,300,300,2926,13625,10990804848362,2026-07-07T15:02:50.291365+00:00,2026-07-07T15:08:00.815377+00:00,,"================================================================================
[INFO] Starting raw collection with separate depth/trade websockets
[INFO] Symbol: BTCUSDT
[INFO] Collection seconds: 300
[INFO] Run dir: data\raw\BTCUSDT\20260707_200250
================================================================================
[INFO] Connecting depth websocket: wss://fstream.binance.com/public/stream?streams=btcusdt@depth@100ms
[INFO] Connecting trade websocket: wss://fstream.binance.com/market/stream?streams=btcusdt@aggTrade
[INFO] Trade websocket connected
[INFO] Depth websocket connected
[INFO] Fetching snapshot from: https://fapi.binance.com/fapi/v1/depth
[INFO] Snapshot lastUpdateId: 10990804848362
[INFO] Depth collection finished. Events: 2926
[INFO] Trade collection finished. Events: 13625

[INFO] Raw collection completed
[INFO] Snapshot: data\raw\BTCUSDT\20260707_200250\snapshot.json
[INFO] Depth events: 2926
[INFO] Trade events: 13625
[INFO] Meta: data\raw\BTCUSDT\20260707_200250\meta.json
",
weekday_active_tue_day28,14,success,20260707_200806,BTCUSDT,300,300,2926,10894,10990853242483,2026-07-07T15:08:05.835645+00:00,2026-07-07T15:13:15.783011+00:00,,"================================================================================
[INFO] Starting raw collection with separate depth/trade websockets
[INFO] Symbol: BTCUSDT
[INFO] Collection seconds: 300
[INFO] Run dir: data\raw\BTCUSDT\20260707_200806
================================================================================
[INFO] Connecting depth websocket: wss://fstream.binance.com/public/stream?streams=btcusdt@depth@100ms
[INFO] Connecting trade websocket: wss://fstream.binance.com/market/stream?streams=btcusdt@aggTrade
[INFO] Depth websocket connected
[INFO] Trade websocket connected
[INFO] Fetching snapshot from: https://fapi.binance.com/fapi/v1/depth
[INFO] Snapshot lastUpdateId: 10990853242483
[INFO] Depth collection finished. Events: 2926
[INFO] Trade collection finished. Events: 10894

[INFO] Raw collection completed
[INFO] Snapshot: data\raw\BTCUSDT\20260707_200806\snapshot.json
[INFO] Depth events: 2926
[INFO] Trade events: 10894
[INFO] Meta: data\raw\BTCUSDT\20260707_200806\meta.json
",
weekday_active_tue_day28,15,success,20260707_201320,BTCUSDT,300,300,2924,11045,10990900116462,2026-07-07T15:13:20.803296+00:00,2026-07-07T15:18:31.255318+00:00,,"================================================================================
[INFO] Starting raw collection with separate depth/trade websockets
[INFO] Symbol: BTCUSDT
[INFO] Collection seconds: 300
[INFO] Run dir: data\raw\BTCUSDT\20260707_201320
================================================================================
[INFO] Connecting depth websocket: wss://fstream.binance.com/public/stream?streams=btcusdt@depth@100ms
[INFO] Connecting trade websocket: wss://fstream.binance.com/market/stream?streams=btcusdt@aggTrade
[INFO] Depth websocket connected
[INFO] Trade websocket connected
[INFO] Fetching snapshot from: https://fapi.binance.com/fapi/v1/depth
[INFO] Snapshot lastUpdateId: 10990900116462
[INFO] Depth collection finished. Events: 2924
[INFO] Trade collection finished. Events: 11045

[INFO] Raw collection completed
[INFO] Snapshot: data\raw\BTCUSDT\20260707_201320\snapshot.json
[INFO] Depth events: 2924
[INFO] Trade events: 11045
[INFO] Meta: data\raw\BTCUSDT\20260707_201320\meta.json
",
weekday_active_tue_day28,16,success,20260707_201836,BTCUSDT,300,300,2924,13007,10990947682763,2026-07-07T15:18:36.275393+00:00,2026-07-07T15:23:46.455614+00:00,,"================================================================================
[INFO] Starting raw collection with separate depth/trade websockets
[INFO] Symbol: BTCUSDT
[INFO] Collection seconds: 300
[INFO] Run dir: data\raw\BTCUSDT\20260707_201836
================================================================================
[INFO] Connecting depth websocket: wss://fstream.binance.com/public/stream?streams=btcusdt@depth@100ms
[INFO] Connecting trade websocket: wss://fstream.binance.com/market/stream?streams=btcusdt@aggTrade
[INFO] Depth websocket connected
[INFO] Trade websocket connected
[INFO] Fetching snapshot from: https://fapi.binance.com/fapi/v1/depth
[INFO] Snapshot lastUpdateId: 10990947682763
[INFO] Depth collection finished. Events: 2924
[INFO] Trade collection finished. Events: 13007

[INFO] Raw collection completed
[INFO] Snapshot: data\raw\BTCUSDT\20260707_201836\snapshot.json
[INFO] Depth events: 2924
[INFO] Trade events: 13007
[INFO] Meta: data\raw\BTCUSDT\20260707_201836\meta.json
",
weekday_active_tue_day28,17,success,20260707_202351,BTCUSDT,300,300,2926,10403,10990993768997,2026-07-07T15:23:51.475717+00:00,2026-07-07T15:29:00.485297+00:00,,"================================================================================
[INFO] Starting raw collection with separate depth/trade websockets
[INFO] Symbol: BTCUSDT
[INFO] Collection seconds: 300
[INFO] Run dir: data\raw\BTCUSDT\20260707_202351
================================================================================
[INFO] Connecting depth websocket: wss://fstream.binance.com/public/stream?streams=btcusdt@depth@100ms
[INFO] Connecting trade websocket: wss://fstream.binance.com/market/stream?streams=btcusdt@aggTrade
[INFO] Depth websocket connected
[INFO] Trade websocket connected
[INFO] Fetching snapshot from: https://fapi.binance.com/fapi/v1/depth
[INFO] Snapshot lastUpdateId: 10990993768997
[INFO] Trade collection finished. Events: 10403
[INFO] Depth collection finished. Events: 2926

[INFO] Raw collection completed
[INFO] Snapshot: data\raw\BTCUSDT\20260707_202351\snapshot.json
[INFO] Depth events: 2926
[INFO] Trade events: 10403
[INFO] Meta: data\raw\BTCUSDT\20260707_202351\meta.json
",
weekday_active_tue_day28,18,success,20260707_202905,BTCUSDT,300,300,2926,9692,10991036970826,2026-07-07T15:29:05.506015+00:00,2026-07-07T15:34:14.893824+00:00,,"================================================================================
[INFO] Starting raw collection with separate depth/trade websockets
[INFO] Symbol: BTCUSDT
[INFO] Collection seconds: 300
[INFO] Run dir: data\raw\BTCUSDT\20260707_202905
================================================================================
[INFO] Connecting depth websocket: wss://fstream.binance.com/public/stream?streams=btcusdt@depth@100ms
[INFO] Connecting trade websocket: wss://fstream.binance.com/market/stream?streams=btcusdt@aggTrade
[INFO] Trade websocket connected
[INFO] Depth websocket connected
[INFO] Fetching snapshot from: https://fapi.binance.com/fapi/v1/depth
[INFO] Snapshot lastUpdateId: 10991036970826
[INFO] Trade collection finished. Events: 9692
[INFO] Depth collection finished. Events: 2926

[INFO] Raw collection completed
[INFO] Snapshot: data\raw\BTCUSDT\20260707_202905\snapshot.json
[INFO] Depth events: 2926
[INFO] Trade events: 9692
[INFO] Meta: data\raw\BTCUSDT\20260707_202905\meta.json
",
weekday_active_tue_day28,19,success,20260707_203420,BTCUSDT,300,300,2924,17831,10991081191843,2026-07-07T15:34:19.914669+00:00,2026-07-07T15:39:29.111948+00:00,,"================================================================================
[INFO] Starting raw collection with separate depth/trade websockets
[INFO] Symbol: BTCUSDT
[INFO] Collection seconds: 300
[INFO] Run dir: data\raw\BTCUSDT\20260707_203420
================================================================================
[INFO] Connecting depth websocket: wss://fstream.binance.com/public/stream?streams=btcusdt@depth@100ms
[INFO] Connecting trade websocket: wss://fstream.binance.com/market/stream?streams=btcusdt@aggTrade
[INFO] Trade websocket connected
[INFO] Depth websocket connected
[INFO] Fetching snapshot from: https://fapi.binance.com/fapi/v1/depth
[INFO] Snapshot lastUpdateId: 10991081191843
[INFO] Depth collection finished. Events: 2924
[INFO] Trade collection finished. Events: 17831

[INFO] Raw collection completed
[INFO] Snapshot: data\raw\BTCUSDT\20260707_203420\snapshot.json
[INFO] Depth events: 2924
[INFO] Trade events: 17831
[INFO] Meta: data\raw\BTCUSDT\20260707_203420\meta.json
",
weekday_active_tue_day28,20,success,20260707_203934,BTCUSDT,300,300,2926,11670,10991130677957,2026-07-07T15:39:34.132660+00:00,2026-07-07T15:44:44.556887+00:00,,"================================================================================
[INFO] Starting raw collection with separate depth/trade websockets
[INFO] Symbol: BTCUSDT
[INFO] Collection seconds: 300
[INFO] Run dir: data\raw\BTCUSDT\20260707_203934
================================================================================
[INFO] Connecting depth websocket: wss://fstream.binance.com/public/stream?streams=btcusdt@depth@100ms
[INFO] Connecting trade websocket: wss://fstream.binance.com/market/stream?streams=btcusdt@aggTrade
[INFO] Trade websocket connected
[INFO] Depth websocket connected
[INFO] Fetching snapshot from: https://fapi.binance.com/fapi/v1/depth
[INFO] Snapshot lastUpdateId: 10991130677957
[INFO] Trade collection finished. Events: 11670
[INFO] Depth collection finished. Events: 2926

[INFO] Raw collection completed
[INFO] Snapshot: data\raw\BTCUSDT\20260707_203934\snapshot.json
[INFO] Depth events: 2926
[INFO] Trade events: 11670
[INFO] Meta: data\raw\BTCUSDT\20260707_203934\meta.json
",
weekday_active_tue_day28,21,success,20260707_204449,BTCUSDT,300,300,2927,22442,10991173020225,2026-07-07T15:44:49.576945+00:00,2026-07-07T15:50:00.125531+00:00,,"================================================================================
[INFO] Starting raw collection with separate depth/trade websockets
[INFO] Symbol: BTCUSDT
[INFO] Collection seconds: 300
[INFO] Run dir: data\raw\BTCUSDT\20260707_204449
================================================================================
[INFO] Connecting depth websocket: wss://fstream.binance.com/public/stream?streams=btcusdt@depth@100ms
[INFO] Connecting trade websocket: wss://fstream.binance.com/market/stream?streams=btcusdt@aggTrade
[INFO] Depth websocket connected
[INFO] Trade websocket connected
[INFO] Fetching snapshot from: https://fapi.binance.com/fapi/v1/depth
[INFO] Snapshot lastUpdateId: 10991173020225
[INFO] Depth collection finished. Events: 2927
[INFO] Trade collection finished. Events: 22442

[INFO] Raw collection completed
[INFO] Snapshot: data\raw\BTCUSDT\20260707_204449\snapshot.json
[INFO] Depth events: 2927
[INFO] Trade events: 22442
[INFO] Meta: data\raw\BTCUSDT\20260707_204449\meta.json
",
weekday_active_tue_day28,22,success,20260707_205005,BTCUSDT,300,300,2921,9108,10991224232129,2026-07-07T15:50:05.146706+00:00,2026-07-07T15:55:15.528732+00:00,,"================================================================================
[INFO] Starting raw collection with separate depth/trade websockets
[INFO] Symbol: BTCUSDT
[INFO] Collection seconds: 300
[INFO] Run dir: data\raw\BTCUSDT\20260707_205005
================================================================================
[INFO] Connecting depth websocket: wss://fstream.binance.com/public/stream?streams=btcusdt@depth@100ms
[INFO] Connecting trade websocket: wss://fstream.binance.com/market/stream?streams=btcusdt@aggTrade
[INFO] Depth websocket connected
[INFO] Trade websocket connected
[INFO] Fetching snapshot from: https://fapi.binance.com/fapi/v1/depth
[INFO] Snapshot lastUpdateId: 10991224232129
[INFO] Depth collection finished. Events: 2921
[INFO] Trade collection finished. Events: 9108

[INFO] Raw collection completed
[INFO] Snapshot: data\raw\BTCUSDT\20260707_205005\snapshot.json
[INFO] Depth events: 2921
[INFO] Trade events: 9108
[INFO] Meta: data\raw\BTCUSDT\20260707_205005\meta.json
",
weekday_active_tue_day28,23,success,20260707_205520,BTCUSDT,300,300,2925,6923,10991267129124,2026-07-07T15:55:20.549618+00:00,2026-07-07T16:00:30.997140+00:00,,"================================================================================
[INFO] Starting raw collection with separate depth/trade websockets
[INFO] Symbol: BTCUSDT
[INFO] Collection seconds: 300
[INFO] Run dir: data\raw\BTCUSDT\20260707_205520
================================================================================
[INFO] Connecting depth websocket: wss://fstream.binance.com/public/stream?streams=btcusdt@depth@100ms
[INFO] Connecting trade websocket: wss://fstream.binance.com/market/stream?streams=btcusdt@aggTrade
[INFO] Trade websocket connected
[INFO] Depth websocket connected
[INFO] Fetching snapshot from: https://fapi.binance.com/fapi/v1/depth
[INFO] Snapshot lastUpdateId: 10991267129124
[INFO] Depth collection finished. Events: 2925
[INFO] Trade collection finished. Events: 6923

[INFO] Raw collection completed
[INFO] Snapshot: data\raw\BTCUSDT\20260707_205520\snapshot.json
[INFO] Depth events: 2925
[INFO] Trade events: 6923
[INFO] Meta: data\raw\BTCUSDT\20260707_205520\meta.json
",
weekday_active_tue_day28,24,success,20260707_210036,BTCUSDT,300,300,2925,8237,10991307397507,2026-07-07T16:00:36.017499+00:00,2026-07-07T16:05:45.561061+00:00,,"================================================================================
[INFO] Starting raw collection with separate depth/trade websockets
[INFO] Symbol: BTCUSDT
[INFO] Collection seconds: 300
[INFO] Run dir: data\raw\BTCUSDT\20260707_210036
================================================================================
[INFO] Connecting depth websocket: wss://fstream.binance.com/public/stream?streams=btcusdt@depth@100ms
[INFO] Connecting trade websocket: wss://fstream.binance.com/market/stream?streams=btcusdt@aggTrade
[INFO] Depth websocket connected
[INFO] Trade websocket connected
[INFO] Fetching snapshot from: https://fapi.binance.com/fapi/v1/depth
[INFO] Snapshot lastUpdateId: 10991307397507
[INFO] Trade collection finished. Events: 8237
[INFO] Depth collection finished. Events: 2925

[INFO] Raw collection completed
[INFO] Snapshot: data\raw\BTCUSDT\20260707_210036\snapshot.json
[INFO] Depth events: 2925
[INFO] Trade events: 8237
[INFO] Meta: data\raw\BTCUSDT\20260707_210036\meta.json
",
weekday_active_tue_day28,25,success,20260707_210550,BTCUSDT,300,300,2923,7629,10991350850423,2026-07-07T16:05:50.582646+00:00,2026-07-07T16:10:58.568431+00:00,,"================================================================================
[INFO] Starting raw collection with separate depth/trade websockets
[INFO] Symbol: BTCUSDT
[INFO] Collection seconds: 300
[INFO] Run dir: data\raw\BTCUSDT\20260707_210550
================================================================================
[INFO] Connecting depth websocket: wss://fstream.binance.com/public/stream?streams=btcusdt@depth@100ms
[INFO] Connecting trade websocket: wss://fstream.binance.com/market/stream?streams=btcusdt@aggTrade
[INFO] Trade websocket connected
[INFO] Depth websocket connected
[INFO] Fetching snapshot from: https://fapi.binance.com/fapi/v1/depth
[INFO] Snapshot lastUpdateId: 10991350850423
[INFO] Depth collection finished. Events: 2923
[INFO] Trade collection finished. Events: 7629

[INFO] Raw collection completed
[INFO] Snapshot: data\raw\BTCUSDT\20260707_210550\snapshot.json
[INFO] Depth events: 2923
[INFO] Trade events: 7629
[INFO] Meta: data\raw\BTCUSDT\20260707_210550\meta.json
",
weekday_active_tue_day28,26,success,20260707_211103,BTCUSDT,300,300,2922,7532,10991392456231,2026-07-07T16:11:03.589006+00:00,2026-07-07T16:16:11.342250+00:00,,"================================================================================
[INFO] Starting raw collection with separate depth/trade websockets
[INFO] Symbol: BTCUSDT
[INFO] Collection seconds: 300
[INFO] Run dir: data\raw\BTCUSDT\20260707_211103
================================================================================
[INFO] Connecting depth websocket: wss://fstream.binance.com/public/stream?streams=btcusdt@depth@100ms
[INFO] Connecting trade websocket: wss://fstream.binance.com/market/stream?streams=btcusdt@aggTrade
[INFO] Depth websocket connected
[INFO] Trade websocket connected
[INFO] Fetching snapshot from: https://fapi.binance.com/fapi/v1/depth
[INFO] Snapshot lastUpdateId: 10991392456231
[INFO] Trade collection finished. Events: 7532
[INFO] Depth collection finished. Events: 2922

[INFO] Raw collection completed
[INFO] Snapshot: data\raw\BTCUSDT\20260707_211103\snapshot.json
[INFO] Depth events: 2922
[INFO] Trade events: 7532
[INFO] Meta: data\raw\BTCUSDT\20260707_211103\meta.json
",
weekday_active_tue_day28,27,success,20260707_211616,BTCUSDT,300,300,2924,12068,10991431553208,2026-07-07T16:16:16.362839+00:00,2026-07-07T16:21:26.745837+00:00,,"================================================================================
[INFO] Starting raw collection with separate depth/trade websockets
[INFO] Symbol: BTCUSDT
[INFO] Collection seconds: 300
[INFO] Run dir: data\raw\BTCUSDT\20260707_211616
================================================================================
[INFO] Connecting depth websocket: wss://fstream.binance.com/public/stream?streams=btcusdt@depth@100ms
[INFO] Connecting trade websocket: wss://fstream.binance.com/market/stream?streams=btcusdt@aggTrade
[INFO] Trade websocket connected
[INFO] Depth websocket connected
[INFO] Fetching snapshot from: https://fapi.binance.com/fapi/v1/depth
[INFO] Snapshot lastUpdateId: 10991431553208
[INFO] Depth collection finished. Events: 2924
[INFO] Trade collection finished. Events: 12068

[INFO] Raw collection completed
[INFO] Snapshot: data\raw\BTCUSDT\20260707_211616\snapshot.json
[INFO] Depth events: 2924
[INFO] Trade events: 12068
[INFO] Meta: data\raw\BTCUSDT\20260707_211616\meta.json
",
weekday_active_tue_day28,28,success,20260707_212131,BTCUSDT,300,300,2924,9945,10991476287769,2026-07-07T16:21:31.765565+00:00,2026-07-07T16:26:41.061685+00:00,,"================================================================================
[INFO] Starting raw collection with separate depth/trade websockets
[INFO] Symbol: BTCUSDT
[INFO] Collection seconds: 300
[INFO] Run dir: data\raw\BTCUSDT\20260707_212131
================================================================================
[INFO] Connecting depth websocket: wss://fstream.binance.com/public/stream?streams=btcusdt@depth@100ms
[INFO] Connecting trade websocket: wss://fstream.binance.com/market/stream?streams=btcusdt@aggTrade
[INFO] Depth websocket connected
[INFO] Trade websocket connected
[INFO] Fetching snapshot from: https://fapi.binance.com/fapi/v1/depth
[INFO] Snapshot lastUpdateId: 10991476287769
[INFO] Trade collection finished. Events: 9945
[INFO] Depth collection finished. Events: 2924

[INFO] Raw collection completed
[INFO] Snapshot: data\raw\BTCUSDT\20260707_212131\snapshot.json
[INFO] Depth events: 2924
[INFO] Trade events: 9945
[INFO] Meta: data\raw\BTCUSDT\20260707_212131\meta.json
",
weekday_active_tue_day28,29,success,20260707_212646,BTCUSDT,300,300,2925,6355,10991520008863,2026-07-07T16:26:46.082911+00:00,2026-07-07T16:31:52.571519+00:00,,"================================================================================
[INFO] Starting raw collection with separate depth/trade websockets
[INFO] Symbol: BTCUSDT
[INFO] Collection seconds: 300
[INFO] Run dir: data\raw\BTCUSDT\20260707_212646
================================================================================
[INFO] Connecting depth websocket: wss://fstream.binance.com/public/stream?streams=btcusdt@depth@100ms
[INFO] Connecting trade websocket: wss://fstream.binance.com/market/stream?streams=btcusdt@aggTrade
[INFO] Depth websocket connected
[INFO] Trade websocket connected
[INFO] Fetching snapshot from: https://fapi.binance.com/fapi/v1/depth
[INFO] Snapshot lastUpdateId: 10991520008863
[INFO] Depth collection finished. Events: 2925
[INFO] Trade collection finished. Events: 6355

[INFO] Raw collection completed
[INFO] Snapshot: data\raw\BTCUSDT\20260707_212646\snapshot.json
[INFO] Depth events: 2925
[INFO] Trade events: 6355
[INFO] Meta: data\raw\BTCUSDT\20260707_212646\meta.json
",
weekday_active_tue_day28,30,success,20260707_213157,BTCUSDT,300,300,2924,5340,10991558233036,2026-07-07T16:31:57.591417+00:00,2026-07-07T16:37:07.575621+00:00,,"================================================================================
[INFO] Starting raw collection with separate depth/trade websockets
[INFO] Symbol: BTCUSDT
[INFO] Collection seconds: 300
[INFO] Run dir: data\raw\BTCUSDT\20260707_213157
================================================================================
[INFO] Connecting depth websocket: wss://fstream.binance.com/public/stream?streams=btcusdt@depth@100ms
[INFO] Connecting trade websocket: wss://fstream.binance.com/market/stream?streams=btcusdt@aggTrade
[INFO] Trade websocket connected
[INFO] Depth websocket connected
[INFO] Fetching snapshot from: https://fapi.binance.com/fapi/v1/depth
[INFO] Snapshot lastUpdateId: 10991558233036
[INFO] Trade collection finished. Events: 5340
[INFO] Depth collection finished. Events: 2924

[INFO] Raw collection completed
[INFO] Snapshot: data\raw\BTCUSDT\20260707_213157\snapshot.json
[INFO] Depth events: 2924
[INFO] Trade events: 5340
[INFO] Meta: data\raw\BTCUSDT\20260707_213157\meta.json
",
weekday_active_tue_day28,31,success,20260707_213712,BTCUSDT,300,300,2920,5072,10991598727492,2026-07-07T16:37:12.596922+00:00,2026-07-07T16:42:21.242937+00:00,,"================================================================================
[INFO] Starting raw collection with separate depth/trade websockets
[INFO] Symbol: BTCUSDT
[INFO] Collection seconds: 300
[INFO] Run dir: data\raw\BTCUSDT\20260707_213712
================================================================================
[INFO] Connecting depth websocket: wss://fstream.binance.com/public/stream?streams=btcusdt@depth@100ms
[INFO] Connecting trade websocket: wss://fstream.binance.com/market/stream?streams=btcusdt@aggTrade
[INFO] Trade websocket connected
[INFO] Fetching snapshot from: https://fapi.binance.com/fapi/v1/depth
[INFO] Snapshot lastUpdateId: 10991598727492
[INFO] Depth websocket connected
[INFO] Depth collection finished. Events: 2920
[INFO] Trade collection finished. Events: 5072

[INFO] Raw collection completed
[INFO] Snapshot: data\raw\BTCUSDT\20260707_213712\snapshot.json
[INFO] Depth events: 2920
[INFO] Trade events: 5072
[INFO] Meta: data\raw\BTCUSDT\20260707_213712\meta.json
",
weekday_active_tue_day28,32,success,20260707_214226,BTCUSDT,300,300,2922,5042,10991635521317,2026-07-07T16:42:26.264653+00:00,2026-07-07T16:47:34.432572+00:00,,"================================================================================
[INFO] Starting raw collection with separate depth/trade websockets
[INFO] Symbol: BTCUSDT
[INFO] Collection seconds: 300
[INFO] Run dir: data\raw\BTCUSDT\20260707_214226
================================================================================
[INFO] Connecting depth websocket: wss://fstream.binance.com/public/stream?streams=btcusdt@depth@100ms
[INFO] Connecting trade websocket: wss://fstream.binance.com/market/stream?streams=btcusdt@aggTrade
[INFO] Depth websocket connected
[INFO] Trade websocket connected
[INFO] Fetching snapshot from: https://fapi.binance.com/fapi/v1/depth
[INFO] Snapshot lastUpdateId: 10991635521317
[INFO] Depth collection finished. Events: 2922
[INFO] Trade collection finished. Events: 5042

[INFO] Raw collection completed
[INFO] Snapshot: data\raw\BTCUSDT\20260707_214226\snapshot.json
[INFO] Depth events: 2922
[INFO] Trade events: 5042
[INFO] Meta: data\raw\BTCUSDT\20260707_214226\meta.json
",
weekday_active_tue_day28,33,success,20260707_214739,BTCUSDT,300,300,2916,10920,10991673752121,2026-07-07T16:47:39.454820+00:00,2026-07-07T16:52:46.324890+00:00,,"================================================================================
[INFO] Starting raw collection with separate depth/trade websockets
[INFO] Symbol: BTCUSDT
[INFO] Collection seconds: 300
[INFO] Run dir: data\raw\BTCUSDT\20260707_214739
================================================================================
[INFO] Connecting depth websocket: wss://fstream.binance.com/public/stream?streams=btcusdt@depth@100ms
[INFO] Connecting trade websocket: wss://fstream.binance.com/market/stream?streams=btcusdt@aggTrade
[INFO] Trade websocket connected
[INFO] Fetching snapshot from: https://fapi.binance.com/fapi/v1/depth
[INFO] Snapshot lastUpdateId: 10991673752121
[INFO] Depth websocket connected
[INFO] Depth collection finished. Events: 2916
[INFO] Trade collection finished. Events: 10920

[INFO] Raw collection completed
[INFO] Snapshot: data\raw\BTCUSDT\20260707_214739\snapshot.json
[INFO] Depth events: 2916
[INFO] Trade events: 10920
[INFO] Meta: data\raw\BTCUSDT\20260707_214739\meta.json
",
weekday_active_tue_day28,34,success,20260707_215251,BTCUSDT,300,300,2923,7897,10991713760059,2026-07-07T16:52:51.347205+00:00,2026-07-07T16:58:00.510762+00:00,,"================================================================================
[INFO] Starting raw collection with separate depth/trade websockets
[INFO] Symbol: BTCUSDT
[INFO] Collection seconds: 300
[INFO] Run dir: data\raw\BTCUSDT\20260707_215251
================================================================================
[INFO] Connecting depth websocket: wss://fstream.binance.com/public/stream?streams=btcusdt@depth@100ms
[INFO] Connecting trade websocket: wss://fstream.binance.com/market/stream?streams=btcusdt@aggTrade
[INFO] Trade websocket connected
[INFO] Depth websocket connected
[INFO] Fetching snapshot from: https://fapi.binance.com/fapi/v1/depth
[INFO] Snapshot lastUpdateId: 10991713760059
[INFO] Trade collection finished. Events: 7897
[INFO] Depth collection finished. Events: 2923

[INFO] Raw collection completed
[INFO] Snapshot: data\raw\BTCUSDT\20260707_215251\snapshot.json
[INFO] Depth events: 2923
[INFO] Trade events: 7897
[INFO] Meta: data\raw\BTCUSDT\20260707_215251\meta.json
",
weekday_active_tue_day28,35,success,20260707_215805,BTCUSDT,300,300,2926,7237,10991751598322,2026-07-07T16:58:05.532713+00:00,2026-07-07T17:03:15.873223+00:00,,"================================================================================
[INFO] Starting raw collection with separate depth/trade websockets
[INFO] Symbol: BTCUSDT
[INFO] Collection seconds: 300
[INFO] Run dir: data\raw\BTCUSDT\20260707_215805
================================================================================
[INFO] Connecting depth websocket: wss://fstream.binance.com/public/stream?streams=btcusdt@depth@100ms
[INFO] Connecting trade websocket: wss://fstream.binance.com/market/stream?streams=btcusdt@aggTrade
[INFO] Trade websocket connected
[INFO] Depth websocket connected
[INFO] Fetching snapshot from: https://fapi.binance.com/fapi/v1/depth
[INFO] Snapshot lastUpdateId: 10991751598322
[INFO] Depth collection finished. Events: 2926
[INFO] Trade collection finished. Events: 7237

[INFO] Raw collection completed
[INFO] Snapshot: data\raw\BTCUSDT\20260707_215805\snapshot.json
[INFO] Depth events: 2926
[INFO] Trade events: 7237
[INFO] Meta: data\raw\BTCUSDT\20260707_215805\meta.json
",
weekday_active_tue_day28,36,success,20260707_220321,BTCUSDT,300,300,2923,5193,10991791362549,2026-07-07T17:03:20.894571+00:00,2026-07-07T17:08:31.285822+00:00,,"================================================================================
[INFO] Starting raw collection with separate depth/trade websockets
[INFO] Symbol: BTCUSDT
[INFO] Collection seconds: 300
[INFO] Run dir: data\raw\BTCUSDT\20260707_220321
================================================================================
[INFO] Connecting depth websocket: wss://fstream.binance.com/public/stream?streams=btcusdt@depth@100ms
[INFO] Connecting trade websocket: wss://fstream.binance.com/market/stream?streams=btcusdt@aggTrade
[INFO] Depth websocket connected
[INFO] Trade websocket connected
[INFO] Fetching snapshot from: https://fapi.binance.com/fapi/v1/depth
[INFO] Snapshot lastUpdateId: 10991791362549
[INFO] Depth collection finished. Events: 2923
[INFO] Trade collection finished. Events: 5193

[INFO] Raw collection completed
[INFO] Snapshot: data\raw\BTCUSDT\20260707_220321\snapshot.json
[INFO] Depth events: 2923
[INFO] Trade events: 5193
[INFO] Meta: data\raw\BTCUSDT\20260707_220321\meta.json
",
weekday_active_wed_day29,1,success,20260708_185955,BTCUSDT,300,300,2932,15737,11000135629020,2026-07-08T13:59:54.860630+00:00,2026-07-08T14:05:03.145015+00:00,,"================================================================================
[INFO] Starting raw collection with separate depth/trade websockets
[INFO] Symbol: BTCUSDT
[INFO] Collection seconds: 300
[INFO] Run dir: data\raw\BTCUSDT\20260708_185955
================================================================================
[INFO] Connecting depth websocket: wss://fstream.binance.com/public/stream?streams=btcusdt@depth@100ms
[INFO] Connecting trade websocket: wss://fstream.binance.com/market/stream?streams=btcusdt@aggTrade
[INFO] Trade websocket connected
[INFO] Depth websocket connected
[INFO] Fetching snapshot from: https://fapi.binance.com/fapi/v1/depth
[INFO] Snapshot lastUpdateId: 11000135629020
[INFO] Depth collection finished. Events: 2932
[INFO] Trade collection finished. Events: 15737

[INFO] Raw collection completed
[INFO] Snapshot: data\raw\BTCUSDT\20260708_185955\snapshot.json
[INFO] Depth events: 2932
[INFO] Trade events: 15737
[INFO] Meta: data\raw\BTCUSDT\20260708_185955\meta.json
",
weekday_active_wed_day29,2,success,20260708_190508,BTCUSDT,300,300,2924,10774,11000189820665,2026-07-08T14:05:08.173160+00:00,2026-07-08T14:10:18.570982+00:00,,"================================================================================
[INFO] Starting raw collection with separate depth/trade websockets
[INFO] Symbol: BTCUSDT
[INFO] Collection seconds: 300
[INFO] Run dir: data\raw\BTCUSDT\20260708_190508
================================================================================
[INFO] Connecting depth websocket: wss://fstream.binance.com/public/stream?streams=btcusdt@depth@100ms
[INFO] Connecting trade websocket: wss://fstream.binance.com/market/stream?streams=btcusdt@aggTrade
[INFO] Depth websocket connected
[INFO] Trade websocket connected
[INFO] Fetching snapshot from: https://fapi.binance.com/fapi/v1/depth
[INFO] Snapshot lastUpdateId: 11000189820665
[INFO] Depth collection finished. Events: 2924
[INFO] Trade collection finished. Events: 10774

[INFO] Raw collection completed
[INFO] Snapshot: data\raw\BTCUSDT\20260708_190508\snapshot.json
[INFO] Depth events: 2924
[INFO] Trade events: 10774
[INFO] Meta: data\raw\BTCUSDT\20260708_190508\meta.json
",
weekday_active_wed_day29,3,success,20260708_191023,BTCUSDT,300,300,2932,10505,11000240486259,2026-07-08T14:10:23.593412+00:00,2026-07-08T14:15:32.848427+00:00,,"================================================================================
[INFO] Starting raw collection with separate depth/trade websockets
[INFO] Symbol: BTCUSDT
[INFO] Collection seconds: 300
[INFO] Run dir: data\raw\BTCUSDT\20260708_191023
================================================================================
[INFO] Connecting depth websocket: wss://fstream.binance.com/public/stream?streams=btcusdt@depth@100ms
[INFO] Connecting trade websocket: wss://fstream.binance.com/market/stream?streams=btcusdt@aggTrade
[INFO] Depth websocket connected
[INFO] Trade websocket connected
[INFO] Fetching snapshot from: https://fapi.binance.com/fapi/v1/depth
[INFO] Snapshot lastUpdateId: 11000240486259
[INFO] Trade collection finished. Events: 10505
[INFO] Depth collection finished. Events: 2932

[INFO] Raw collection completed
[INFO] Snapshot: data\raw\BTCUSDT\20260708_191023\snapshot.json
[INFO] Depth events: 2932
[INFO] Trade events: 10505
[INFO] Meta: data\raw\BTCUSDT\20260708_191023\meta.json
",
weekday_active_wed_day29,4,success,20260708_191538,BTCUSDT,300,300,2932,12557,11000288009970,2026-07-08T14:15:37.870912+00:00,2026-07-08T14:20:47.521543+00:00,,"================================================================================
[INFO] Starting raw collection with separate depth/trade websockets
[INFO] Symbol: BTCUSDT
[INFO] Collection seconds: 300
[INFO] Run dir: data\raw\BTCUSDT\20260708_191538
================================================================================
[INFO] Connecting depth websocket: wss://fstream.binance.com/public/stream?streams=btcusdt@depth@100ms
[INFO] Connecting trade websocket: wss://fstream.binance.com/market/stream?streams=btcusdt@aggTrade
[INFO] Depth websocket connected
[INFO] Trade websocket connected
[INFO] Fetching snapshot from: https://fapi.binance.com/fapi/v1/depth
[INFO] Snapshot lastUpdateId: 11000288009970
[INFO] Depth collection finished. Events: 2932
[INFO] Trade collection finished. Events: 12557

[INFO] Raw collection completed
[INFO] Snapshot: data\raw\BTCUSDT\20260708_191538\snapshot.json
[INFO] Depth events: 2932
[INFO] Trade events: 12557
[INFO] Meta: data\raw\BTCUSDT\20260708_191538\meta.json
",
weekday_active_wed_day29,5,success,20260708_192052,BTCUSDT,300,300,2933,11038,11000339739887,2026-07-08T14:20:52.542745+00:00,2026-07-08T14:26:02.215201+00:00,,"================================================================================
[INFO] Starting raw collection with separate depth/trade websockets
[INFO] Symbol: BTCUSDT
[INFO] Collection seconds: 300
[INFO] Run dir: data\raw\BTCUSDT\20260708_192052
================================================================================
[INFO] Connecting depth websocket: wss://fstream.binance.com/public/stream?streams=btcusdt@depth@100ms
[INFO] Connecting trade websocket: wss://fstream.binance.com/market/stream?streams=btcusdt@aggTrade
[INFO] Depth websocket connected
[INFO] Trade websocket connected
[INFO] Fetching snapshot from: https://fapi.binance.com/fapi/v1/depth
[INFO] Snapshot lastUpdateId: 11000339739887
[INFO] Depth collection finished. Events: 2933
[INFO] Trade collection finished. Events: 11038

[INFO] Raw collection completed
[INFO] Snapshot: data\raw\BTCUSDT\20260708_192052\snapshot.json
[INFO] Depth events: 2933
[INFO] Trade events: 11038
[INFO] Meta: data\raw\BTCUSDT\20260708_192052\meta.json
",
weekday_active_wed_day29,6,success,20260708_192607,BTCUSDT,300,300,2932,11058,11000387683372,2026-07-08T14:26:07.237509+00:00,2026-07-08T14:31:17.529767+00:00,,"================================================================================
[INFO] Starting raw collection with separate depth/trade websockets
[INFO] Symbol: BTCUSDT
[INFO] Collection seconds: 300
[INFO] Run dir: data\raw\BTCUSDT\20260708_192607
================================================================================
[INFO] Connecting depth websocket: wss://fstream.binance.com/public/stream?streams=btcusdt@depth@100ms
[INFO] Connecting trade websocket: wss://fstream.binance.com/market/stream?streams=btcusdt@aggTrade
[INFO] Depth websocket connected
[INFO] Trade websocket connected
[INFO] Fetching snapshot from: https://fapi.binance.com/fapi/v1/depth
[INFO] Snapshot lastUpdateId: 11000387683372
[INFO] Depth collection finished. Events: 2932
[INFO] Trade collection finished. Events: 11058

[INFO] Raw collection completed
[INFO] Snapshot: data\raw\BTCUSDT\20260708_192607\snapshot.json
[INFO] Depth events: 2932
[INFO] Trade events: 11058
[INFO] Meta: data\raw\BTCUSDT\20260708_192607\meta.json
",
weekday_active_wed_day29,7,success,20260708_193122,BTCUSDT,300,300,2933,11673,11000435312011,2026-07-08T14:31:22.552701+00:00,2026-07-08T14:36:32.942534+00:00,,"================================================================================
[INFO] Starting raw collection with separate depth/trade websockets
[INFO] Symbol: BTCUSDT
[INFO] Collection seconds: 300
[INFO] Run dir: data\raw\BTCUSDT\20260708_193122
================================================================================
[INFO] Connecting depth websocket: wss://fstream.binance.com/public/stream?streams=btcusdt@depth@100ms
[INFO] Connecting trade websocket: wss://fstream.binance.com/market/stream?streams=btcusdt@aggTrade
[INFO] Depth websocket connected
[INFO] Trade websocket connected
[INFO] Fetching snapshot from: https://fapi.binance.com/fapi/v1/depth
[INFO] Snapshot lastUpdateId: 11000435312011
[INFO] Trade collection finished. Events: 11673
[INFO] Depth collection finished. Events: 2933

[INFO] Raw collection completed
[INFO] Snapshot: data\raw\BTCUSDT\20260708_193122\snapshot.json
[INFO] Depth events: 2933
[INFO] Trade events: 11673
[INFO] Meta: data\raw\BTCUSDT\20260708_193122\meta.json
",
weekday_active_wed_day29,8,success,20260708_193638,BTCUSDT,300,300,2932,8109,11000485902879,2026-07-08T14:36:37.964546+00:00,2026-07-08T14:41:48.317550+00:00,,"================================================================================
[INFO] Starting raw collection with separate depth/trade websockets
[INFO] Symbol: BTCUSDT
[INFO] Collection seconds: 300
[INFO] Run dir: data\raw\BTCUSDT\20260708_193638
================================================================================
[INFO] Connecting depth websocket: wss://fstream.binance.com/public/stream?streams=btcusdt@depth@100ms
[INFO] Connecting trade websocket: wss://fstream.binance.com/market/stream?streams=btcusdt@aggTrade
[INFO] Depth websocket connected
[INFO] Trade websocket connected
[INFO] Fetching snapshot from: https://fapi.binance.com/fapi/v1/depth
[INFO] Snapshot lastUpdateId: 11000485902879
[INFO] Depth collection finished. Events: 2932
[INFO] Trade collection finished. Events: 8109

[INFO] Raw collection completed
[INFO] Snapshot: data\raw\BTCUSDT\20260708_193638\snapshot.json
[INFO] Depth events: 2932
[INFO] Trade events: 8109
[INFO] Meta: data\raw\BTCUSDT\20260708_193638\meta.json
",
weekday_active_wed_day29,9,success,20260708_194153,BTCUSDT,300,300,2932,10746,11000532234382,2026-07-08T14:41:53.340825+00:00,2026-07-08T14:47:03.077989+00:00,,"================================================================================
[INFO] Starting raw collection with separate depth/trade websockets
[INFO] Symbol: BTCUSDT
[INFO] Collection seconds: 300
[INFO] Run dir: data\raw\BTCUSDT\20260708_194153
================================================================================
[INFO] Connecting depth websocket: wss://fstream.binance.com/public/stream?streams=btcusdt@depth@100ms
[INFO] Connecting trade websocket: wss://fstream.binance.com/market/stream?streams=btcusdt@aggTrade
[INFO] Depth websocket connected
[INFO] Trade websocket connected
[INFO] Fetching snapshot from: https://fapi.binance.com/fapi/v1/depth
[INFO] Snapshot lastUpdateId: 11000532234382
[INFO] Depth collection finished. Events: 2932
[INFO] Trade collection finished. Events: 10746

[INFO] Raw collection completed
[INFO] Snapshot: data\raw\BTCUSDT\20260708_194153\snapshot.json
[INFO] Depth events: 2932
[INFO] Trade events: 10746
[INFO] Meta: data\raw\BTCUSDT\20260708_194153\meta.json
",
weekday_active_wed_day29,10,success,20260708_194708,BTCUSDT,300,300,2932,8796,11000581283677,2026-07-08T14:47:08.101147+00:00,2026-07-08T14:52:18.484101+00:00,,"================================================================================
[INFO] Starting raw collection with separate depth/trade websockets
[INFO] Symbol: BTCUSDT
[INFO] Collection seconds: 300
[INFO] Run dir: data\raw\BTCUSDT\20260708_194708
================================================================================
[INFO] Connecting depth websocket: wss://fstream.binance.com/public/stream?streams=btcusdt@depth@100ms
[INFO] Connecting trade websocket: wss://fstream.binance.com/market/stream?streams=btcusdt@aggTrade
[INFO] Depth websocket connected
[INFO] Trade websocket connected
[INFO] Fetching snapshot from: https://fapi.binance.com/fapi/v1/depth
[INFO] Snapshot lastUpdateId: 11000581283677
[INFO] Depth collection finished. Events: 2932
[INFO] Trade collection finished. Events: 8796

[INFO] Raw collection completed
[INFO] Snapshot: data\raw\BTCUSDT\20260708_194708\snapshot.json
[INFO] Depth events: 2932
[INFO] Trade events: 8796
[INFO] Meta: data\raw\BTCUSDT\20260708_194708\meta.json
",
weekday_active_wed_day29,11,success,20260708_195223,BTCUSDT,300,300,2932,13961,11000629667267,2026-07-08T14:52:23.506978+00:00,2026-07-08T14:57:31.367675+00:00,,"================================================================================
[INFO] Starting raw collection with separate depth/trade websockets
[INFO] Symbol: BTCUSDT
[INFO] Collection seconds: 300
[INFO] Run dir: data\raw\BTCUSDT\20260708_195223
================================================================================
[INFO] Connecting depth websocket: wss://fstream.binance.com/public/stream?streams=btcusdt@depth@100ms
[INFO] Connecting trade websocket: wss://fstream.binance.com/market/stream?streams=btcusdt@aggTrade
[INFO] Depth websocket connected
[INFO] Trade websocket connected
[INFO] Fetching snapshot from: https://fapi.binance.com/fapi/v1/depth
[INFO] Snapshot lastUpdateId: 11000629667267
[INFO] Trade collection finished. Events: 13961
[INFO] Depth collection finished. Events: 2932

[INFO] Raw collection completed
[INFO] Snapshot: data\raw\BTCUSDT\20260708_195223\snapshot.json
[INFO] Depth events: 2932
[INFO] Trade events: 13961
[INFO] Meta: data\raw\BTCUSDT\20260708_195223\meta.json
",
weekday_active_wed_day29,12,success,20260708_195736,BTCUSDT,300,300,2932,5798,11000681055424,2026-07-08T14:57:36.390813+00:00,2026-07-08T15:02:46.734111+00:00,,"================================================================================
[INFO] Starting raw collection with separate depth/trade websockets
[INFO] Symbol: BTCUSDT
[INFO] Collection seconds: 300
[INFO] Run dir: data\raw\BTCUSDT\20260708_195736
================================================================================
[INFO] Connecting depth websocket: wss://fstream.binance.com/public/stream?streams=btcusdt@depth@100ms
[INFO] Connecting trade websocket: wss://fstream.binance.com/market/stream?streams=btcusdt@aggTrade
[INFO] Depth websocket connected
[INFO] Trade websocket connected
[INFO] Fetching snapshot from: https://fapi.binance.com/fapi/v1/depth
[INFO] Snapshot lastUpdateId: 11000681055424
[INFO] Depth collection finished. Events: 2932
[INFO] Trade collection finished. Events: 5798

[INFO] Raw collection completed
[INFO] Snapshot: data\raw\BTCUSDT\20260708_195736\snapshot.json
[INFO] Depth events: 2932
[INFO] Trade events: 5798
[INFO] Meta: data\raw\BTCUSDT\20260708_195736\meta.json
",
weekday_active_wed_day29,13,success,20260708_200251,BTCUSDT,300,300,2932,5285,11000724133957,2026-07-08T15:02:51.757738+00:00,2026-07-08T15:08:00.264900+00:00,,"================================================================================
[INFO] Starting raw collection with separate depth/trade websockets
[INFO] Symbol: BTCUSDT
[INFO] Collection seconds: 300
[INFO] Run dir: data\raw\BTCUSDT\20260708_200251
================================================================================
[INFO] Connecting depth websocket: wss://fstream.binance.com/public/stream?streams=btcusdt@depth@100ms
[INFO] Connecting trade websocket: wss://fstream.binance.com/market/stream?streams=btcusdt@aggTrade
[INFO] Depth websocket connected
[INFO] Trade websocket connected
[INFO] Fetching snapshot from: https://fapi.binance.com/fapi/v1/depth
[INFO] Snapshot lastUpdateId: 11000724133957
[INFO] Depth collection finished. Events: 2932
[INFO] Trade collection finished. Events: 5285

[INFO] Raw collection completed
[INFO] Snapshot: data\raw\BTCUSDT\20260708_200251\snapshot.json
[INFO] Depth events: 2932
[INFO] Trade events: 5285
[INFO] Meta: data\raw\BTCUSDT\20260708_200251\meta.json
",
weekday_active_wed_day29,14,success,20260708_200805,BTCUSDT,300,300,2932,8727,11000765390676,2026-07-08T15:08:05.287951+00:00,2026-07-08T15:13:12.854557+00:00,,"================================================================================
[INFO] Starting raw collection with separate depth/trade websockets
[INFO] Symbol: BTCUSDT
[INFO] Collection seconds: 300
[INFO] Run dir: data\raw\BTCUSDT\20260708_200805
================================================================================
[INFO] Connecting depth websocket: wss://fstream.binance.com/public/stream?streams=btcusdt@depth@100ms
[INFO] Connecting trade websocket: wss://fstream.binance.com/market/stream?streams=btcusdt@aggTrade
[INFO] Trade websocket connected
[INFO] Depth websocket connected
[INFO] Fetching snapshot from: https://fapi.binance.com/fapi/v1/depth
[INFO] Snapshot lastUpdateId: 11000765390676
[INFO] Depth collection finished. Events: 2932
[INFO] Trade collection finished. Events: 8727

[INFO] Raw collection completed
[INFO] Snapshot: data\raw\BTCUSDT\20260708_200805\snapshot.json
[INFO] Depth events: 2932
[INFO] Trade events: 8727
[INFO] Meta: data\raw\BTCUSDT\20260708_200805\meta.json
",
weekday_active_wed_day29,15,success,20260708_201318,BTCUSDT,300,300,2932,9904,11000810205873,2026-07-08T15:13:17.877603+00:00,2026-07-08T15:18:27.655556+00:00,,"================================================================================
[INFO] Starting raw collection with separate depth/trade websockets
[INFO] Symbol: BTCUSDT
[INFO] Collection seconds: 300
[INFO] Run dir: data\raw\BTCUSDT\20260708_201318
================================================================================
[INFO] Connecting depth websocket: wss://fstream.binance.com/public/stream?streams=btcusdt@depth@100ms
[INFO] Connecting trade websocket: wss://fstream.binance.com/market/stream?streams=btcusdt@aggTrade
[INFO] Trade websocket connected
[INFO] Depth websocket connected
[INFO] Fetching snapshot from: https://fapi.binance.com/fapi/v1/depth
[INFO] Snapshot lastUpdateId: 11000810205873
[INFO] Depth collection finished. Events: 2932
[INFO] Trade collection finished. Events: 9904

[INFO] Raw collection completed
[INFO] Snapshot: data\raw\BTCUSDT\20260708_201318\snapshot.json
[INFO] Depth events: 2932
[INFO] Trade events: 9904
[INFO] Meta: data\raw\BTCUSDT\20260708_201318\meta.json
",
weekday_active_wed_day29,16,success,20260708_201832,BTCUSDT,300,300,2932,8941,11000857771804,2026-07-08T15:18:32.679118+00:00,2026-07-08T15:23:40.100755+00:00,,"================================================================================
[INFO] Starting raw collection with separate depth/trade websockets
[INFO] Symbol: BTCUSDT
[INFO] Collection seconds: 300
[INFO] Run dir: data\raw\BTCUSDT\20260708_201832
================================================================================
[INFO] Connecting depth websocket: wss://fstream.binance.com/public/stream?streams=btcusdt@depth@100ms
[INFO] Connecting trade websocket: wss://fstream.binance.com/market/stream?streams=btcusdt@aggTrade
[INFO] Trade websocket connected
[INFO] Depth websocket connected
[INFO] Fetching snapshot from: https://fapi.binance.com/fapi/v1/depth
[INFO] Snapshot lastUpdateId: 11000857771804
[INFO] Depth collection finished. Events: 2932
[INFO] Trade collection finished. Events: 8941

[INFO] Raw collection completed
[INFO] Snapshot: data\raw\BTCUSDT\20260708_201832\snapshot.json
[INFO] Depth events: 2932
[INFO] Trade events: 8941
[INFO] Meta: data\raw\BTCUSDT\20260708_201832\meta.json
",
weekday_active_wed_day29,17,success,20260708_202345,BTCUSDT,300,300,2932,8786,11000901893718,2026-07-08T15:23:45.124513+00:00,2026-07-08T15:28:52.534233+00:00,,"================================================================================
[INFO] Starting raw collection with separate depth/trade websockets
[INFO] Symbol: BTCUSDT
[INFO] Collection seconds: 300
[INFO] Run dir: data\raw\BTCUSDT\20260708_202345
================================================================================
[INFO] Connecting depth websocket: wss://fstream.binance.com/public/stream?streams=btcusdt@depth@100ms
[INFO] Connecting trade websocket: wss://fstream.binance.com/market/stream?streams=btcusdt@aggTrade
[INFO] Depth websocket connected
[INFO] Trade websocket connected
[INFO] Fetching snapshot from: https://fapi.binance.com/fapi/v1/depth
[INFO] Snapshot lastUpdateId: 11000901893718
[INFO] Trade collection finished. Events: 8786
[INFO] Depth collection finished. Events: 2932

[INFO] Raw collection completed
[INFO] Snapshot: data\raw\BTCUSDT\20260708_202345\snapshot.json
[INFO] Depth events: 2932
[INFO] Trade events: 8786
[INFO] Meta: data\raw\BTCUSDT\20260708_202345\meta.json
",
weekday_active_wed_day29,18,success,20260708_202857,BTCUSDT,300,300,2932,7226,11000945935037,2026-07-08T15:28:57.557279+00:00,2026-07-08T15:34:05.337047+00:00,,"================================================================================
[INFO] Starting raw collection with separate depth/trade websockets
[INFO] Symbol: BTCUSDT
[INFO] Collection seconds: 300
[INFO] Run dir: data\raw\BTCUSDT\20260708_202857
================================================================================
[INFO] Connecting depth websocket: wss://fstream.binance.com/public/stream?streams=btcusdt@depth@100ms
[INFO] Connecting trade websocket: wss://fstream.binance.com/market/stream?streams=btcusdt@aggTrade
[INFO] Trade websocket connected
[INFO] Depth websocket connected
[INFO] Fetching snapshot from: https://fapi.binance.com/fapi/v1/depth
[INFO] Snapshot lastUpdateId: 11000945935037
[INFO] Depth collection finished. Events: 2932
[INFO] Trade collection finished. Events: 7226

[INFO] Raw collection completed
[INFO] Snapshot: data\raw\BTCUSDT\20260708_202857\snapshot.json
[INFO] Depth events: 2932
[INFO] Trade events: 7226
[INFO] Meta: data\raw\BTCUSDT\20260708_202857\meta.json
",
weekday_active_wed_day29,19,success,20260708_203410,BTCUSDT,300,300,2932,9114,11000991239137,2026-07-08T15:34:10.360121+00:00,2026-07-08T15:39:19.545190+00:00,,"================================================================================
[INFO] Starting raw collection with separate depth/trade websockets
[INFO] Symbol: BTCUSDT
[INFO] Collection seconds: 300
[INFO] Run dir: data\raw\BTCUSDT\20260708_203410
================================================================================
[INFO] Connecting depth websocket: wss://fstream.binance.com/public/stream?streams=btcusdt@depth@100ms
[INFO] Connecting trade websocket: wss://fstream.binance.com/market/stream?streams=btcusdt@aggTrade
[INFO] Depth websocket connected
[INFO] Trade websocket connected
[INFO] Fetching snapshot from: https://fapi.binance.com/fapi/v1/depth
[INFO] Snapshot lastUpdateId: 11000991239137
[INFO] Depth collection finished. Events: 2932
[INFO] Trade collection finished. Events: 9114

[INFO] Raw collection completed
[INFO] Snapshot: data\raw\BTCUSDT\20260708_203410\snapshot.json
[INFO] Depth events: 2932
[INFO] Trade events: 9114
[INFO] Meta: data\raw\BTCUSDT\20260708_203410\meta.json
",
weekday_active_wed_day29,20,success,20260708_203924,BTCUSDT,300,300,2931,6404,11001033547261,2026-07-08T15:39:24.570392+00:00,2026-07-08T15:44:33.546895+00:00,,"================================================================================
[INFO] Starting raw collection with separate depth/trade websockets
[INFO] Symbol: BTCUSDT
[INFO] Collection seconds: 300
[INFO] Run dir: data\raw\BTCUSDT\20260708_203924
================================================================================
[INFO] Connecting depth websocket: wss://fstream.binance.com/public/stream?streams=btcusdt@depth@100ms
[INFO] Connecting trade websocket: wss://fstream.binance.com/market/stream?streams=btcusdt@aggTrade
[INFO] Trade websocket connected
[INFO] Depth websocket connected
[INFO] Fetching snapshot from: https://fapi.binance.com/fapi/v1/depth
[INFO] Snapshot lastUpdateId: 11001033547261
[INFO] Depth collection finished. Events: 2931
[INFO] Trade collection finished. Events: 6404

[INFO] Raw collection completed
[INFO] Snapshot: data\raw\BTCUSDT\20260708_203924\snapshot.json
[INFO] Depth events: 2931
[INFO] Trade events: 6404
[INFO] Meta: data\raw\BTCUSDT\20260708_203924\meta.json
",
weekday_active_wed_day29,21,success,20260708_204438,BTCUSDT,300,300,2931,4887,11001071144239,2026-07-08T15:44:38.571106+00:00,2026-07-08T15:49:46.025987+00:00,,"================================================================================
[INFO] Starting raw collection with separate depth/trade websockets
[INFO] Symbol: BTCUSDT
[INFO] Collection seconds: 300
[INFO] Run dir: data\raw\BTCUSDT\20260708_204438
================================================================================
[INFO] Connecting depth websocket: wss://fstream.binance.com/public/stream?streams=btcusdt@depth@100ms
[INFO] Connecting trade websocket: wss://fstream.binance.com/market/stream?streams=btcusdt@aggTrade
[INFO] Trade websocket connected
[INFO] Depth websocket connected
[INFO] Fetching snapshot from: https://fapi.binance.com/fapi/v1/depth
[INFO] Snapshot lastUpdateId: 11001071144239
[INFO] Depth collection finished. Events: 2931
[INFO] Trade collection finished. Events: 4887

[INFO] Raw collection completed
[INFO] Snapshot: data\raw\BTCUSDT\20260708_204438\snapshot.json
[INFO] Depth events: 2931
[INFO] Trade events: 4887
[INFO] Meta: data\raw\BTCUSDT\20260708_204438\meta.json
",
weekday_active_wed_day29,22,success,20260708_204951,BTCUSDT,300,300,2932,4715,11001109706657,2026-07-08T15:49:51.050217+00:00,2026-07-08T15:55:01.235746+00:00,,"================================================================================
[INFO] Starting raw collection with separate depth/trade websockets
[INFO] Symbol: BTCUSDT
[INFO] Collection seconds: 300
[INFO] Run dir: data\raw\BTCUSDT\20260708_204951
================================================================================
[INFO] Connecting depth websocket: wss://fstream.binance.com/public/stream?streams=btcusdt@depth@100ms
[INFO] Connecting trade websocket: wss://fstream.binance.com/market/stream?streams=btcusdt@aggTrade
[INFO] Depth websocket connected
[INFO] Trade websocket connected
[INFO] Fetching snapshot from: https://fapi.binance.com/fapi/v1/depth
[INFO] Snapshot lastUpdateId: 11001109706657
[INFO] Depth collection finished. Events: 2932
[INFO] Trade collection finished. Events: 4715

[INFO] Raw collection completed
[INFO] Snapshot: data\raw\BTCUSDT\20260708_204951\snapshot.json
[INFO] Depth events: 2932
[INFO] Trade events: 4715
[INFO] Meta: data\raw\BTCUSDT\20260708_204951\meta.json
",
weekday_active_wed_day29,23,success,20260708_205506,BTCUSDT,300,300,2931,3802,11001147119520,2026-07-08T15:55:06.258794+00:00,2026-07-08T16:00:13.688566+00:00,,"================================================================================
[INFO] Starting raw collection with separate depth/trade websockets
[INFO] Symbol: BTCUSDT
[INFO] Collection seconds: 300
[INFO] Run dir: data\raw\BTCUSDT\20260708_205506
================================================================================
[INFO] Connecting depth websocket: wss://fstream.binance.com/public/stream?streams=btcusdt@depth@100ms
[INFO] Connecting trade websocket: wss://fstream.binance.com/market/stream?streams=btcusdt@aggTrade
[INFO] Depth websocket connected
[INFO] Trade websocket connected
[INFO] Fetching snapshot from: https://fapi.binance.com/fapi/v1/depth
[INFO] Snapshot lastUpdateId: 11001147119520
[INFO] Depth collection finished. Events: 2931
[INFO] Trade collection finished. Events: 3802

[INFO] Raw collection completed
[INFO] Snapshot: data\raw\BTCUSDT\20260708_205506\snapshot.json
[INFO] Depth events: 2931
[INFO] Trade events: 3802
[INFO] Meta: data\raw\BTCUSDT\20260708_205506\meta.json
",
weekday_active_wed_day29,24,success,20260708_210018,BTCUSDT,300,300,2932,7090,11001181557424,2026-07-08T16:00:18.712477+00:00,2026-07-08T16:05:27.523577+00:00,,"================================================================================
[INFO] Starting raw collection with separate depth/trade websockets
[INFO] Symbol: BTCUSDT
[INFO] Collection seconds: 300
[INFO] Run dir: data\raw\BTCUSDT\20260708_210018
================================================================================
[INFO] Connecting depth websocket: wss://fstream.binance.com/public/stream?streams=btcusdt@depth@100ms
[INFO] Connecting trade websocket: wss://fstream.binance.com/market/stream?streams=btcusdt@aggTrade
[INFO] Depth websocket connected
[INFO] Trade websocket connected
[INFO] Fetching snapshot from: https://fapi.binance.com/fapi/v1/depth
[INFO] Snapshot lastUpdateId: 11001181557424
[INFO] Depth collection finished. Events: 2932
[INFO] Trade collection finished. Events: 7090

[INFO] Raw collection completed
[INFO] Snapshot: data\raw\BTCUSDT\20260708_210018\snapshot.json
[INFO] Depth events: 2932
[INFO] Trade events: 7090
[INFO] Meta: data\raw\BTCUSDT\20260708_210018\meta.json
",
weekday_active_wed_day29,25,success,20260708_210532,BTCUSDT,300,300,2932,8073,11001224210989,2026-07-08T16:05:32.548333+00:00,2026-07-08T16:10:42.846293+00:00,,"================================================================================
[INFO] Starting raw collection with separate depth/trade websockets
[INFO] Symbol: BTCUSDT
[INFO] Collection seconds: 300
[INFO] Run dir: data\raw\BTCUSDT\20260708_210532
================================================================================
[INFO] Connecting depth websocket: wss://fstream.binance.com/public/stream?streams=btcusdt@depth@100ms
[INFO] Connecting trade websocket: wss://fstream.binance.com/market/stream?streams=btcusdt@aggTrade
[INFO] Trade websocket connected
[INFO] Depth websocket connected
[INFO] Fetching snapshot from: https://fapi.binance.com/fapi/v1/depth
[INFO] Snapshot lastUpdateId: 11001224210989
[INFO] Depth collection finished. Events: 2932
[INFO] Trade collection finished. Events: 8073

[INFO] Raw collection completed
[INFO] Snapshot: data\raw\BTCUSDT\20260708_210532\snapshot.json
[INFO] Depth events: 2932
[INFO] Trade events: 8073
[INFO] Meta: data\raw\BTCUSDT\20260708_210532\meta.json
",
weekday_active_wed_day29,26,success,20260708_211048,BTCUSDT,300,300,2934,3891,11001264390068,2026-07-08T16:10:47.870870+00:00,2026-07-08T16:15:55.397454+00:00,,"================================================================================
[INFO] Starting raw collection with separate depth/trade websockets
[INFO] Symbol: BTCUSDT
[INFO] Collection seconds: 300
[INFO] Run dir: data\raw\BTCUSDT\20260708_211048
================================================================================
[INFO] Connecting depth websocket: wss://fstream.binance.com/public/stream?streams=btcusdt@depth@100ms
[INFO] Connecting trade websocket: wss://fstream.binance.com/market/stream?streams=btcusdt@aggTrade
[INFO] Depth websocket connected
[INFO] Trade websocket connected
[INFO] Fetching snapshot from: https://fapi.binance.com/fapi/v1/depth
[INFO] Snapshot lastUpdateId: 11001264390068
[INFO] Trade collection finished. Events: 3891
[INFO] Depth collection finished. Events: 2934

[INFO] Raw collection completed
[INFO] Snapshot: data\raw\BTCUSDT\20260708_211048\snapshot.json
[INFO] Depth events: 2934
[INFO] Trade events: 3891
[INFO] Meta: data\raw\BTCUSDT\20260708_211048\meta.json
",
weekday_active_wed_day29,27,success,20260708_211600,BTCUSDT,300,300,2933,4624,11001299490105,2026-07-08T16:16:00.422815+00:00,2026-07-08T16:21:10.495688+00:00,,"================================================================================
[INFO] Starting raw collection with separate depth/trade websockets
[INFO] Symbol: BTCUSDT
[INFO] Collection seconds: 300
[INFO] Run dir: data\raw\BTCUSDT\20260708_211600
================================================================================
[INFO] Connecting depth websocket: wss://fstream.binance.com/public/stream?streams=btcusdt@depth@100ms
[INFO] Connecting trade websocket: wss://fstream.binance.com/market/stream?streams=btcusdt@aggTrade
[INFO] Trade websocket connected
[INFO] Depth websocket connected
[INFO] Fetching snapshot from: https://fapi.binance.com/fapi/v1/depth
[INFO] Snapshot lastUpdateId: 11001299490105
[INFO] Depth collection finished. Events: 2933
[INFO] Trade collection finished. Events: 4624

[INFO] Raw collection completed
[INFO] Snapshot: data\raw\BTCUSDT\20260708_211600\snapshot.json
[INFO] Depth events: 2933
[INFO] Trade events: 4624
[INFO] Meta: data\raw\BTCUSDT\20260708_211600\meta.json
",
weekday_active_wed_day29,28,success,20260708_212115,BTCUSDT,300,300,2932,3995,11001334066861,2026-07-08T16:21:15.519428+00:00,2026-07-08T16:26:25.892788+00:00,,"================================================================================
[INFO] Starting raw collection with separate depth/trade websockets
[INFO] Symbol: BTCUSDT
[INFO] Collection seconds: 300
[INFO] Run dir: data\raw\BTCUSDT\20260708_212115
================================================================================
[INFO] Connecting depth websocket: wss://fstream.binance.com/public/stream?streams=btcusdt@depth@100ms
[INFO] Connecting trade websocket: wss://fstream.binance.com/market/stream?streams=btcusdt@aggTrade
[INFO] Depth websocket connected
[INFO] Trade websocket connected
[INFO] Fetching snapshot from: https://fapi.binance.com/fapi/v1/depth
[INFO] Snapshot lastUpdateId: 11001334066861
[INFO] Trade collection finished. Events: 3995
[INFO] Depth collection finished. Events: 2932

[INFO] Raw collection completed
[INFO] Snapshot: data\raw\BTCUSDT\20260708_212115\snapshot.json
[INFO] Depth events: 2932
[INFO] Trade events: 3995
[INFO] Meta: data\raw\BTCUSDT\20260708_212115\meta.json
",
weekday_active_wed_day29,29,success,20260708_212631,BTCUSDT,300,300,2932,5157,11001368829124,2026-07-08T16:26:30.918203+00:00,2026-07-08T16:31:38.926555+00:00,,"================================================================================
[INFO] Starting raw collection with separate depth/trade websockets
[INFO] Symbol: BTCUSDT
[INFO] Collection seconds: 300
[INFO] Run dir: data\raw\BTCUSDT\20260708_212631
================================================================================
[INFO] Connecting depth websocket: wss://fstream.binance.com/public/stream?streams=btcusdt@depth@100ms
[INFO] Connecting trade websocket: wss://fstream.binance.com/market/stream?streams=btcusdt@aggTrade
[INFO] Trade websocket connected
[INFO] Depth websocket connected
[INFO] Fetching snapshot from: https://fapi.binance.com/fapi/v1/depth
[INFO] Snapshot lastUpdateId: 11001368829124
[INFO] Depth collection finished. Events: 2932
[INFO] Trade collection finished. Events: 5157

[INFO] Raw collection completed
[INFO] Snapshot: data\raw\BTCUSDT\20260708_212631\snapshot.json
[INFO] Depth events: 2932
[INFO] Trade events: 5157
[INFO] Meta: data\raw\BTCUSDT\20260708_212631\meta.json
",
weekday_active_wed_day29,30,success,20260708_213144,BTCUSDT,300,300,2933,4372,11001404077888,2026-07-08T16:31:43.951134+00:00,2026-07-08T16:36:53.072305+00:00,,"================================================================================
[INFO] Starting raw collection with separate depth/trade websockets
[INFO] Symbol: BTCUSDT
[INFO] Collection seconds: 300
[INFO] Run dir: data\raw\BTCUSDT\20260708_213144
================================================================================
[INFO] Connecting depth websocket: wss://fstream.binance.com/public/stream?streams=btcusdt@depth@100ms
[INFO] Connecting trade websocket: wss://fstream.binance.com/market/stream?streams=btcusdt@aggTrade
[INFO] Depth websocket connected
[INFO] Trade websocket connected
[INFO] Fetching snapshot from: https://fapi.binance.com/fapi/v1/depth
[INFO] Snapshot lastUpdateId: 11001404077888
[INFO] Depth collection finished. Events: 2933
[INFO] Trade collection finished. Events: 4372

[INFO] Raw collection completed
[INFO] Snapshot: data\raw\BTCUSDT\20260708_213144\snapshot.json
[INFO] Depth events: 2933
[INFO] Trade events: 4372
[INFO] Meta: data\raw\BTCUSDT\20260708_213144\meta.json
",
weekday_active_wed_day29,31,success,20260708_213658,BTCUSDT,300,300,2931,10700,11001439502778,2026-07-08T16:36:58.098193+00:00,2026-07-08T16:42:08.354876+00:00,,"================================================================================
[INFO] Starting raw collection with separate depth/trade websockets
[INFO] Symbol: BTCUSDT
[INFO] Collection seconds: 300
[INFO] Run dir: data\raw\BTCUSDT\20260708_213658
================================================================================
[INFO] Connecting depth websocket: wss://fstream.binance.com/public/stream?streams=btcusdt@depth@100ms
[INFO] Connecting trade websocket: wss://fstream.binance.com/market/stream?streams=btcusdt@aggTrade
[INFO] Depth websocket connected
[INFO] Trade websocket connected
[INFO] Fetching snapshot from: https://fapi.binance.com/fapi/v1/depth
[INFO] Snapshot lastUpdateId: 11001439502778
[INFO] Depth collection finished. Events: 2931
[INFO] Trade collection finished. Events: 10700

[INFO] Raw collection completed
[INFO] Snapshot: data\raw\BTCUSDT\20260708_213658\snapshot.json
[INFO] Depth events: 2931
[INFO] Trade events: 10700
[INFO] Meta: data\raw\BTCUSDT\20260708_213658\meta.json
",
weekday_active_wed_day29,32,success,20260708_214213,BTCUSDT,300,300,2931,8132,11001483396509,2026-07-08T16:42:13.380993+00:00,2026-07-08T16:47:23.712893+00:00,,"================================================================================
[INFO] Starting raw collection with separate depth/trade websockets
[INFO] Symbol: BTCUSDT
[INFO] Collection seconds: 300
[INFO] Run dir: data\raw\BTCUSDT\20260708_214213
================================================================================
[INFO] Connecting depth websocket: wss://fstream.binance.com/public/stream?streams=btcusdt@depth@100ms
[INFO] Connecting trade websocket: wss://fstream.binance.com/market/stream?streams=btcusdt@aggTrade
[INFO] Trade websocket connected
[INFO] Depth websocket connected
[INFO] Fetching snapshot from: https://fapi.binance.com/fapi/v1/depth
[INFO] Snapshot lastUpdateId: 11001483396509
[INFO] Depth collection finished. Events: 2931
[INFO] Trade collection finished. Events: 8132

[INFO] Raw collection completed
[INFO] Snapshot: data\raw\BTCUSDT\20260708_214213\snapshot.json
[INFO] Depth events: 2931
[INFO] Trade events: 8132
[INFO] Meta: data\raw\BTCUSDT\20260708_214213\meta.json
",
weekday_active_wed_day29,33,success,20260708_214728,BTCUSDT,300,300,2932,3750,11001522610809,2026-07-08T16:47:28.738285+00:00,2026-07-08T16:52:38.316961+00:00,,"================================================================================
[INFO] Starting raw collection with separate depth/trade websockets
[INFO] Symbol: BTCUSDT
[INFO] Collection seconds: 300
[INFO] Run dir: data\raw\BTCUSDT\20260708_214728
================================================================================
[INFO] Connecting depth websocket: wss://fstream.binance.com/public/stream?streams=btcusdt@depth@100ms
[INFO] Connecting trade websocket: wss://fstream.binance.com/market/stream?streams=btcusdt@aggTrade
[INFO] Trade websocket connected
[INFO] Depth websocket connected
[INFO] Fetching snapshot from: https://fapi.binance.com/fapi/v1/depth
[INFO] Snapshot lastUpdateId: 11001522610809
[INFO] Depth collection finished. Events: 2932
[INFO] Trade collection finished. Events: 3750

[INFO] Raw collection completed
[INFO] Snapshot: data\raw\BTCUSDT\20260708_214728\snapshot.json
[INFO] Depth events: 2932
[INFO] Trade events: 3750
[INFO] Meta: data\raw\BTCUSDT\20260708_214728\meta.json
",
weekday_active_wed_day29,34,success,20260708_215243,BTCUSDT,300,300,2932,5332,11001555371860,2026-07-08T16:52:43.342522+00:00,2026-07-08T16:57:53.259647+00:00,,"================================================================================
[INFO] Starting raw collection with separate depth/trade websockets
[INFO] Symbol: BTCUSDT
[INFO] Collection seconds: 300
[INFO] Run dir: data\raw\BTCUSDT\20260708_215243
================================================================================
[INFO] Connecting depth websocket: wss://fstream.binance.com/public/stream?streams=btcusdt@depth@100ms
[INFO] Connecting trade websocket: wss://fstream.binance.com/market/stream?streams=btcusdt@aggTrade
[INFO] Trade websocket connected
[INFO] Depth websocket connected
[INFO] Fetching snapshot from: https://fapi.binance.com/fapi/v1/depth
[INFO] Snapshot lastUpdateId: 11001555371860
[INFO] Trade collection finished. Events: 5332
[INFO] Depth collection finished. Events: 2932

[INFO] Raw collection completed
[INFO] Snapshot: data\raw\BTCUSDT\20260708_215243\snapshot.json
[INFO] Depth events: 2932
[INFO] Trade events: 5332
[INFO] Meta: data\raw\BTCUSDT\20260708_215243\meta.json
",
weekday_active_wed_day29,35,success,20260708_215758,BTCUSDT,300,300,2932,3018,11001590410517,2026-07-08T16:57:58.285479+00:00,2026-07-08T17:03:06.517607+00:00,,"================================================================================
[INFO] Starting raw collection with separate depth/trade websockets
[INFO] Symbol: BTCUSDT
[INFO] Collection seconds: 300
[INFO] Run dir: data\raw\BTCUSDT\20260708_215758
================================================================================
[INFO] Connecting depth websocket: wss://fstream.binance.com/public/stream?streams=btcusdt@depth@100ms
[INFO] Connecting trade websocket: wss://fstream.binance.com/market/stream?streams=btcusdt@aggTrade
[INFO] Depth websocket connected
[INFO] Trade websocket connected
[INFO] Fetching snapshot from: https://fapi.binance.com/fapi/v1/depth
[INFO] Snapshot lastUpdateId: 11001590410517
[INFO] Trade collection finished. Events: 3018
[INFO] Depth collection finished. Events: 2932

[INFO] Raw collection completed
[INFO] Snapshot: data\raw\BTCUSDT\20260708_215758\snapshot.json
[INFO] Depth events: 2932
[INFO] Trade events: 3018
[INFO] Meta: data\raw\BTCUSDT\20260708_215758\meta.json
",
weekday_active_wed_day29,36,success,20260708_220311,BTCUSDT,300,300,2932,5108,11001623623929,2026-07-08T17:03:11.542505+00:00,2026-07-08T17:08:21.666896+00:00,,"================================================================================
[INFO] Starting raw collection with separate depth/trade websockets
[INFO] Symbol: BTCUSDT
[INFO] Collection seconds: 300
[INFO] Run dir: data\raw\BTCUSDT\20260708_220311
================================================================================
[INFO] Connecting depth websocket: wss://fstream.binance.com/public/stream?streams=btcusdt@depth@100ms
[INFO] Connecting trade websocket: wss://fstream.binance.com/market/stream?streams=btcusdt@aggTrade
[INFO] Depth websocket connected
[INFO] Trade websocket connected
[INFO] Fetching snapshot from: https://fapi.binance.com/fapi/v1/depth
[INFO] Snapshot lastUpdateId: 11001623623929
[INFO] Depth collection finished. Events: 2932
[INFO] Trade collection finished. Events: 5108

[INFO] Raw collection completed
[INFO] Snapshot: data\raw\BTCUSDT\20260708_220311\snapshot.json
[INFO] Depth events: 2932
[INFO] Trade events: 5108
[INFO] Meta: data\raw\BTCUSDT\20260708_220311\meta.json
",
