model,horizon,threshold,signal_group,n_signals,coverage,precision,mean_future_return_bps,median_future_return_bps,mean_signed_return_bps,median_signed_return_bps,positive_signed_return_share,break_even_round_trip_cost_bps
logit_signal_static,5,0.5,up,451,0.5262543757292882,0.7361419068736141,0.41293888676640295,0.53285925007307,0.41293888676640295,0.53285925007307,0.7361419068736141,0.41293888676640295
logit_signal_static,5,0.5,down,406,0.47374562427071176,0.6896551724137931,-0.20366470370422046,-0.43645745288090065,0.20366470370422046,0.43645745288090065,0.6896551724137931,0.20366470370422046
logit_signal_static,5,0.5,both,857,1.0,0.7141190198366394,0.12082563387133519,0.1129222586704337,0.31379615826786617,0.46856305444986646,0.7141190198366394,0.31379615826786617
logit_signal_static,5,0.55,up,427,0.4982497082847141,0.747072599531616,0.4292885567542341,0.53285925007307,0.4292885567542341,0.53285925007307,0.747072599531616,0.4292885567542341
logit_signal_static,5,0.55,down,373,0.4352392065344224,0.7292225201072386,-0.2862759708719397,-0.46838747919553114,0.2862759708719397,0.46838747919553114,0.7292225201072386,0.2862759708719397
logit_signal_static,5,0.55,both,800,0.9334889148191365,0.73875,0.09565659574853058,0.07264351946201231,0.3626089385866143,0.5004977136180422,0.73875,0.3626089385866143
logit_signal_static,5,0.6,up,402,0.4690781796966161,0.763681592039801,0.4575788641844257,0.53285925007307,0.4575788641844257,0.53285925007307,0.763681592039801,0.4575788641844257
logit_signal_static,5,0.6,down,350,0.40840140023337224,0.7428571428571429,-0.33830052686930784,-0.484719304529313,0.33830052686930784,0.484719304529313,0.7428571428571429,0.33830052686930784
logit_signal_static,5,0.6,both,752,0.8774795799299884,0.7539893617021277,0.08715627526314017,0.08065316156269375,0.4020636805936129,0.5010436241126293,0.7539893617021277,0.4020636805936129
logit_signal_static,5,0.65,up,358,0.4177362893815636,0.770949720670391,0.4771474395871685,0.53285925007307,0.4771474395871685,0.53285925007307,0.770949720670391,0.4771474395871685
logit_signal_static,5,0.65,down,310,0.3617269544924154,0.7677419354838709,-0.3750868531424987,-0.5010436241126293,0.3750868531424987,0.5010436241126293,0.7677419354838709,0.3750868531424987
logit_signal_static,5,0.65,both,668,0.779463243873979,0.7694610778443114,0.08164948936831103,0.06463387736133086,0.4297839937820074,0.520815442881517,0.7694610778443114,0.4297839937820074
logit_signal_static,5,0.7,up,319,0.37222870478413067,0.8025078369905956,0.48138340630187143,0.5485149361406094,0.48138340630187143,0.5485149361406094,0.8025078369905956,0.48138340630187143
logit_signal_static,5,0.7,down,282,0.3290548424737456,0.7978723404255319,-0.43514038508340935,-0.5489719289653028,0.43514038508340935,0.5489719289653028,0.7978723404255319,0.43514038508340935
logit_signal_static,5,0.7,both,601,0.7012835472578763,0.800332778702163,0.051333973405616566,0.06463387736133086,0.45968534975676945,0.5485149361406094,0.800332778702163,0.45968534975676945
logit_signal_static,5,0.75,up,264,0.3080513418903151,0.8143939393939394,0.4954687448776761,0.5406870931068397,0.4954687448776761,0.5406870931068397,0.8143939393939394,0.4954687448776761
logit_signal_static,5,0.75,down,242,0.2823803967327888,0.8512396694214877,-0.5167596046003966,-0.5649307191862851,0.5167596046003966,0.5649307191862851,0.8512396694214877,0.5167596046003966
logit_signal_static,5,0.75,both,506,0.5904317386231038,0.8320158102766798,0.011359534257728296,-0.016149831678635707,0.5056513299624554,0.549317836572305,0.8320158102766798,0.5056513299624554
logit_signal_static,5,0.8,up,196,0.22870478413068845,0.8469387755102041,0.5966218487204286,0.6381624877183079,0.5966218487204286,0.6381624877183079,0.8469387755102041,0.5966218487204286
logit_signal_static,5,0.8,down,197,0.22987164527421236,0.8984771573604061,-0.6609714702763472,-0.612896800276097,0.6609714702763472,0.612896800276097,0.8984771573604061,0.6609714702763472
logit_signal_static,5,0.8,both,393,0.45857642940490084,0.8727735368956743,-0.03377480227795526,-0.06460819571119103,0.6288785292459146,0.6138889135698378,0.8727735368956743,0.6288785292459146
logit_signal_static,5,0.85,up,129,0.15052508751458576,0.8604651162790697,0.6361824881979208,0.6784112577506995,0.6361824881979208,0.6784112577506995,0.8604651162790697,0.6361824881979208
logit_signal_static,5,0.85,down,121,0.1411901983663944,0.9090909090909091,-0.6729202623014319,-0.5976982157096522,0.6729202623014319,0.5976982157096522,0.9090909090909091,0.6729202623014319
logit_signal_static,5,0.85,both,250,0.29171528588098017,0.884,0.0025767569562340498,-0.024238556537437006,0.6539635708640201,0.6380156144780713,0.884,0.6539635708640201
logit_signal_static,5,0.9,up,7,0.008168028004667444,1.0,0.8727900664630616,0.8329034042309225,0.8727900664630616,0.8329034042309225,1.0,0.8727900664630616
logit_signal_static,5,0.9,down,3,0.003500583430571762,1.0,-1.1611058384985995,-0.977103477680652,1.1611058384985995,0.977103477680652,1.0,1.1611058384985995
logit_signal_static,5,0.9,both,10,0.011668611435239206,1.0,0.2626212949745632,0.6382716232955499,0.9592847980737229,0.8963442032849933,1.0,0.9592847980737229
logit_signal_static,5,0.95,up,5,0.005834305717619603,1.0,0.8531532747575454,0.7515868179752694,0.8531532747575454,0.7515868179752694,1.0,0.8531532747575454
logit_signal_static,5,0.95,down,3,0.003500583430571762,1.0,-1.1611058384985995,-0.977103477680652,1.1611058384985995,0.977103477680652,1.0,1.1611058384985995
logit_signal_static,5,0.95,both,8,0.009334889148191364,1.0,0.09780610728649108,0.27862410860834963,0.9686354861604407,0.8963442032849933,1.0,0.9686354861604407
logit_full_static,5,0.5,up,458,0.5350467289719626,0.7489082969432315,0.4646531985914029,0.53285925007307,0.4646531985914029,0.53285925007307,0.7489082969432315,0.4646531985914029
logit_full_static,5,0.5,down,398,0.4649532710280374,0.7110552763819096,-0.27225588286365526,-0.4603436157074592,0.27225588286365526,0.4603436157074592,0.7110552763819096,0.27225588286365526
logit_full_static,5,0.5,both,856,1.0,0.7313084112149533,0.12202491071860715,0.1129222586704337,0.37519743730677263,0.5004977136180422,0.7313084112149533,0.37519743730677263
logit_full_static,5,0.55,up,426,0.4976635514018692,0.7629107981220657,0.4819222060267917,0.5485149361406094,0.4819222060267917,0.5485149361406094,0.7629107981220657,0.4819222060267917
logit_full_static,5,0.55,down,376,0.4392523364485981,0.723404255319149,-0.29779262091497316,-0.4684268241328393,0.29779262091497316,0.4684268241328393,0.723404255319149,0.29779262091497316
logit_full_static,5,0.55,both,802,0.9369158878504673,0.7443890274314214,0.11637011758526601,0.10485685147609836,0.3955971137549167,0.5010436241126293,0.7443890274314214,0.3955971137549167
logit_full_static,5,0.6,up,400,0.4672897196261682,0.77,0.4739999084694635,0.5406870931068397,0.4739999084694635,0.5406870931068397,0.77,0.4739999084694635
logit_full_static,5,0.6,down,356,0.4158878504672897,0.7359550561797753,-0.32826266374972485,-0.4926339015265402,0.32826266374972485,0.4926339015265402,0.7359550561797753,0.32826266374972485
logit_full_static,5,0.6,both,756,0.883177570093458,0.753968253968254,0.09621488768899913,0.096791444281763,0.4053723170405919,0.5166744571472037,0.753968253968254,0.4053723170405919
logit_full_static,5,0.65,up,367,0.4287383177570093,0.771117166212534,0.4793012773087371,0.53285925007307,0.4793012773087371,0.53285925007307,0.771117166212534,0.4793012773087371
logit_full_static,5,0.65,down,327,0.3820093457943925,0.7553516819571865,-0.3723589076780582,-0.5003538793157958,0.3723589076780582,0.5003538793157958,0.7553516819571865,0.3723589076780582
logit_full_static,5,0.65,both,694,0.8107476635514018,0.7636887608069164,0.07801470599651511,0.06463387736133086,0.4289120051628696,0.5166744571472037,0.7636887608069164,0.4289120051628696
logit_full_static,5,0.7,up,332,0.3878504672897196,0.786144578313253,0.46983209146456284,0.53285925007307,0.46983209146456284,0.53285925007307,0.786144578313253,0.46983209146456284
logit_full_static,5,0.7,down,288,0.3364485981308411,0.7847222222222222,-0.42515526826796995,-0.5014457003049699,0.42515526826796995,0.5014457003049699,0.7847222222222222,0.42515526826796995
logit_full_static,5,0.7,both,620,0.7242990654205608,0.785483870967742,0.05409602758880568,0.06460184653556134,0.4490789864958229,0.53285925007307,0.785483870967742,0.4490789864958229
logit_full_static,5,0.75,up,281,0.3282710280373832,0.8113879003558719,0.5149086828626004,0.5651500998293812,0.5149086828626004,0.5651500998293812,0.8113879003558719,0.5149086828626004
logit_full_static,5,0.75,down,255,0.29789719626168226,0.8235294117647058,-0.4765054119556195,-0.5489719289653028,0.4765054119556195,0.5489719289653028,0.8235294117647058,0.4765054119556195
logit_full_static,5,0.75,both,536,0.6261682242990654,0.8171641791044776,0.043247126559156183,0.03226849973225754,0.4966384700243912,0.5493018615676526,0.8171641791044776,0.4966384700243912
logit_full_static,5,0.8,up,222,0.25934579439252337,0.8468468468468469,0.5883069416182581,0.5894200409761741,0.5883069416182581,0.5894200409761741,0.8468468468468469,0.5883069416182581
logit_full_static,5,0.8,down,201,0.23481308411214954,0.8955223880597015,-0.6484772616156537,-0.5976982157096522,0.6484772616156537,0.5976982157096522,0.8955223880597015,0.6484772616156537
logit_full_static,5,0.8,both,423,0.4941588785046729,0.8699763593380615,0.0006151571028532998,-0.016149831678635707,0.6168985121134746,0.5976982157096522,0.8699763593380615,0.6168985121134746
logit_full_static,5,0.85,up,148,0.17289719626168223,0.8513513513513513,0.5857898395643717,0.6461038749394632,0.5857898395643717,0.6461038749394632,0.8513513513513513,0.5857898395643717
logit_full_static,5,0.85,down,130,0.15186915887850466,0.9153846153846154,-0.6477038756216643,-0.5654587122239096,0.6477038756216643,0.5654587122239096,0.9153846153846154,0.6477038756216643
logit_full_static,5,0.85,both,278,0.3247663551401869,0.8812949640287769,0.008976231743563469,-0.016149831678635707,0.6147424463537532,0.5976982157096522,0.8812949640287769,0.6147424463537532
logit_full_static,5,0.9,up,37,0.04322429906542056,0.8648648648648649,0.889334911524953,0.7917010342994857,0.889334911524953,0.7917010342994857,0.8648648648648649,0.889334911524953
logit_full_static,5,0.9,down,32,0.037383177570093455,0.9375,-0.6164360155416424,-0.47661855436142986,0.6164360155416424,0.47661855436142986,0.9375,0.6164360155416424
logit_full_static,5,0.9,both,69,0.08060747663551401,0.8985507246376812,0.19100636563899573,-0.032327281396238305,0.7627731046921133,0.7432847855270985,0.8985507246376812,0.7627731046921133
logit_full_static,5,0.95,up,1,0.0011682242990654205,1.0,2.0934097198876955,2.0934097198876955,2.0934097198876955,2.0934097198876955,1.0,2.0934097198876955
logit_full_static,5,0.95,down,2,0.002336448598130841,1.0,-0.9531351327712878,-0.9531351327712878,0.9531351327712878,0.9531351327712878,1.0,0.9531351327712878
logit_full_static,5,0.95,both,3,0.0035046728971962616,1.0,0.062379818115039974,-0.9291667878619236,1.3332266618100903,0.977103477680652,1.0,1.3332266618100903
logit_dynamic_compact,5,0.5,up,428,0.5107398568019093,0.7476635514018691,0.4577548791378386,0.53285925007307,0.4577548791378386,0.53285925007307,0.7476635514018691,0.4577548791378386
logit_dynamic_compact,5,0.5,down,410,0.4892601431980907,0.6780487804878049,-0.20994576426035283,-0.4363354578112988,0.20994576426035283,0.4363354578112988,0.6780487804878049,0.20994576426035283
logit_dynamic_compact,5,0.5,both,838,1.0,0.7136038186157518,0.13107556673538215,0.14536667415021576,0.33651175610708783,0.4684661690701475,0.7136038186157518,0.33651175610708783
logit_dynamic_compact,5,0.55,up,404,0.4821002386634845,0.7648514851485149,0.48078859905438187,0.53285925007307,0.48078859905438187,0.53285925007307,0.7648514851485149,0.48078859905438187
logit_dynamic_compact,5,0.55,down,377,0.4498806682577566,0.6896551724137931,-0.22555574536026912,-0.43646697763577436,0.22555574536026912,0.43646697763577436,0.6896551724137931,0.22555574536026912
logit_dynamic_compact,5,0.55,both,781,0.931980906921241,0.7285531370038413,0.13982596417048507,0.20978789636805217,0.3575840077065195,0.48469220833124993,0.7285531370038413,0.3575840077065195
logit_dynamic_compact,5,0.6,up,372,0.4439140811455847,0.7849462365591398,0.5090041754701586,0.5493338115769575,0.5090041754701586,0.5493338115769575,0.7849462365591398,0.5090041754701586
logit_dynamic_compact,5,0.6,down,353,0.4212410501193317,0.7138810198300283,-0.2647280622497575,-0.46838747919553114,0.2647280622497575,0.46838747919553114,0.7138810198300283,0.2647280622497575
logit_dynamic_compact,5,0.6,both,725,0.8651551312649165,0.7503448275862069,0.13227661696653048,0.17764527951991127,0.39006697827457015,0.5163618114933932,0.7503448275862069,0.39006697827457015
logit_dynamic_compact,5,0.65,up,339,0.4045346062052506,0.7935103244837758,0.5209680225430348,0.5493338115769575,0.5209680225430348,0.5493338115769575,0.7935103244837758,0.5209680225430348
logit_dynamic_compact,5,0.65,down,323,0.3854415274463007,0.7337461300309598,-0.3107620312499604,-0.4849139237372846,0.3107620312499604,0.4849139237372846,0.7337461300309598,0.3107620312499604
logit_dynamic_compact,5,0.65,both,662,0.7899761336515513,0.7643504531722054,0.11515411412137701,0.1129222586704337,0.418405280567713,0.53285925007307,0.7643504531722054,0.418405280567713
logit_dynamic_compact,5,0.7,up,293,0.3496420047732697,0.8191126279863481,0.5665207324851045,0.5493338115769575,0.5665207324851045,0.5493338115769575,0.8191126279863481,0.5665207324851045
logit_dynamic_compact,5,0.7,down,290,0.3460620525059666,0.7586206896551724,-0.36245314524963046,-0.5489719289653028,0.36245314524963046,0.5489719289653028,0.7586206896551724,0.36245314524963046
logit_dynamic_compact,5,0.7,both,583,0.6957040572792362,0.7890222984562607,0.10442394939235466,0.1129222586704337,0.4650119841175445,0.5493018615676526,0.7890222984562607,0.4650119841175445
logit_dynamic_compact,5,0.75,up,248,0.29594272076372313,0.8387096774193549,0.555065215026354,0.5572419557031694,0.555065215026354,0.5572419557031694,0.8387096774193549,0.555065215026354
logit_dynamic_compact,5,0.75,down,262,0.3126491646778043,0.7824427480916031,-0.39604460651410267,-0.5489719289653028,0.39604460651410267,0.5489719289653028,0.7824427480916031,0.39604460651410267
logit_dynamic_compact,5,0.75,both,510,0.6085918854415274,0.8098039215686275,0.0664558557251782,0.07261148863624278,0.473372274967119,0.549317836572305,0.8098039215686275,0.473372274967119
logit_dynamic_compact,5,0.8,up,192,0.22911694510739858,0.8645833333333334,0.5683702391289999,0.5810626829449994,0.5683702391289999,0.5810626829449994,0.8645833333333334,0.5683702391289999
logit_dynamic_compact,5,0.8,down,212,0.2529832935560859,0.8349056603773585,-0.4717734583750217,-0.5652181957849223,0.4717734583750217,0.5652181957849223,0.8349056603773585,0.4717734583750217
logit_dynamic_compact,5,0.8,both,404,0.4821002386634845,0.849009900990099,0.02255225925065197,-0.016149831678635707,0.5176808393274074,0.5654587122239096,0.849009900990099,0.5176808393274074
logit_dynamic_compact,5,0.85,up,127,0.1515513126491647,0.9133858267716536,0.7399092922330957,0.6944932339392196,0.7399092922330957,0.6944932339392196,0.9133858267716536,0.7399092922330957
logit_dynamic_compact,5,0.85,down,158,0.18854415274463007,0.8860759493670886,-0.6181095008789412,-0.5976982157096522,0.6181095008789412,0.5976982157096522,0.8860759493670886,0.6181095008789412
logit_dynamic_compact,5,0.85,both,285,0.34009546539379476,0.8982456140350877,-0.01295726675533185,-0.06460819571119103,0.6723851973771083,0.6777161289173161,0.8982456140350877,0.6723851973771083
logit_dynamic_compact,5,0.9,up,50,0.059665871121718374,0.94,0.8101616240641542,0.7432847855270985,0.8101616240641542,0.7432847855270985,0.94,0.8101616240641542
logit_dynamic_compact,5,0.9,down,67,0.07995226730310262,0.9402985074626866,-0.7329293354180118,-0.5976982157096522,0.7329293354180118,0.5976982157096522,0.9402985074626866,0.7329293354180118
logit_dynamic_compact,5,0.9,both,117,0.13961813842482101,0.9401709401709402,-0.07348875444272719,-0.12923810100762267,0.7659345869761923,0.6782940259264514,0.9401709401709402,0.7659345869761923
logit_dynamic_compact,5,0.95,up,4,0.00477326968973747,0.75,0.7394452633041615,0.46448976452007074,0.7394452633041615,0.46448976452007074,0.75,0.7394452633041615
logit_dynamic_compact,5,0.95,down,13,0.015513126491646777,0.9230769230769231,-1.1561715824920809,-0.977103477680652,1.1561715824920809,0.977103477680652,0.9230769230769231,1.1561715824920809
logit_dynamic_compact,5,0.95,both,17,0.02028639618138425,0.8823529411764706,-0.7101440893635533,-0.6456522984821245,1.0581183309184528,0.9291667878619236,0.8823529411764706,1.0581183309184528
logit_dynamic_full,5,0.5,up,429,0.5119331742243437,0.745920745920746,0.4584247468017735,0.53285925007307,0.4584247468017735,0.53285925007307,0.745920745920746,0.4584247468017735
logit_dynamic_full,5,0.5,down,409,0.4880668257756563,0.6772616136919315,-0.21228090819978138,-0.43646697763577436,0.21228090819978138,0.43646697763577436,0.6772616136919315,0.21228090819978138
logit_dynamic_full,5,0.5,both,838,1.0,0.7124105011933174,0.13107556673538215,0.14536667415021576,0.33829010481106375,0.4764972953485991,0.7124105011933174,0.33829010481106375
logit_dynamic_full,5,0.55,up,400,0.477326968973747,0.7675,0.49234468174125795,0.5489243738587835,0.49234468174125795,0.5489243738587835,0.7675,0.49234468174125795
logit_dynamic_full,5,0.55,down,388,0.4630071599045346,0.6855670103092784,-0.23200059138146123,-0.45213030072321914,0.23200059138146123,0.45213030072321914,0.6855670103092784,0.23200059138146123
logit_dynamic_full,5,0.55,both,788,0.9403341288782816,0.7271573604060914,0.13568736451839625,0.20978789636805217,0.36415495197019054,0.5001997239917344,0.7271573604060914,0.36415495197019054
logit_dynamic_full,5,0.6,up,375,0.44749403341288785,0.7786666666666666,0.5153935118209763,0.5485149361406094,0.5153935118209763,0.5485149361406094,0.7786666666666666,0.5153935118209763
logit_dynamic_full,5,0.6,down,360,0.4295942720763723,0.7,-0.2613531506787639,-0.4683231849855751,0.2613531506787639,0.4683231849855751,0.7,0.2613531506787639
logit_dynamic_full,5,0.6,both,735,0.8770883054892601,0.7401360544217687,0.13494616692314435,0.20978789636805217,0.3909655798329539,0.5006415479202886,0.7401360544217687,0.3909655798329539
logit_dynamic_full,5,0.65,up,352,0.4200477326968974,0.7840909090909091,0.5106335690284804,0.5485149361406094,0.5106335690284804,0.5485149361406094,0.7840909090909091,0.5106335690284804
logit_dynamic_full,5,0.65,down,335,0.3997613365155131,0.7253731343283583,-0.3034695379653893,-0.4845246853213414,0.3034695379653893,0.4845246853213414,0.7253731343283583,0.3034695379653893
logit_dynamic_full,5,0.65,both,687,0.8198090692124105,0.7554585152838428,0.11365461583641882,0.1129222586704337,0.4096147183645277,0.5249564286158304,0.7554585152838428,0.4096147183645277
logit_dynamic_full,5,0.7,up,313,0.373508353221957,0.7987220447284346,0.511577423994317,0.5485149361406094,0.511577423994317,0.5485149361406094,0.7987220447284346,0.511577423994317
logit_dynamic_full,5,0.7,down,303,0.3615751789976134,0.7491749174917491,-0.3337119230225099,-0.5331175015210743,0.3337119230225099,0.5331175015210743,0.7491749174917491,0.3337119230225099
logit_dynamic_full,5,0.7,both,616,0.7350835322195705,0.7743506493506493,0.09579386531558563,0.096791444281763,0.4240883869903275,0.5485149361406094,0.7743506493506493,0.4240883869903275
logit_dynamic_full,5,0.75,up,271,0.3233890214797136,0.8413284132841329,0.5773449172976939,0.5654559715795315,0.5773449172976939,0.5654559715795315,0.8413284132841329,0.5773449172976939
logit_dynamic_full,5,0.75,down,270,0.3221957040572792,0.774074074074074,-0.40639786210738005,-0.5493018615676526,0.40639786210738005,0.5493018615676526,0.774074074074074,0.40639786210738005
logit_dynamic_full,5,0.75,both,541,0.6455847255369929,0.8077634011090573,0.08638271685523555,0.096791444281763,0.492029381435615,0.5493338115769575,0.8077634011090573,0.492029381435615
logit_dynamic_full,5,0.8,up,223,0.26610978520286394,0.8654708520179372,0.6152380257718115,0.597924233303182,0.6152380257718115,0.597924233303182,0.8654708520179372,0.6152380257718115
logit_dynamic_full,5,0.8,down,225,0.2684964200477327,0.8222222222222222,-0.5196630971044107,-0.5654587122239096,0.5196630971044107,0.5654587122239096,0.8222222222222222,0.5196630971044107
logit_dynamic_full,5,0.8,both,448,0.5346062052505967,0.84375,0.045254202898708774,0.08872230292222838,0.5672372245437642,0.5810626829449994,0.84375,0.5672372245437642
logit_dynamic_full,5,0.85,up,148,0.1766109785202864,0.8986486486486487,0.6486674073413145,0.654115955972534,0.6486674073413145,0.654115955972534,0.8986486486486487,0.6486674073413145
logit_dynamic_full,5,0.85,down,165,0.19689737470167065,0.8909090909090909,-0.6704649220817714,-0.5976982157096522,0.6704649220817714,0.5976982157096522,0.8909090909090909,0.6704649220817714
logit_dynamic_full,5,0.85,both,313,0.373508353221957,0.8945686900958466,-0.04672183979865093,-0.032327281396238305,0.6601581100000218,0.6136430615955035,0.8945686900958466,0.6601581100000218
logit_dynamic_full,5,0.9,up,82,0.09785202863961814,0.9512195121951219,0.8343608634912069,0.7432685723740562,0.8343608634912069,0.7432685723740562,0.9512195121951219,0.8343608634912069
logit_dynamic_full,5,0.9,down,92,0.10978520286396182,0.9130434782608695,-0.6607411418641446,-0.5654587122239096,0.6607411418641446,0.5654587122239096,0.9130434782608695,0.6607411418641446
logit_dynamic_full,5,0.9,both,174,0.20763723150357996,0.9310344827586207,0.043847159510216456,-0.016149831678635707,0.742561930217128,0.6780280831208962,0.9310344827586207,0.742561930217128
logit_dynamic_full,5,0.95,up,10,0.011933174224343675,0.8,0.7102814979466077,0.7432847855270985,0.7102814979466077,0.7432847855270985,0.8,0.7102814979466077
logit_dynamic_full,5,0.95,down,17,0.02028639618138425,0.8823529411764706,-1.0369923798822673,-0.977103477680652,1.0369923798822673,0.977103477680652,0.8823529411764706,1.0369923798822673
logit_dynamic_full,5,0.95,both,27,0.032219570405727926,0.8518518518518519,-0.3898539066123137,-0.274350414875002,0.9159883495357269,0.774324059458209,0.8518518518518519,0.9159883495357269
logit_signal_static,10,0.5,up,613,0.5104079933388843,0.6851549755301795,0.38643416866812574,0.597924233303182,0.38643416866812574,0.597924233303182,0.6851549755301795,0.38643416866812574
logit_signal_static,10,0.5,down,588,0.48959200666111574,0.5816326530612245,-0.03911116749830378,-0.3956816271644126,0.03911116749830378,0.3956816271644126,0.5816326530612245,0.03911116749830378
logit_signal_static,10,0.5,both,1201,1.0,0.6344712739383847,0.17809057360912442,0.2581196788020712,0.21638760356583156,0.48469220833124993,0.6344712739383847,0.21638760356583156
logit_signal_static,10,0.55,up,568,0.47293921731890093,0.7059859154929577,0.4073122394197239,0.613250899501594,0.4073122394197239,0.613250899501594,0.7059859154929577,0.4073122394197239
logit_signal_static,10,0.55,down,534,0.4446294754371357,0.601123595505618,-0.1250318190404276,-0.4522471735762812,0.1250318190404276,0.4522471735762812,0.601123595505618,0.1250318190404276
logit_signal_static,10,0.55,both,1102,0.9175686927560366,0.6551724137931034,0.14935241435827118,0.25018905439488925,0.2705266273665985,0.5483512770543264,0.6551724137931034,0.2705266273665985
logit_signal_static,10,0.6,up,512,0.42631140716069943,0.71484375,0.42133404939561236,0.6134469805485487,0.42133404939561236,0.6134469805485487,0.71484375,0.42133404939561236
logit_signal_static,10,0.6,down,475,0.395503746877602,0.6105263157894737,-0.14189987922577438,-0.4687758887544913,0.14189987922577438,0.4687758887544913,0.6105263157894737,0.14189987922577438
logit_signal_static,10,0.6,both,987,0.8218151540383014,0.6646403242147924,0.1502741546690078,0.2422584299877073,0.2868545855347481,0.5489719289653028,0.6646403242147924,0.2868545855347481
logit_signal_static,10,0.65,up,443,0.3688592839300583,0.7291196388261851,0.42919173669232924,0.613250899501594,0.42919173669232924,0.613250899501594,0.7291196388261851,0.42919173669232924
logit_signal_static,10,0.65,down,403,0.33555370524562866,0.6352357320099256,-0.2204880728941195,-0.5483512770543264,0.2204880728941195,0.5483512770543264,0.6352357320099256,0.2204880728941195
logit_signal_static,10,0.65,both,846,0.704412989175687,0.6843971631205674,0.11971069264582941,0.22602422118711551,0.32977379755441133,0.549317836572305,0.6843971631205674,0.32977379755441133
logit_signal_static,10,0.7,up,364,0.30308076602830974,0.75,0.4554602239989918,0.6461038749394632,0.4554602239989918,0.6461038749394632,0.75,0.4554602239989918
logit_signal_static,10,0.7,down,339,0.28226477935054123,0.696165191740413,-0.394502627305386,-0.5654587122239096,0.394502627305386,0.5654587122239096,0.696165191740413,0.394502627305386
logit_signal_static,10,0.7,both,703,0.585345545378851,0.7240398293029872,0.045591935816653155,0.096791444281763,0.42606530895043937,0.5977773990073487,0.7240398293029872,0.42606530895043937
logit_signal_static,10,0.75,up,262,0.21815154038301415,0.7595419847328244,0.5566836101719094,0.7432847855270985,0.5566836101719094,0.7432847855270985,0.7595419847328244,0.5566836101719094
logit_signal_static,10,0.75,down,243,0.20233139050791007,0.7613168724279835,-0.6466706186189988,-0.7434385487425921,0.6466706186189988,0.7434385487425921,0.7613168724279835,0.6466706186189988
logit_signal_static,10,0.75,both,505,0.42048293089092426,0.7603960396039604,-0.022356147444309842,0.03227917613868314,0.5999842894840731,0.7432847855270985,0.7603960396039604,0.5999842894840731
logit_signal_static,10,0.8,up,163,0.1357202331390508,0.7914110429447853,0.7678569521839901,0.7583097437158237,0.7678569521839901,0.7583097437158237,0.7914110429447853,0.7678569521839901
logit_signal_static,10,0.8,down,136,0.11323896752706078,0.8455882352941176,-0.7393742610453832,-0.8728958562509437,0.7393742610453832,0.8728958562509437,0.8455882352941176,0.7393742610453832
logit_signal_static,10,0.8,both,299,0.24895920066611157,0.8160535117056856,0.08229359098266985,0.016134197804440475,0.7549016144085703,0.774324059458209,0.8160535117056856,0.7549016144085703
logit_signal_static,10,0.85,up,5,0.004163197335553705,0.6,-0.047563828098340366,0.5249564286158304,-0.047563828098340366,0.5249564286158304,0.6,-0.047563828098340366
logit_signal_static,10,0.85,down,3,0.002497918401332223,0.6666666666666666,-0.3740261299064092,-0.5251812279216672,0.3740261299064092,0.5251812279216672,0.6666666666666666,0.3740261299064092
logit_signal_static,10,0.85,both,8,0.006661115736885929,0.625,-0.1699871912763662,-0.04018651460824252,0.11053240615344073,0.5250688282687488,0.625,0.11053240615344073
logit_signal_static,10,0.9,up,1,0.0008326394671107411,1.0,2.0934097198876955,2.0934097198876955,2.0934097198876955,2.0934097198876955,1.0,2.0934097198876955
logit_signal_static,10,0.9,down,0,0.0,,,,,,,
logit_signal_static,10,0.9,both,1,0.0008326394671107411,1.0,2.0934097198876955,2.0934097198876955,2.0934097198876955,2.0934097198876955,1.0,2.0934097198876955
logit_signal_static,10,0.95,up,1,0.0008326394671107411,1.0,2.0934097198876955,2.0934097198876955,2.0934097198876955,2.0934097198876955,1.0,2.0934097198876955
logit_signal_static,10,0.95,down,0,0.0,,,,,,,
logit_signal_static,10,0.95,both,1,0.0008326394671107411,1.0,2.0934097198876955,2.0934097198876955,2.0934097198876955,2.0934097198876955,1.0,2.0934097198876955
logit_full_static,10,0.5,up,619,0.5158333333333334,0.691437802907916,0.4160920168415769,0.613250899501594,0.4160920168415769,0.613250899501594,0.691437802907916,0.4160920168415769
logit_full_static,10,0.5,down,581,0.4841666666666667,0.5903614457831325,-0.0727487502433586,-0.4034245906647804,0.0727487502433586,0.4034245906647804,0.5903614457831325,0.0727487502433586
logit_full_static,10,0.5,both,1200,1.0,0.6425,0.17941161211128728,0.2581196788020712,0.24985665193027293,0.5250688282687488,0.6425,0.24985665193027293
logit_full_static,10,0.55,up,564,0.47,0.7127659574468085,0.4288120046704459,0.6295821269697299,0.4288120046704459,0.6295821269697299,0.7127659574468085,0.4288120046704459
logit_full_static,10,0.55,down,540,0.45,0.6,-0.11559480513865197,-0.43646697763577436,0.11559480513865197,0.43646697763577436,0.6,0.11559480513865197
logit_full_static,10,0.55,both,1104,0.92,0.657608695652174,0.16252606508990894,0.2909347166735188,0.2756079396820684,0.5488182276508491,0.657608695652174,0.2756079396820684
logit_full_static,10,0.6,up,511,0.42583333333333334,0.7181996086105675,0.4225360905724021,0.6136430615955035,0.4225360905724021,0.6136430615955035,0.7181996086105675,0.4225360905724021
logit_full_static,10,0.6,down,480,0.4,0.6083333333333333,-0.14031419191829161,-0.4686210289123194,0.14031419191829161,0.4686210289123194,0.6083333333333333,0.14031419191829161
logit_full_static,10,0.6,both,991,0.8258333333333333,0.6649848637739657,0.14991435939628403,0.2581196788020712,0.28583930817686926,0.5489719289653028,0.6649848637739657,0.28583930817686926
logit_full_static,10,0.65,up,456,0.38,0.7302631578947368,0.4271601148057638,0.6134469805485487,0.4271601148057638,0.6134469805485487,0.7302631578947368,0.4271601148057638
logit_full_static,10,0.65,down,414,0.345,0.6400966183574879,-0.20987614999607554,-0.5486616030098146,0.20987614999607554,0.5486616030098146,0.6400966183574879,0.20987614999607554
logit_full_static,10,0.65,both,870,0.725,0.6873563218390805,0.12401871983109544,0.24206061359111075,0.32376291775839494,0.5493338115769575,0.6873563218390805,0.32376291775839494
logit_full_static,10,0.7,up,369,0.3075,0.7425474254742548,0.46590890252116757,0.6948433734166315,0.46590890252116757,0.6948433734166315,0.7425474254742548,0.46590890252116757
logit_full_static,10,0.7,down,355,0.29583333333333334,0.6647887323943662,-0.2770774097137891,-0.5489719289653028,0.2770774097137891,0.5489719289653028,0.6647887323943662,0.2770774097137891
logit_full_static,10,0.7,both,724,0.6033333333333334,0.7044198895027625,0.10159931572087803,0.1614850162101611,0.37331887497058835,0.5810626829449994,0.7044198895027625,0.37331887497058835
logit_full_static,10,0.75,up,279,0.2325,0.7741935483870968,0.6261244934440072,0.7432847855270985,0.6261244934440072,0.7432847855270985,0.7741935483870968,0.6261244934440072
logit_full_static,10,0.75,down,254,0.21166666666666667,0.7440944881889764,-0.5272935694447555,-0.6783400373244763,0.5272935694447555,0.6783400373244763,0.7440944881889764,0.5272935694447555
logit_full_static,10,0.75,both,533,0.44416666666666665,0.7598499061913696,0.07646560418744859,0.06463387736133086,0.5790268298496171,0.7432523592210138,0.7598499061913696,0.5790268298496171
logit_full_static,10,0.8,up,169,0.14083333333333334,0.7751479289940828,0.6849125398181544,0.774324059458209,0.6849125398181544,0.774324059458209,0.7751479289940828,0.6849125398181544
logit_full_static,10,0.8,down,143,0.11916666666666667,0.8391608391608392,-0.7567234658206008,-0.8728958562509437,0.7567234658206008,0.8728958562509437,0.8391608391608392,0.7567234658206008
logit_full_static,10,0.8,both,312,0.26,0.8044871794871795,0.024162703900391626,-0.04038866946165509,0.7178258809026089,0.7753396755050268,0.8044871794871795,0.7178258809026089
logit_full_static,10,0.85,up,46,0.03833333333333333,0.6304347826086957,0.30566186193797085,0.7432847855270985,0.30566186193797085,0.7432847855270985,0.6304347826086957,0.30566186193797085
logit_full_static,10,0.85,down,19,0.015833333333333335,0.8947368421052632,-1.0408661540168023,-1.1465084377371149,1.0408661540168023,1.1465084377371149,0.8947368421052632,1.0408661540168023
logit_full_static,10,0.85,both,65,0.05416666666666667,0.7076923076923077,-0.08793863503342436,-0.17770382426673947,0.5205677319302446,0.8400218728765729,0.7076923076923077,0.5205677319302446
logit_full_static,10,0.9,up,5,0.004166666666666667,0.6,0.5543789991924175,0.06456981570979181,0.5543789991924175,0.06456981570979181,0.6,0.5543789991924175
logit_full_static,10,0.9,down,2,0.0016666666666666668,1.0,-0.7834432942122049,-0.7834432942122049,0.7834432942122049,0.7834432942122049,1.0,0.7834432942122049
logit_full_static,10,0.9,both,7,0.005833333333333334,0.7142857142857143,0.17214405821966824,-0.17770382426673947,0.6198259406266425,0.5251812279216672,0.7142857142857143,0.6198259406266425
logit_full_static,10,0.95,up,1,0.0008333333333333334,1.0,2.0934097198876955,2.0934097198876955,2.0934097198876955,2.0934097198876955,1.0,2.0934097198876955
logit_full_static,10,0.95,down,0,0.0,,,,,,,
logit_full_static,10,0.95,both,1,0.0008333333333333334,1.0,2.0934097198876955,2.0934097198876955,2.0934097198876955,2.0934097198876955,1.0,2.0934097198876955
logit_dynamic_compact,10,0.5,up,596,0.5085324232081911,0.6929530201342282,0.42642439846360014,0.5894200409761741,0.42642439846360014,0.5894200409761741,0.6929530201342282,0.42642439846360014
logit_dynamic_compact,10,0.5,down,576,0.49146757679180886,0.5885416666666666,-0.06368894329036598,-0.43646697763577436,0.06368894329036598,0.43646697763577436,0.5885416666666666,0.06368894329036598
logit_dynamic_compact,10,0.5,both,1172,1.0,0.6416382252559727,0.18554958203844274,0.30698065941026087,0.24815168329313694,0.5006415479202886,0.6416382252559727,0.24815168329313694
logit_dynamic_compact,10,0.55,up,540,0.46075085324232085,0.7111111111111111,0.4684784210644329,0.6216125942826167,0.4684784210644329,0.6216125942826167,0.7111111111111111,0.4684784210644329
logit_dynamic_compact,10,0.55,down,540,0.46075085324232085,0.6074074074074074,-0.11138327447488096,-0.4844722603292162,0.11138327447488096,0.4844722603292162,0.6074074074074074,0.11138327447488096
logit_dynamic_compact,10,0.55,both,1080,0.9215017064846417,0.6592592592592592,0.17854757329477594,0.2909347166735188,0.2899308477696569,0.5489719289653028,0.6592592592592592,0.2899308477696569
logit_dynamic_compact,10,0.6,up,491,0.4189419795221843,0.725050916496945,0.4836347602952176,0.6460642171690623,0.4836347602952176,0.6460642171690623,0.725050916496945,0.4836347602952176
logit_dynamic_compact,10,0.6,down,488,0.41638225255972694,0.6045081967213115,-0.12191279308990746,-0.4686210289123194,0.12191279308990746,0.4686210289123194,0.6045081967213115,0.12191279308990746
logit_dynamic_compact,10,0.6,both,979,0.8353242320819113,0.6649642492339122,0.18178878884277527,0.35544497267503417,0.3033279982970651,0.5493018615676526,0.6649642492339122,0.3033279982970651
logit_dynamic_compact,10,0.65,up,445,0.3796928327645051,0.7393258426966293,0.5019408092656161,0.6453116895799305,0.5019408092656161,0.6453116895799305,0.7393258426966293,0.5019408092656161
logit_dynamic_compact,10,0.65,down,426,0.363481228668942,0.6220657276995305,-0.16852904749907138,-0.5331175015210743,0.16852904749907138,0.5331175015210743,0.6220657276995305,0.16852904749907138
logit_dynamic_compact,10,0.65,both,871,0.7431740614334471,0.6819747416762342,0.1740186979203155,0.33941231565748353,0.3388714516163072,0.5651500998293812,0.6819747416762342,0.3388714516163072
logit_dynamic_compact,10,0.7,up,372,0.3174061433447099,0.760752688172043,0.5186579769504542,0.6461038749394632,0.5186579769504542,0.6461038749394632,0.760752688172043,0.5186579769504542
logit_dynamic_compact,10,0.7,down,360,0.30716723549488056,0.6416666666666667,-0.2273394161499964,-0.5493018615676526,0.2273394161499964,0.5493018615676526,0.6416666666666667,0.2273394161499964
logit_dynamic_compact,10,0.7,both,732,0.6245733788395904,0.7021857923497268,0.1517740131305605,0.2909347166735188,0.37538655360596684,0.5654587122239096,0.7021857923497268,0.37538655360596684
logit_dynamic_compact,10,0.75,up,285,0.2431740614334471,0.775438596491228,0.5636857439688037,0.7432847855270985,0.5636857439688037,0.7432847855270985,0.775438596491228,0.5636857439688037
logit_dynamic_compact,10,0.75,down,290,0.24744027303754265,0.6655172413793103,-0.2545113122676901,-0.5647535055403052,0.2545113122676901,0.5647535055403052,0.6655172413793103,0.2545113122676901
logit_dynamic_compact,10,0.75,both,575,0.4906143344709898,0.72,0.15102983734518075,0.35544497267503417,0.40775429145867675,0.6453116895799305,0.72,0.40775429145867675
logit_dynamic_compact,10,0.8,up,182,0.1552901023890785,0.8186813186813187,0.8031831511804933,0.7748318674816179,0.8031831511804933,0.7748318674816179,0.8186813186813187,0.8031831511804933
logit_dynamic_compact,10,0.8,down,206,0.1757679180887372,0.6941747572815534,-0.34340445593074853,-0.5654587122239096,0.34340445593074853,0.5654587122239096,0.6941747572815534,0.34340445593074853
logit_dynamic_compact,10,0.8,both,388,0.3310580204778157,0.7525773195876289,0.1944278752399886,0.3554492798629738,0.5590738439087216,0.7106821202196301,0.7525773195876289,0.5590738439087216
logit_dynamic_compact,10,0.85,up,77,0.06569965870307168,0.8831168831168831,1.2120057571713223,0.9047587888844077,1.2120057571713223,0.9047587888844077,0.8831168831168831,1.2120057571713223
logit_dynamic_compact,10,0.85,down,103,0.0878839590443686,0.7378640776699029,-0.5748596299668137,-0.6782940259264514,0.5748596299668137,0.6782940259264514,0.7378640776699029,0.5748596299668137
logit_dynamic_compact,10,0.85,both,180,0.15358361774744028,0.8,0.18952167453116664,0.2585452967995838,0.8474165843820757,0.8080353472933455,0.8,0.8474165843820757
logit_dynamic_compact,10,0.9,up,8,0.006825938566552901,1.0,1.374820513461994,0.9130312307448207,1.374820513461994,0.9130312307448207,1.0,1.374820513461994
logit_dynamic_compact,10,0.9,down,23,0.01962457337883959,0.6521739130434783,-0.8309629158583267,-0.8728958562509437,0.8309629158583267,0.8728958562509437,0.6521739130434783,0.8309629158583267
logit_dynamic_compact,10,0.9,both,31,0.026450511945392493,0.7419354838709677,-0.2617284824853407,0.1129222586704337,0.9713132636270149,0.8728958562509437,0.7419354838709677,0.9713132636270149
logit_dynamic_compact,10,0.95,up,0,0.0,,,,,,,
logit_dynamic_compact,10,0.95,down,7,0.005972696245733789,0.42857142857142855,-0.9024249356327984,0.33941231565748353,0.9024249356327984,-0.33941231565748353,0.42857142857142855,0.9024249356327984
logit_dynamic_compact,10,0.95,both,7,0.005972696245733789,0.42857142857142855,-0.9024249356327984,0.33941231565748353,0.9024249356327984,-0.33941231565748353,0.42857142857142855,0.9024249356327984
logit_dynamic_full,10,0.5,up,594,0.5068259385665529,0.6952861952861953,0.4333585922062221,0.613250899501594,0.4333585922062221,0.613250899501594,0.6952861952861953,0.4333585922062221
logit_dynamic_full,10,0.5,down,578,0.4931740614334471,0.5899653979238755,-0.06911919311667993,-0.4363449825661725,0.06911919311667993,0.4363449825661725,0.5899653979238755,0.06911919311667993
logit_dynamic_full,10,0.5,both,1172,1.0,0.643344709897611,0.18554958203844274,0.30698065941026087,0.25372516842315435,0.5250688282687488,0.643344709897611,0.25372516842315435
logit_dynamic_full,10,0.55,up,548,0.46757679180887374,0.7135036496350365,0.46733343263669247,0.6374469082748302,0.46733343263669247,0.6374469082748302,0.7135036496350365,0.46733343263669247
logit_dynamic_full,10,0.55,down,537,0.45819112627986347,0.6108007448789572,-0.12632923897108836,-0.4687758887544913,0.12632923897108836,0.4687758887544913,0.6108007448789572,0.12632923897108836
logit_dynamic_full,10,0.55,both,1085,0.9257679180887372,0.6626728110599078,0.17351144678104433,0.2909347166735188,0.29855992849067453,0.5489719289653028,0.6626728110599078,0.29855992849067453
logit_dynamic_full,10,0.6,up,499,0.4257679180887372,0.7214428857715431,0.4617027604225932,0.6295821269697299,0.4617027604225932,0.6295821269697299,0.7214428857715431,0.4617027604225932
logit_dynamic_full,10,0.6,down,490,0.4180887372013652,0.610204081632653,-0.14326375389183338,-0.4844722603292162,0.14326375389183338,0.4844722603292162,0.610204081632653,0.14326375389183338
logit_dynamic_full,10,0.6,both,989,0.8438566552901023,0.6663296258847321,0.16197213149026862,0.33940737855564507,0.30393217073596807,0.5493018615676526,0.6663296258847321,0.30393217073596807
logit_dynamic_full,10,0.65,up,453,0.386518771331058,0.7284768211920529,0.4696628623168247,0.6136430615955035,0.4696628623168247,0.6136430615955035,0.7284768211920529,0.4696628623168247
logit_dynamic_full,10,0.65,down,429,0.3660409556313993,0.6177156177156177,-0.1602422534461606,-0.5251812279216672,0.1602422534461606,0.5251812279216672,0.6177156177156177,0.1602422534461606
logit_dynamic_full,10,0.65,both,882,0.7525597269624573,0.6746031746031746,0.16328044206476044,0.3394098471065643,0.31916236208381465,0.5493338115769575,0.6746031746031746,0.31916236208381465
logit_dynamic_full,10,0.7,up,385,0.32849829351535836,0.7584415584415585,0.5275778653730812,0.6460642171690623,0.5275778653730812,0.6460642171690623,0.7584415584415585,0.5275778653730812
logit_dynamic_full,10,0.7,down,365,0.31143344709897613,0.6438356164383562,-0.2278537012212052,-0.5493018615676526,0.2278537012212052,0.5493018615676526,0.6438356164383562,0.2278537012212052
logit_dynamic_full,10,0.7,both,750,0.6399317406143344,0.7026666666666667,0.15993450296386177,0.2989576880418898,0.38171210548583484,0.5654587122239096,0.7026666666666667,0.38171210548583484
logit_dynamic_full,10,0.75,up,298,0.25426621160409557,0.7751677852348994,0.569072476112918,0.7432523592210138,0.569072476112918,0.7432523592210138,0.7751677852348994,0.569072476112918
logit_dynamic_full,10,0.75,down,289,0.24658703071672355,0.6643598615916955,-0.2512098206459379,-0.5649776793459349,0.2512098206459379,0.5649776793459349,0.6643598615916955,0.2512098206459379
logit_dynamic_full,10,0.75,both,587,0.5008532423208191,0.7206132879045997,0.16521969287048305,0.33941231565748353,0.4125779149034507,0.6453116895799305,0.7206132879045997,0.4125779149034507
logit_dynamic_full,10,0.8,up,204,0.17406143344709898,0.8088235294117647,0.7449555546381069,0.774324059458209,0.7449555546381069,0.774324059458209,0.8088235294117647,0.7449555546381069
logit_dynamic_full,10,0.8,down,204,0.17406143344709898,0.7009803921568627,-0.3803213168146142,-0.5815784639667809,0.3803213168146142,0.5815784639667809,0.7009803921568627,0.3803213168146142
logit_dynamic_full,10,0.8,both,408,0.34812286689419797,0.7549019607843137,0.18231711891174635,0.35545358705091346,0.5626384357263606,0.7344223929006688,0.7549019607843137,0.5626384357263606
logit_dynamic_full,10,0.85,up,99,0.08447098976109214,0.8686868686868687,1.1131015479621762,0.8711229985336466,1.1131015479621762,0.8711229985336466,0.8686868686868687,1.1131015479621762
logit_dynamic_full,10,0.85,down,112,0.09556313993174062,0.7053571428571429,-0.34679111423844117,-0.5654587122239096,0.34679111423844117,0.5654587122239096,0.7053571428571429,0.34679111423844117
logit_dynamic_full,10,0.85,both,211,0.18003412969283278,0.7819905213270142,0.338182220159005,0.4040231004243111,0.7063396115780135,0.7904558106952564,0.7819905213270142,0.7063396115780135
logit_dynamic_full,10,0.9,up,22,0.01877133105802048,0.9545454545454546,1.3575176873022807,0.9130312307448207,1.3575176873022807,0.9130312307448207,0.9545454545454546,1.3575176873022807
logit_dynamic_full,10,0.9,down,25,0.021331058020477817,0.68,-0.8404783692135266,-0.8728958562509437,0.8404783692135266,0.8728958562509437,0.68,0.8404783692135266
logit_dynamic_full,10,0.9,both,47,0.04010238907849829,0.8085106382978723,0.18837084873004298,0.5166744571472037,1.0824967734252837,0.8728958562509437,0.8085106382978723,1.0824967734252837
logit_dynamic_full,10,0.95,up,1,0.0008532423208191126,1.0,0.8570913392524915,0.8570913392524915,0.8570913392524915,0.8570913392524915,1.0,0.8570913392524915
logit_dynamic_full,10,0.95,down,6,0.005119453924914676,0.6666666666666666,-1.6224142469604501,-1.8690305008689512,1.6224142469604501,1.8690305008689512,0.6666666666666666,1.6224142469604501
logit_dynamic_full,10,0.95,both,7,0.005972696245733789,0.7142857142857143,-1.268199163215744,-1.0417053605027426,1.5130824030021703,1.0417053605027426,0.7142857142857143,1.5130824030021703
logit_signal_static,20,0.5,up,757,0.5073726541554959,0.6406869220607662,0.3932147836171886,0.5166744571472037,0.3932147836171886,0.5166744571472037,0.6406869220607662,0.3932147836171886
logit_signal_static,20,0.5,down,735,0.492627345844504,0.49795918367346936,0.17910226561029471,0.01615648525410407,-0.17910226561029471,-0.01615648525410407,0.49795918367346936,-0.17910226561029471
logit_signal_static,20,0.5,both,1492,1.0,0.5703753351206434,0.2877371021593688,0.3876548095438359,0.11127575467469514,0.3876548095438359,0.5703753351206434,0.11127575467469514
logit_signal_static,20,0.55,up,664,0.4450402144772118,0.661144578313253,0.45439019518659146,0.5810626829449994,0.45439019518659146,0.5810626829449994,0.661144578313253,0.45439019518659146
logit_signal_static,20,0.55,down,634,0.4249329758713137,0.5063091482649842,0.10827681827832156,-0.06460819571119103,-0.10827681827832156,0.06460819571119103,0.5063091482649842,-0.10827681827832156
logit_signal_static,20,0.55,both,1298,0.8699731903485255,0.5855161787365177,0.2853332761112115,0.3876548095438359,0.17955900370989278,0.43646697763577436,0.5855161787365177,0.17955900370989278
logit_signal_static,20,0.6,up,555,0.3719839142091153,0.6630630630630631,0.45885735429173485,0.5810626829449994,0.45885735429173485,0.5810626829449994,0.6630630630630631,0.45885735429173485
logit_signal_static,20,0.6,down,537,0.3599195710455764,0.5102420856610801,0.08303349004538606,-0.06460819571119103,-0.08303349004538606,0.06460819571119103,0.5102420856610801,-0.08303349004538606
logit_signal_static,20,0.6,both,1092,0.7319034852546917,0.5879120879120879,0.2740428715991622,0.3876548095438359,0.1923780654556232,0.4522449520183436,0.5879120879120879,0.1923780654556232
logit_signal_static,20,0.65,up,421,0.282171581769437,0.672209026128266,0.5472660941199268,0.7106385006183658,0.5472660941199268,0.7106385006183658,0.672209026128266,0.5472660941199268
logit_signal_static,20,0.65,down,405,0.2714477211796247,0.5604938271604938,-0.12648078839369203,-0.5331175015210743,0.12648078839369203,0.5331175015210743,0.5604938271604938,0.12648078839369203
logit_signal_static,20,0.65,both,826,0.5536193029490617,0.6174334140435835,0.2169180463983583,0.3391656363826989,0.34094884373357687,0.5654587122239096,0.6174334140435835,0.34094884373357687
logit_signal_static,20,0.7,up,256,0.17158176943699732,0.70703125,0.7625878134470037,0.7269142085730707,0.7625878134470037,0.7269142085730707,0.70703125,0.7625878134470037
logit_signal_static,20,0.7,down,245,0.16420911528150134,0.6285714285714286,-0.48205839565284664,-0.6138889135698378,0.48205839565284664,0.6138889135698378,0.6285714285714286,0.48205839565284664
logit_signal_static,20,0.7,both,501,0.33579088471849866,0.6686626746506986,0.15392848963569958,0.17764527951991127,0.6254027688171265,0.7106385006183658,0.6686626746506986,0.6254027688171265
logit_signal_static,20,0.75,up,113,0.07573726541554959,0.6460176991150443,0.6980963794732705,0.9210922861746518,0.6980963794732705,0.9210922861746518,0.6460176991150443,0.6980963794732705
logit_signal_static,20,0.75,down,112,0.07506702412868632,0.6696428571428571,-0.5235683161175112,-0.8728958562509437,0.5235683161175112,0.8728958562509437,0.6696428571428571,0.5235683161175112
logit_signal_static,20,0.75,both,225,0.15080428954423591,0.6577777777777778,0.08997884211252581,-0.1454532525368979,0.6112201879361814,0.8728958562509437,0.6577777777777778,0.6112201879361814
logit_signal_static,20,0.8,up,1,0.0006702412868632708,1.0,3.59678503996097,3.59678503996097,3.59678503996097,3.59678503996097,1.0,3.59678503996097
logit_signal_static,20,0.8,down,0,0.0,,,,,,,
logit_signal_static,20,0.8,both,1,0.0006702412868632708,1.0,3.59678503996097,3.59678503996097,3.59678503996097,3.59678503996097,1.0,3.59678503996097
logit_signal_static,20,0.85,up,1,0.0006702412868632708,1.0,3.59678503996097,3.59678503996097,3.59678503996097,3.59678503996097,1.0,3.59678503996097
logit_signal_static,20,0.85,down,0,0.0,,,,,,,
logit_signal_static,20,0.85,both,1,0.0006702412868632708,1.0,3.59678503996097,3.59678503996097,3.59678503996097,3.59678503996097,1.0,3.59678503996097
logit_signal_static,20,0.9,up,0,0.0,,,,,,,
logit_signal_static,20,0.9,down,0,0.0,,,,,,,
logit_signal_static,20,0.9,both,0,0.0,,,,,,,
logit_signal_static,20,0.95,up,0,0.0,,,,,,,
logit_signal_static,20,0.95,down,0,0.0,,,,,,,
logit_signal_static,20,0.95,both,0,0.0,,,,,,,
logit_full_static,20,0.5,up,769,0.5164539959704499,0.64629388816645,0.4120965116397768,0.5493338115769575,0.4120965116397768,0.5493338115769575,0.64629388816645,0.4120965116397768
logit_full_static,20,0.5,down,720,0.48354600402955006,0.5069444444444444,0.15563831605141148,-0.06460819571119103,-0.15563831605141148,0.06460819571119103,0.5069444444444444,-0.15563831605141148
logit_full_static,20,0.5,both,1489,1.0,0.5789120214909335,0.28808717596239397,0.3876548095438359,0.13757060436129756,0.3876698377514032,0.5789120214909335,0.13757060436129756
logit_full_static,20,0.55,up,675,0.45332437877770315,0.6637037037037037,0.46809499501374174,0.5970009576228286,0.46809499501374174,0.5970009576228286,0.6637037037037037,0.46809499501374174
logit_full_static,20,0.55,down,617,0.4143720617864338,0.5105348460291734,0.10020480263982477,-0.06460819571119103,-0.10020480263982477,0.06460819571119103,0.5105348460291734,-0.10020480263982477
logit_full_static,20,0.55,both,1292,0.867696440564137,0.5905572755417957,0.2924074960240306,0.3876698377514032,0.19670105139744873,0.4522449520183436,0.5905572755417957,0.19670105139744873
logit_full_static,20,0.6,up,568,0.38146406984553394,0.6672535211267606,0.47336580556400826,0.5810626829449994,0.47336580556400826,0.5810626829449994,0.6672535211267606,0.47336580556400826
logit_full_static,20,0.6,down,512,0.34385493619879115,0.521484375,0.019230313942984342,-0.2747827801719005,-0.019230313942984342,0.2747827801719005,0.521484375,-0.019230313942984342
logit_full_static,20,0.6,both,1080,0.7253190060443251,0.5981481481481481,0.25807194286959684,0.3876548095438359,0.2398387563162488,0.5164123590828407,0.5981481481481481,0.2398387563162488
logit_full_static,20,0.65,up,427,0.2867696440564137,0.6697892271662763,0.5737395258491107,0.7106385006183658,0.5737395258491107,0.7106385006183658,0.6697892271662763,0.5737395258491107
logit_full_static,20,0.65,down,394,0.264607118871726,0.5355329949238579,-0.09180189115027139,-0.30710917327092524,0.09180189115027139,0.30710917327092524,0.5355329949238579,0.09180189115027139
logit_full_static,20,0.65,both,821,0.5513767629281396,0.6053593179049939,0.2543444974718189,0.3871314287007266,0.34245642222993566,0.5654587122239096,0.6053593179049939,0.34245642222993566
logit_full_static,20,0.7,up,276,0.18535930154466085,0.7282608695652174,0.850441578170902,0.8960068473995442,0.850441578170902,0.8960068473995442,0.7282608695652174,0.850441578170902
logit_full_static,20,0.7,down,251,0.16856950973807924,0.5617529880478087,-0.2129815096782616,-0.5331175015210743,0.2129815096782616,0.5331175015210743,0.5617529880478087,0.2129815096782616
logit_full_static,20,0.7,both,527,0.3539288112827401,0.6489563567362429,0.34395354202262873,0.5324482859614399,0.5468315645245022,0.6948433734166315,0.6489563567362429,0.5468315645245022
logit_full_static,20,0.75,up,105,0.07051712558764271,0.6857142857142857,1.09304749326863,1.163817872202877,1.09304749326863,1.163817872202877,0.6857142857142857,1.09304749326863
logit_full_static,20,0.75,down,117,0.07857622565480188,0.5897435897435898,-0.37997796712451903,-0.5493018615676526,0.37997796712451903,0.5493018615676526,0.5897435897435898,0.37997796712451903
logit_full_static,20,0.75,both,222,0.1490933512424446,0.6351351351351351,0.31672326414251095,0.4519100493849404,0.7172405808413285,0.8728958562509437,0.6351351351351351,0.7172405808413285
logit_full_static,20,0.8,up,22,0.014775016789791807,0.5909090909090909,0.573055007833213,1.1794546382537519,0.573055007833213,1.1794546382537519,0.5909090909090909,0.573055007833213
logit_full_static,20,0.8,down,33,0.02216252518468771,0.6060606060606061,-0.43621129497567973,-0.8728958562509437,0.43621129497567973,0.8728958562509437,0.6060606060606061,0.43621129497567973
logit_full_static,20,0.8,both,55,0.036937541974479515,0.6,-0.03250477385212265,-0.30710917327092524,0.490948780118693,0.8728958562509437,0.6,0.490948780118693
logit_full_static,20,0.85,up,2,0.001343183344526528,0.5,0.46635624015578525,0.46635624015578525,0.46635624015578525,0.46635624015578525,0.5,0.46635624015578525
logit_full_static,20,0.85,down,2,0.001343183344526528,0.0,1.1059824292403153,1.1059824292403153,-1.1059824292403153,-1.1059824292403153,0.0,-1.1059824292403153
logit_full_static,20,0.85,both,4,0.002686366689053056,0.25,0.7861693346980503,1.1059824292403153,-0.31981309454226503,-1.1059824292403153,0.25,-0.31981309454226503
logit_full_static,20,0.9,up,2,0.001343183344526528,0.5,0.46635624015578525,0.46635624015578525,0.46635624015578525,0.46635624015578525,0.5,0.46635624015578525
logit_full_static,20,0.9,down,1,0.000671591672263264,0.0,1.356141261485977,1.356141261485977,-1.356141261485977,-1.356141261485977,0.0,-1.356141261485977
logit_full_static,20,0.9,both,3,0.0020147750167897917,0.3333333333333333,0.7629512472658492,1.356141261485977,-0.14114292705813547,-1.356141261485977,0.3333333333333333,-0.14114292705813547
logit_full_static,20,0.95,up,1,0.000671591672263264,1.0,3.59678503996097,3.59678503996097,3.59678503996097,3.59678503996097,1.0,3.59678503996097
logit_full_static,20,0.95,down,0,0.0,,,,,,,
logit_full_static,20,0.95,both,1,0.000671591672263264,1.0,3.59678503996097,3.59678503996097,3.59678503996097,3.59678503996097,1.0,3.59678503996097
logit_dynamic_compact,20,0.5,up,756,0.5181631254283756,0.6481481481481481,0.40143761632447866,0.5493338115769575,0.40143761632447866,0.5493338115769575,0.6481481481481481,0.40143761632447866
logit_dynamic_compact,20,0.5,down,703,0.4818368745716244,0.5135135135135135,0.15437513480348178,-0.06462333079992888,-0.15437513480348178,0.06462333079992888,0.5135135135135135,-0.15437513480348178
logit_dynamic_compact,20,0.5,both,1459,1.0,0.5832762165867033,0.2823938024044918,0.35544497267503417,0.13362653747392608,0.4039114787601772,0.5832762165867033,0.13362653747392608
logit_dynamic_compact,20,0.55,up,671,0.4599040438656614,0.6557377049180327,0.44026898338237,0.5810626829449994,0.44026898338237,0.5810626829449994,0.6557377049180327,0.44026898338237
logit_dynamic_compact,20,0.55,down,607,0.4160383824537354,0.5321252059308073,0.07603416811702123,-0.30710917327092524,-0.07603416811702123,0.30710917327092524,0.5321252059308073,-0.07603416811702123
logit_dynamic_compact,20,0.55,both,1278,0.8759424263193969,0.5970266040688575,0.26727169631972,0.3712882006878804,0.19504518607397378,0.5245656670960219,0.5970266040688575,0.19504518607397378
logit_dynamic_compact,20,0.6,up,576,0.3947909527073338,0.6649305555555556,0.4600654298320976,0.5810626829449994,0.4600654298320976,0.5810626829449994,0.6649305555555556,0.4600654298320976
logit_dynamic_compact,20,0.6,down,518,0.3550376970527759,0.5386100386100386,0.03312084701829051,-0.42814139069646817,-0.03312084701829051,0.42814139069646817,0.5386100386100386,-0.03312084701829051
logit_dynamic_compact,20,0.6,both,1094,0.7498286497601097,0.6051188299817185,0.2579106822109349,0.3871314287007266,0.22654578503456466,0.5331175015210743,0.6051188299817185,0.22654578503456466
logit_dynamic_compact,20,0.65,up,458,0.3139136394790953,0.6724890829694323,0.5067087476629324,0.6784112577506995,0.5067087476629324,0.6784112577506995,0.6724890829694323,0.5067087476629324
logit_dynamic_compact,20,0.65,down,424,0.2906100068540096,0.5825471698113207,-0.1250309688155119,-0.5493018615676526,0.1250309688155119,0.5493018615676526,0.5825471698113207,0.1250309688155119
logit_dynamic_compact,20,0.65,both,882,0.6045236463331048,0.6292517006802721,0.20301527851683215,0.2743397891946664,0.3232264594188209,0.5654587122239096,0.6292517006802721,0.3232264594188209
logit_dynamic_compact,20,0.7,up,340,0.23303632625085674,0.6882352941176471,0.6573876074877751,0.8400218728765729,0.6573876074877751,0.8400218728765729,0.6882352941176471,0.6573876074877751
logit_dynamic_compact,20,0.7,down,283,0.19396847155586017,0.6431095406360424,-0.4547713460064187,-0.7431190807938304,0.4547713460064187,0.7431190807938304,0.6431095406360424,0.4547713460064187
logit_dynamic_compact,20,0.7,both,623,0.4270047978067169,0.6677367576243981,0.15218538623760372,0.17764527951991127,0.5653484389496951,0.7434385487425921,0.6677367576243981,0.5653484389496951
logit_dynamic_compact,20,0.75,up,179,0.12268677176148046,0.7541899441340782,0.8685874988637244,0.9047587888844077,0.8685874988637244,0.9047587888844077,0.7541899441340782,0.8685874988637244
logit_dynamic_compact,20,0.75,down,146,0.10006854009595613,0.6917808219178082,-0.6132109885845873,-1.1227931314766737,0.6132109885845873,1.1227931314766737,0.6917808219178082,0.6132109885845873
logit_dynamic_compact,20,0.75,both,325,0.2227553118574366,0.7261538461538461,0.20291802450232904,0.20996137518158875,0.7538645127075583,1.0652093741647661,0.7261538461538461,0.7538645127075583
logit_dynamic_compact,20,0.8,up,50,0.03427004797806717,0.68,1.1361793434533363,1.1632136954453642,1.1361793434533363,1.1632136954453642,0.68,1.1361793434533363
logit_dynamic_compact,20,0.8,down,38,0.02604523646333105,0.5526315789473685,-0.32396466559193654,-0.5810352281598874,0.32396466559193654,0.5810352281598874,0.5526315789473685,0.32396466559193654
logit_dynamic_compact,20,0.8,both,88,0.06031528444139822,0.625,0.5056626122746958,0.5324482859614399,0.7854502780131863,1.009873992721677,0.625,0.7854502780131863
logit_dynamic_compact,20,0.85,up,11,0.0075394105551747775,0.9090909090909091,2.401587594655212,2.254760453925808,2.401587594655212,2.254760453925808,0.9090909090909091,2.401587594655212
logit_dynamic_compact,20,0.85,down,7,0.004797806716929404,0.2857142857142857,0.39881587716601125,0.5324482859614399,-0.39881587716601125,-0.5324482859614399,0.2857142857142857,-0.39881587716601125
logit_dynamic_compact,20,0.85,both,18,0.01233721727210418,0.6666666666666666,1.6227319267427451,1.2040647285804784,1.3125418000580698,1.2040647285804784,0.6666666666666666,1.3125418000580698
logit_dynamic_compact,20,0.9,up,7,0.004797806716929404,1.0,2.0074495922780704,1.84252399928031,2.0074495922780704,1.84252399928031,1.0,2.0074495922780704
logit_dynamic_compact,20,0.9,down,0,0.0,,,,,,,
logit_dynamic_compact,20,0.9,both,7,0.004797806716929404,1.0,2.0074495922780704,1.84252399928031,2.0074495922780704,1.84252399928031,1.0,2.0074495922780704
logit_dynamic_compact,20,0.95,up,5,0.003427004797806717,1.0,2.020439790065609,1.84252399928031,2.020439790065609,1.84252399928031,1.0,2.020439790065609
logit_dynamic_compact,20,0.95,down,0,0.0,,,,,,,
logit_dynamic_compact,20,0.95,both,5,0.003427004797806717,1.0,2.020439790065609,1.84252399928031,2.020439790065609,1.84252399928031,1.0,2.020439790065609
logit_dynamic_full,20,0.5,up,782,0.5359835503769705,0.6521739130434783,0.4406735879157062,0.5810626829449994,0.4406735879157062,0.5810626829449994,0.6521739130434783,0.4406735879157062
logit_dynamic_full,20,0.5,down,677,0.46401644962302946,0.5243722304283605,0.09956545340926322,-0.29080827737226755,-0.09956545340926322,0.29080827737226755,0.5243722304283605,-0.09956545340926322
logit_dynamic_full,20,0.5,both,1459,1.0,0.592871830020562,0.2823938024044918,0.35544497267503417,0.1899937860123449,0.4522449520183436,0.592871830020562,0.1899937860123449
logit_dynamic_full,20,0.55,up,704,0.48252227553118576,0.6690340909090909,0.48426483145291854,0.6695839470394205,0.48426483145291854,0.6695839470394205,0.6690340909090909,0.48426483145291854
logit_dynamic_full,20,0.55,down,604,0.4139821795750514,0.5298013245033113,0.05803096568798541,-0.3067315566962492,-0.05803096568798541,0.3067315566962492,0.5298013245033113,-0.05803096568798541
logit_dynamic_full,20,0.55,both,1308,0.8965044551062371,0.6047400611620795,0.2874412420629953,0.3876548095438359,0.23384689454687427,0.5331175015210743,0.6047400611620795,0.23384689454687427
logit_dynamic_full,20,0.6,up,606,0.4153529814941741,0.6864686468646864,0.5340979761040957,0.6784112577506995,0.5340979761040957,0.6784112577506995,0.6864686468646864,0.5340979761040957
logit_dynamic_full,20,0.6,down,500,0.3427004797806717,0.546,-0.03448304414061627,-0.5330550751303509,0.03448304414061627,0.5330550751303509,0.546,0.03448304414061627
logit_dynamic_full,20,0.6,both,1106,0.7580534612748457,0.6229656419529838,0.27705411523397266,0.3876548095438359,0.3082322744931194,0.549317836572305,0.6229656419529838,0.3082322744931194
logit_dynamic_full,20,0.65,up,480,0.3289924605894448,0.6833333333333333,0.5316391168665214,0.7106385006183658,0.5316391168665214,0.7106385006183658,0.6833333333333333,0.5316391168665214
logit_dynamic_full,20,0.65,down,393,0.26936257710760797,0.5750636132315522,-0.15550218275365718,-0.5493018615676526,0.15550218275365718,0.5493018615676526,0.5750636132315522,0.15550218275365718
logit_dynamic_full,20,0.65,both,873,0.5983550376970528,0.6345933562428407,0.22230746652204247,0.35544497267503417,0.3623128681765379,0.6138889135698378,0.6345933562428407,0.3623128681765379
logit_dynamic_full,20,0.7,up,349,0.23920493488690883,0.6991404011461319,0.6606006125700257,0.8400218728765729,0.6606006125700257,0.8400218728765729,0.6991404011461319,0.6606006125700257
logit_dynamic_full,20,0.7,down,289,0.19808087731322824,0.6124567474048442,-0.31741201127890945,-0.7108623810825332,0.31741201127890945,0.7108623810825332,0.6124567474048442,0.31741201127890945
logit_dynamic_full,20,0.7,both,638,0.43728581220013707,0.6598746081504702,0.2175823550585174,0.3474261756153396,0.5051437069695044,0.7349448378274337,0.6598746081504702,0.5051437069695044
logit_dynamic_full,20,0.75,up,195,0.13365318711446195,0.7589743589743589,0.9329451642405725,1.114208826955565,0.9329451642405725,1.114208826955565,0.7589743589743589,0.9329451642405725
logit_dynamic_full,20,0.75,down,146,0.10006854009595613,0.6301369863013698,-0.5309091866726624,-0.8728958562509437,0.5309091866726624,0.8728958562509437,0.6301369863013698,0.5309091866726624
logit_dynamic_full,20,0.75,both,341,0.2337217272104181,0.7038123167155426,0.30619227499326374,0.5324482859614399,0.7608124583024058,0.9047587888844077,0.7038123167155426,0.7608124583024058
logit_dynamic_full,20,0.8,up,64,0.04386566141192598,0.65625,0.8892213352583791,1.1950914043046268,0.8892213352583791,1.1950914043046268,0.65625,0.8892213352583791
logit_dynamic_full,20,0.8,down,53,0.0363262508567512,0.5471698113207547,-0.3684884342391374,-0.8728958562509437,0.3684884342391374,0.8728958562509437,0.5471698113207547,0.3684884342391374
logit_dynamic_full,20,0.8,both,117,0.08019191226867718,0.6068376068376068,0.3194895593321536,0.5324482859614399,0.6533337818052184,1.1313359865861017,0.6068376068376068,0.6533337818052184
logit_dynamic_full,20,0.85,up,21,0.01439342015078821,0.6666666666666666,0.8575406415142363,1.1313359865861017,0.8575406415142363,1.1313359865861017,0.6666666666666666,0.8575406415142363
logit_dynamic_full,20,0.85,down,20,0.013708019191226868,0.3,0.2025088438403766,0.5328117489189488,-0.2025088438403766,-0.5328117489189488,0.3,-0.2025088438403766
logit_dynamic_full,20,0.85,both,41,0.02810143934201508,0.4878048780487805,0.5380129353318658,0.6295821269697299,0.34044333158515694,-0.5166744571472037,0.4878048780487805,0.34044333158515694
logit_dynamic_full,20,0.9,up,7,0.004797806716929404,0.8571428571428571,1.3258131510927664,1.2767934705748551,1.3258131510927664,1.2767934705748551,0.8571428571428571,1.3258131510927664
logit_dynamic_full,20,0.9,down,4,0.0027416038382453737,0.25,0.8036755137152962,1.2437386240360393,-0.8036755137152962,-1.2437386240360393,0.25,-0.8036755137152962
logit_dynamic_full,20,0.9,both,11,0.0075394105551747775,0.6363636363636364,1.1359449193191409,1.2767934705748551,0.5514536366171072,1.1313359865861017,0.6363636363636364,0.5514536366171072
logit_dynamic_full,20,0.95,up,6,0.00411240575736806,1.0,1.8722558228190245,1.5596587349275826,1.8722558228190245,1.5596587349275826,1.0,1.8722558228190245
logit_dynamic_full,20,0.95,down,0,0.0,,,,,,,
logit_dynamic_full,20,0.95,both,6,0.00411240575736806,1.0,1.8722558228190245,1.5596587349275826,1.8722558228190245,1.5596587349275826,1.0,1.8722558228190245
logit_signal_static,50,0.5,up,821,0.5293359123146357,0.5980511571254568,0.5352038414483669,0.7597144443538539,0.5352038414483669,0.7597144443538539,0.5980511571254568,0.5352038414483669
logit_signal_static,50,0.5,down,730,0.4706640876853643,0.4246575342465753,0.622038990176198,0.5654605393368151,-0.622038990176198,-0.5654605393368151,0.4246575342465753,-0.622038990176198
logit_signal_static,50,0.5,both,1551,1.0,0.5164410058027079,0.5760740275033744,0.694499964062345,-0.009468800128636611,0.03231364920419644,0.5164410058027079,-0.009468800128636611
logit_signal_static,50,0.55,up,590,0.3803997421018698,0.5949152542372881,0.49090428168126976,0.6864347917201474,0.49090428168126976,0.6864347917201474,0.5949152542372881,0.49090428168126976
logit_signal_static,50,0.55,down,498,0.32108317214700194,0.44779116465863456,0.48481033564573517,0.5412072871147089,-0.48481033564573517,-0.5412072871147089,0.44779116465863456,-0.48481033564573517
logit_signal_static,50,0.55,both,1088,0.7014829142488717,0.5275735294117647,0.4881149571172107,0.605569655305338,0.0442996130885782,0.08078294833513411,0.5275735294117647,0.0442996130885782
logit_signal_static,50,0.6,up,289,0.18633139909735655,0.5847750865051903,0.5389564308024734,0.24235471844491485,0.5389564308024734,0.24235471844491485,0.5847750865051903,0.5389564308024734
logit_signal_static,50,0.6,down,205,0.13217279174725982,0.6097560975609756,-0.21669485494845178,-0.5816137357772533,0.21669485494845178,0.5816137357772533,0.6097560975609756,0.21669485494845178
logit_signal_static,50,0.6,both,494,0.3185041908446164,0.5951417004048583,0.22537644380057126,0.02422337601948321,0.4052244003367356,0.533225323021691,0.5951417004048583,0.4052244003367356
logit_signal_static,50,0.65,up,9,0.005802707930367505,0.8888888888888888,3.4210605151008266,3.1760604243480373,3.4210605151008266,3.1760604243480373,0.8888888888888888,3.4210605151008266
logit_signal_static,50,0.65,down,3,0.0019342359767891683,0.3333333333333333,2.434872146477677,0.7348464170986446,-2.434872146477677,-0.7348464170986446,0.3333333333333333,-2.434872146477677
logit_signal_static,50,0.65,both,12,0.007736943907156673,0.75,3.1745134229450396,2.6534768885866367,1.9570773497062008,2.5238345477968105,0.75,1.9570773497062008
logit_signal_static,50,0.7,up,6,0.0038684719535783366,0.8333333333333334,1.820560160560684,1.6671275061341806,1.820560160560684,1.6671275061341806,0.8333333333333334,1.820560160560684
logit_signal_static,50,0.7,down,3,0.0019342359767891683,0.3333333333333333,2.434872146477677,0.7348464170986446,-2.434872146477677,-0.7348464170986446,0.3333333333333333,-2.434872146477677
logit_signal_static,50,0.7,both,9,0.005802707930367505,0.6666666666666666,2.0253308225330153,1.2033616594431251,0.40208272488123026,1.2033616594431251,0.6666666666666666,0.40208272488123026
logit_signal_static,50,0.75,up,6,0.0038684719535783366,0.8333333333333334,1.820560160560684,1.6671275061341806,1.820560160560684,1.6671275061341806,0.8333333333333334,1.820560160560684
logit_signal_static,50,0.75,down,3,0.0019342359767891683,0.3333333333333333,2.434872146477677,0.7348464170986446,-2.434872146477677,-0.7348464170986446,0.3333333333333333,-2.434872146477677
logit_signal_static,50,0.75,both,9,0.005802707930367505,0.6666666666666666,2.0253308225330153,1.2033616594431251,0.40208272488123026,1.2033616594431251,0.6666666666666666,0.40208272488123026
logit_signal_static,50,0.8,up,6,0.0038684719535783366,0.8333333333333334,1.820560160560684,1.6671275061341806,1.820560160560684,1.6671275061341806,0.8333333333333334,1.820560160560684
logit_signal_static,50,0.8,down,2,0.0012894906511927789,0.5,-1.0909646628348701,-1.0909646628348701,1.0909646628348701,1.0909646628348701,0.5,1.0909646628348701
logit_signal_static,50,0.8,both,8,0.0051579626047711154,0.75,1.0926789547117954,0.9691040382708849,1.6381612861292305,1.6671275061341806,0.75,1.6381612861292305
logit_signal_static,50,0.85,up,5,0.003223726627981947,0.8,2.053933405541386,2.130893352825236,2.053933405541386,2.130893352825236,0.8,2.053933405541386
logit_signal_static,50,0.85,down,0,0.0,,,,,,,
logit_signal_static,50,0.85,both,5,0.003223726627981947,0.8,2.053933405541386,2.130893352825236,2.053933405541386,2.130893352825236,0.8,2.053933405541386
logit_signal_static,50,0.9,up,2,0.0012894906511927789,0.5,1.8796757955452659,1.8796757955452659,1.8796757955452659,1.8796757955452659,0.5,1.8796757955452659
logit_signal_static,50,0.9,down,0,0.0,,,,,,,
logit_signal_static,50,0.9,both,2,0.0012894906511927789,0.5,1.8796757955452659,1.8796757955452659,1.8796757955452659,1.8796757955452659,0.5,1.8796757955452659
logit_signal_static,50,0.95,up,1,0.0006447453255963894,1.0,4.518208623232045,4.518208623232045,4.518208623232045,4.518208623232045,1.0,4.518208623232045
logit_signal_static,50,0.95,down,0,0.0,,,,,,,
logit_signal_static,50,0.95,both,1,0.0006447453255963894,1.0,4.518208623232045,4.518208623232045,4.518208623232045,4.518208623232045,1.0,4.518208623232045
logit_full_static,50,0.5,up,978,0.6317829457364341,0.5879345603271984,0.48669606748646027,0.6453116895799305,0.48669606748646027,0.6453116895799305,0.5879345603271984,0.48669606748646027
logit_full_static,50,0.5,down,570,0.3682170542635659,0.41403508771929826,0.7146146122752025,0.7597144443538539,-0.7146146122752025,-0.7597144443538539,0.41403508771929826,-0.7146146122752025
logit_full_static,50,0.5,both,1548,1.0,0.5239018087855297,0.5706195626606096,0.6864347917201474,0.04435298772925887,0.1129222586704337,0.5239018087855297,0.04435298772925887
logit_full_static,50,0.55,up,694,0.4483204134366925,0.6167146974063401,0.6488940598053218,0.7905182976752911,0.6488940598053218,0.7905182976752911,0.6167146974063401,0.6488940598053218
logit_full_static,50,0.55,down,361,0.23320413436692505,0.46537396121883656,0.46658857739428394,0.5491058054207798,-0.46658857739428394,-0.5491058054207798,0.46537396121883656,-0.46658857739428394
logit_full_static,50,0.55,both,1055,0.6815245478036176,0.5649289099526066,0.5865127525537723,0.7597144443538539,0.2671981052754093,0.33109561152988576,0.5649289099526066,0.2671981052754093
logit_full_static,50,0.6,up,304,0.19638242894056848,0.6381578947368421,0.6850712970845505,0.7511336625076748,0.6850712970845505,0.7511336625076748,0.6381578947368421,0.6850712970845505
logit_full_static,50,0.6,down,169,0.10917312661498708,0.48520710059171596,0.32328285989552163,0.4357175420688364,-0.32328285989552163,-0.4357175420688364,0.48520710059171596,-0.32328285989552163
logit_full_static,50,0.6,both,473,0.3055555555555556,0.5835095137420718,0.5558065066301195,0.6622158225977337,0.32479253909378475,0.29069368395195916,0.5835095137420718,0.32479253909378475
logit_full_static,50,0.65,up,52,0.03359173126614987,0.8653846153846154,2.1587904993724454,1.7921219288719037,2.1587904993724454,1.7921219288719037,0.8653846153846154,2.1587904993724454
logit_full_static,50,0.65,down,58,0.037467700258397935,0.5172413793103449,0.061598956656449336,-0.05654640635177621,-0.061598956656449336,0.05654640635177621,0.5172413793103449,-0.061598956656449336
logit_full_static,50,0.65,both,110,0.0710594315245478,0.6818181818181818,1.0529985950312837,1.4943983819037943,0.9880396952844827,1.053439825977609,0.6818181818181818,0.9880396952844827
logit_full_static,50,0.7,up,33,0.02131782945736434,0.9393939393939394,2.4854388243237637,2.437931632970347,2.4854388243237637,2.437931632970347,0.9393939393939394,2.4854388243237637
logit_full_static,50,0.7,down,10,0.006459948320413436,0.6,-0.6544744462354535,-1.2202065649452587,0.6544744462354535,1.2202065649452587,0.6,0.6544744462354535
logit_full_static,50,0.7,both,43,0.027777777777777776,0.8604651162790697,1.75522643582162,2.0342118922300756,2.0596331550009004,2.437931632970347,0.8604651162790697,2.0596331550009004
logit_full_static,50,0.75,up,17,0.010981912144702842,0.9411764705882353,3.1972978567034964,3.6972605559615346,3.1972978567034964,3.6972605559615346,0.9411764705882353,3.1972978567034964
logit_full_static,50,0.75,down,1,0.0006459948320413437,0.0,2.0342118922300756,2.0342118922300756,-2.0342118922300756,-2.0342118922300756,0.0,-2.0342118922300756
logit_full_static,50,0.75,both,18,0.011627906976744186,0.8888888888888888,3.1326819697883064,3.6165343429495067,2.906658426207187,3.6165343429495067,0.8888888888888888,2.906658426207187
logit_full_static,50,0.8,up,17,0.010981912144702842,0.9411764705882353,3.1972978567034964,3.6972605559615346,3.1972978567034964,3.6972605559615346,0.9411764705882353,3.1972978567034964
logit_full_static,50,0.8,down,1,0.0006459948320413437,0.0,2.0342118922300756,2.0342118922300756,-2.0342118922300756,-2.0342118922300756,0.0,-2.0342118922300756
logit_full_static,50,0.8,both,18,0.011627906976744186,0.8888888888888888,3.1326819697883064,3.6165343429495067,2.906658426207187,3.6165343429495067,0.8888888888888888,2.906658426207187
logit_full_static,50,0.85,up,7,0.004521963824289405,0.8571428571428571,2.065595584757369,2.130893352825236,2.065595584757369,2.130893352825236,0.8571428571428571,2.065595584757369
logit_full_static,50,0.85,down,0,0.0,,,,,,,
logit_full_static,50,0.85,both,7,0.004521963824289405,0.8571428571428571,2.065595584757369,2.130893352825236,2.065595584757369,2.130893352825236,0.8571428571428571,2.065595584757369
logit_full_static,50,0.9,up,5,0.003229974160206718,0.8,2.053933405541386,2.130893352825236,2.053933405541386,2.130893352825236,0.8,2.053933405541386
logit_full_static,50,0.9,down,0,0.0,,,,,,,
logit_full_static,50,0.9,both,5,0.003229974160206718,0.8,2.053933405541386,2.130893352825236,2.053933405541386,2.130893352825236,0.8,2.053933405541386
logit_full_static,50,0.95,up,3,0.001937984496124031,0.6666666666666666,2.3118040051461897,3.1760604243480373,2.3118040051461897,3.1760604243480373,0.6666666666666666,2.3118040051461897
logit_full_static,50,0.95,down,0,0.0,,,,,,,
logit_full_static,50,0.95,both,3,0.001937984496124031,0.6666666666666666,2.3118040051461897,3.1760604243480373,2.3118040051461897,3.1760604243480373,0.6666666666666666,2.3118040051461897
logit_dynamic_compact,50,0.5,up,881,0.580368906455863,0.6174801362088536,0.64269729698469,0.7905182976752911,0.64269729698469,0.7905182976752911,0.6174801362088536,0.64269729698469
logit_dynamic_compact,50,0.5,down,637,0.419631093544137,0.45839874411302983,0.31830163304447334,0.4846788961931914,-0.31830163304447334,-0.4846788961931914,0.45839874411302983,-0.31830163304447334
logit_dynamic_compact,50,0.5,both,1518,1.0,0.5507246376811594,0.5065707897844808,0.6623051570298077,0.23943226508180668,0.2422674293245386,0.5507246376811594,0.23943226508180668
logit_dynamic_compact,50,0.55,up,638,0.42028985507246375,0.6269592476489029,0.6347068868090575,0.8562937184386499,0.6347068868090575,0.8562937184386499,0.6269592476489029,0.6347068868090575
logit_dynamic_compact,50,0.55,down,450,0.2964426877470356,0.48,0.2283434792044897,0.322996111934426,-0.2283434792044897,-0.322996111934426,0.48,-0.2283434792044897
logit_dynamic_compact,50,0.55,both,1088,0.7167325428194994,0.5661764705882353,0.4666337862373153,0.6619240832073103,0.2777467170424249,0.35532154580963926,0.5661764705882353,0.2777467170424249
logit_dynamic_compact,50,0.6,up,358,0.23583662714097497,0.6061452513966481,0.6269491623649884,0.7597144443538539,0.6269491623649884,0.7597144443538539,0.6061452513966481,0.6269491623649884
logit_dynamic_compact,50,0.6,down,223,0.1469038208168643,0.600896860986547,-0.39397318882398874,-0.549302749017766,0.39397318882398874,0.549302749017766,0.600896860986547,0.39397318882398874
logit_dynamic_compact,50,0.6,both,581,0.38274044795783924,0.6041308089500861,0.23509772636646534,0.096791444281763,0.5375280916254997,0.7108623810825332,0.6041308089500861,0.5375280916254997
logit_dynamic_compact,50,0.65,up,107,0.07048748353096179,0.7570093457943925,1.9517692929683563,1.5657952827607957,1.9517692929683563,1.5657952827607957,0.7570093457943925,1.9517692929683563
logit_dynamic_compact,50,0.65,down,41,0.027009222661396576,0.5365853658536586,-0.11485079240912716,-0.12931790463022175,0.11485079240912716,0.12931790463022175,0.5365853658536586,0.11485079240912716
logit_dynamic_compact,50,0.65,both,148,0.09749670619235837,0.6959459459459459,1.3792596747218915,1.1795125012925567,1.4428932218674888,1.4682120001319188,0.6959459459459459,1.4428932218674888
logit_dynamic_compact,50,0.7,up,44,0.028985507246376812,0.7045454545454546,1.9086063266933835,1.8411522250505463,1.9086063266933835,1.8411522250505463,0.7045454545454546,1.9086063266933835
logit_dynamic_compact,50,0.7,down,3,0.001976284584980237,0.3333333333333333,-0.7165489035813414,0.03228261492571605,0.7165489035813414,-0.03228261492571605,0.3333333333333333,0.7165489035813414
logit_dynamic_compact,50,0.7,both,47,0.030961791831357048,0.6808510638297872,1.7410432268886138,1.2033616594431251,1.8325175550053812,1.5514110972758566,0.6808510638297872,1.8325175550053812
logit_dynamic_compact,50,0.75,up,35,0.0230566534914361,0.6571428571428571,1.545604921944031,1.2033616594431251,1.545604921944031,1.2033616594431251,0.6571428571428571,1.545604921944031
logit_dynamic_compact,50,0.75,down,2,0.0013175230566534915,0.5,-1.0909646628348701,-1.0909646628348701,1.0909646628348701,1.0909646628348701,0.5,1.0909646628348701
logit_dynamic_compact,50,0.75,both,37,0.024374176548089592,0.6486486486486487,1.4030876470911173,1.1467676899012957,1.5210297728029953,1.2033616594431251,0.6486486486486487,1.5210297728029953
logit_dynamic_compact,50,0.8,up,28,0.01844532279314888,0.6071428571428571,1.0235374021417118,1.1750646746722104,1.0235374021417118,1.1750646746722104,0.6071428571428571,1.0235374021417118
logit_dynamic_compact,50,0.8,down,0,0.0,,,,,,,
logit_dynamic_compact,50,0.8,both,28,0.01844532279314888,0.6071428571428571,1.0235374021417118,1.1750646746722104,1.0235374021417118,1.1750646746722104,0.6071428571428571,1.0235374021417118
logit_dynamic_compact,50,0.85,up,24,0.015810276679841896,0.5833333333333334,0.9983408858615004,1.6671275061341806,0.9983408858615004,1.6671275061341806,0.5833333333333334,0.9983408858615004
logit_dynamic_compact,50,0.85,down,0,0.0,,,,,,,
logit_dynamic_compact,50,0.85,both,24,0.015810276679841896,0.5833333333333334,0.9983408858615004,1.6671275061341806,0.9983408858615004,1.6671275061341806,0.5833333333333334,0.9983408858615004
logit_dynamic_compact,50,0.9,up,18,0.011857707509881422,0.7777777777777778,1.5580234837379396,2.4242913998273607,1.5580234837379396,2.4242913998273607,0.7777777777777778,1.5580234837379396
logit_dynamic_compact,50,0.9,down,0,0.0,,,,,,,
logit_dynamic_compact,50,0.9,both,18,0.011857707509881422,0.7777777777777778,1.5580234837379396,2.4242913998273607,1.5580234837379396,2.4242913998273607,0.7777777777777778,1.5580234837379396
logit_dynamic_compact,50,0.95,up,15,0.009881422924901186,0.9333333333333333,2.2054318773934156,2.4242913998273607,2.2054318773934156,2.4242913998273607,0.9333333333333333,2.2054318773934156
logit_dynamic_compact,50,0.95,down,0,0.0,,,,,,,
logit_dynamic_compact,50,0.95,both,15,0.009881422924901186,0.9333333333333333,2.2054318773934156,2.4242913998273607,2.2054318773934156,2.4242913998273607,0.9333333333333333,2.2054318773934156
logit_dynamic_full,50,0.5,up,971,0.6396574440052701,0.6035015447991761,0.5975686034273229,0.7597144443538539,0.5975686034273229,0.7597144443538539,0.6035015447991761,0.5975686034273229
logit_dynamic_full,50,0.5,down,547,0.3603425559947299,0.4460694698354662,0.3450371937201297,0.5491058054207798,-0.3450371937201297,-0.5491058054207798,0.4460694698354662,-0.3450371937201297
logit_dynamic_full,50,0.5,both,1518,1.0,0.546772068511199,0.5065707897844808,0.6623051570298077,0.25790762118775995,0.24231107388472672,0.546772068511199,0.25790762118775995
logit_dynamic_full,50,0.55,up,723,0.4762845849802372,0.6182572614107884,0.7195720767580395,0.8400218728765729,0.7195720767580395,0.8400218728765729,0.6182572614107884,0.7195720767580395
logit_dynamic_full,50,0.55,down,361,0.2378129117259552,0.4903047091412742,0.15756027542116527,0.19362568121961132,-0.15756027542116527,-0.19362568121961132,0.4903047091412742,-0.15756027542116527
logit_dynamic_full,50,0.55,both,1084,0.7140974967061924,0.5756457564575646,0.5324076300028627,0.6623051570298077,0.42746434692714197,0.4846812453396243,0.5756457564575646,0.42746434692714197
logit_dynamic_full,50,0.6,up,409,0.269433465085639,0.6381418092909535,0.8200413090503385,0.7905182976752911,0.8200413090503385,0.7905182976752911,0.6381418092909535,0.8200413090503385
logit_dynamic_full,50,0.6,down,182,0.11989459815546773,0.4835164835164835,0.024543610472071025,0.25831089657701867,-0.024543610472071025,-0.25831089657701867,0.4835164835164835,-0.024543610472071025
logit_dynamic_full,50,0.6,both,591,0.3893280632411067,0.5905245346869712,0.5750657064424795,0.6536939356571736,0.5599491680129806,0.5166744571472037,0.5905245346869712,0.5599491680129806
logit_dynamic_full,50,0.65,up,153,0.1007905138339921,0.8104575163398693,1.8338259872230873,1.7275409584627255,1.8338259872230873,1.7275409584627255,0.8104575163398693,1.8338259872230873
logit_dynamic_full,50,0.65,down,73,0.04808959156785244,0.4931506849315068,-0.14672160274658277,0.03228261492571605,0.14672160274658277,-0.03228261492571605,0.4931506849315068,0.14672160274658277
logit_dynamic_full,50,0.65,both,226,0.14888010540184454,0.7079646017699115,1.1940915886930612,1.5089156527381409,1.2888763409098802,1.51661459354413,0.7079646017699115,1.2888763409098802
logit_dynamic_full,50,0.7,up,66,0.043478260869565216,0.8181818181818182,1.7595137612356742,1.7921219288719037,1.7595137612356742,1.7921219288719037,0.8181818181818182,1.7595137612356742
logit_dynamic_full,50,0.7,down,24,0.015810276679841896,0.5,-0.25419100134307,-0.17771239922192983,0.25419100134307,0.17771239922192983,0.5,0.25419100134307
logit_dynamic_full,50,0.7,both,90,0.05928853754940711,0.7333333333333333,1.222525824548009,1.7598314436673146,1.3580943585976464,1.7921219288719037,0.7333333333333333,1.3580943585976464
logit_dynamic_full,50,0.75,up,48,0.03162055335968379,0.8333333333333334,1.9257062582960411,2.4242913998273607,1.9257062582960411,2.4242913998273607,0.8333333333333334,1.9257062582960411
logit_dynamic_full,50,0.75,down,0,0.0,,,,,,,
logit_dynamic_full,50,0.75,both,48,0.03162055335968379,0.8333333333333334,1.9257062582960411,2.4242913998273607,1.9257062582960411,2.4242913998273607,0.8333333333333334,1.9257062582960411
logit_dynamic_full,50,0.8,up,32,0.021080368906455864,0.9375,2.6659747653200867,2.431111516398854,2.6659747653200867,2.431111516398854,0.9375,2.6659747653200867
logit_dynamic_full,50,0.8,down,0,0.0,,,,,,,
logit_dynamic_full,50,0.8,both,32,0.021080368906455864,0.9375,2.6659747653200867,2.431111516398854,2.6659747653200867,2.431111516398854,0.9375,2.6659747653200867
logit_dynamic_full,50,0.85,up,24,0.015810276679841896,0.9583333333333334,2.954659539055049,3.1497970644278617,2.954659539055049,3.1497970644278617,0.9583333333333334,2.954659539055049
logit_dynamic_full,50,0.85,down,0,0.0,,,,,,,
logit_dynamic_full,50,0.85,both,24,0.015810276679841896,0.9583333333333334,2.954659539055049,3.1497970644278617,2.954659539055049,3.1497970644278617,0.9583333333333334,2.954659539055049
logit_dynamic_full,50,0.9,up,14,0.00922266139657444,0.9285714285714286,2.21549531904738,2.4242913998273607,2.21549531904738,2.4242913998273607,0.9285714285714286,2.21549531904738
logit_dynamic_full,50,0.9,down,0,0.0,,,,,,,
logit_dynamic_full,50,0.9,both,14,0.00922266139657444,0.9285714285714286,2.21549531904738,2.4242913998273607,2.21549531904738,2.4242913998273607,0.9285714285714286,2.21549531904738
logit_dynamic_full,50,0.95,up,8,0.005270092226613966,0.875,2.3305743236431975,2.4242913998273607,2.3305743236431975,2.4242913998273607,0.875,2.3305743236431975
logit_dynamic_full,50,0.95,down,0,0.0,,,,,,,
logit_dynamic_full,50,0.95,both,8,0.005270092226613966,0.875,2.3305743236431975,2.4242913998273607,2.3305743236431975,2.4242913998273607,0.875,2.3305743236431975
logit_signal_static,100,0.5,up,749,0.531582682753726,0.6622162883845126,0.9473496807980203,1.5102970762415069,0.9473496807980203,1.5102970762415069,0.6622162883845126,0.9473496807980203
logit_signal_static,100,0.5,down,660,0.46841731724627395,0.3575757575757576,1.1676526196508215,2.1074298930645607,-1.1676526196508215,-2.1074298930645607,0.3575757575757576,-1.1676526196508215
logit_signal_static,100,0.5,both,1409,1.0,0.5195173882185947,1.0505433923969192,1.6793872174414304,-0.04335402274792393,0.2583922992638321,0.5195173882185947,-0.04335402274792393
logit_signal_static,100,0.55,up,600,0.42583392476933996,0.6316666666666667,0.6638766702187864,1.0338819697031099,0.6638766702187864,1.0338819697031099,0.6316666666666667,0.6638766702187864
logit_signal_static,100,0.55,down,494,0.35060326472675657,0.3522267206477733,1.255559845728999,2.4208053696694876,-1.255559845728999,-2.4208053696694876,0.3522267206477733,-1.255559845728999
logit_signal_static,100,0.55,both,1094,0.7764371894960965,0.5054844606946983,0.9310535337489921,1.646764737055495,-0.20285243296056102,0.0807614186548733,0.5054844606946983,-0.20285243296056102
logit_signal_static,100,0.6,up,399,0.2831795599716111,0.631578947368421,0.55852945662151,1.1459033551552977,0.55852945662151,1.1459033551552977,0.631578947368421,0.55852945662151
logit_signal_static,100,0.6,down,272,0.1930447125621008,0.39338235294117646,0.86698658030629,2.019250728748645,-0.86698658030629,-2.019250728748645,0.39338235294117646,-0.86698658030629
logit_signal_static,100,0.6,both,671,0.47622427253371186,0.5350223546944859,0.6835672176382913,1.548887987163905,-0.019325032267255498,0.42008151196926136,0.5350223546944859,-0.019325032267255498
logit_signal_static,100,0.65,up,148,0.1050390347764372,0.7094594594594594,1.3501586188781296,1.548887987163905,1.3501586188781296,1.548887987163905,0.7094594594594594,1.3501586188781296
logit_signal_static,100,0.65,down,74,0.0525195173882186,0.4864864864864865,0.22834158179048045,1.4359968924382294,-0.22834158179048045,-1.4359968924382294,0.4864864864864865,-0.22834158179048045
logit_signal_static,100,0.65,both,222,0.15755855216465578,0.6351351351351351,0.9762196065155798,1.5327512903540175,0.8239918853219261,1.4975695893082452,0.6351351351351351,0.8239918853219261
logit_signal_static,100,0.7,up,1,0.0007097232079489,1.0,1.7054418953521555,1.7054418953521555,1.7054418953521555,1.7054418953521555,1.0,1.7054418953521555
logit_signal_static,100,0.7,down,0,0.0,,,,,,,
logit_signal_static,100,0.7,both,1,0.0007097232079489,1.0,1.7054418953521555,1.7054418953521555,1.7054418953521555,1.7054418953521555,1.0,1.7054418953521555
logit_signal_static,100,0.75,up,1,0.0007097232079489,1.0,1.7054418953521555,1.7054418953521555,1.7054418953521555,1.7054418953521555,1.0,1.7054418953521555
logit_signal_static,100,0.75,down,0,0.0,,,,,,,
logit_signal_static,100,0.75,both,1,0.0007097232079489,1.0,1.7054418953521555,1.7054418953521555,1.7054418953521555,1.7054418953521555,1.0,1.7054418953521555
logit_signal_static,100,0.8,up,0,0.0,,,,,,,
logit_signal_static,100,0.8,down,0,0.0,,,,,,,
logit_signal_static,100,0.8,both,0,0.0,,,,,,,
logit_signal_static,100,0.85,up,0,0.0,,,,,,,
logit_signal_static,100,0.85,down,0,0.0,,,,,,,
logit_signal_static,100,0.85,both,0,0.0,,,,,,,
logit_signal_static,100,0.9,up,0,0.0,,,,,,,
logit_signal_static,100,0.9,down,0,0.0,,,,,,,
logit_signal_static,100,0.9,both,0,0.0,,,,,,,
logit_signal_static,100,0.95,up,0,0.0,,,,,,,
logit_signal_static,100,0.95,down,0,0.0,,,,,,,
logit_signal_static,100,0.95,both,0,0.0,,,,,,,
logit_full_static,100,0.5,up,784,0.5576102418207681,0.6556122448979592,0.8990977262950302,1.629553978168552,0.8990977262950302,1.629553978168552,0.6556122448979592,0.8990977262950302
logit_full_static,100,0.5,down,622,0.4423897581792319,0.3504823151125402,1.2305542261102136,2.019250728748645,-1.2305542261102136,-2.019250728748645,0.3504823151125402,-1.2305542261102136
logit_full_static,100,0.5,both,1406,1.0,0.5206258890469416,1.0457306870952037,1.6793872174414304,-0.04303848593545467,0.29077680471445433,0.5206258890469416,-0.04303848593545467
logit_full_static,100,0.55,up,559,0.39758179231863444,0.6404293381037567,0.5541703352751932,1.162652688997401,0.5541703352751932,1.162652688997401,0.6404293381037567,0.5541703352751932
logit_full_static,100,0.55,down,447,0.317923186344239,0.3512304250559284,1.2135068678092316,2.068471246230441,-1.2135068678092316,-2.068471246230441,0.3512304250559284,-1.2135068678092316
logit_full_static,100,0.55,both,1006,0.7155049786628734,0.5119284294234593,0.8471359715005562,1.629553978168552,-0.2312687400515838,0.08076174477789078,0.5119284294234593,-0.2312687400515838
logit_full_static,100,0.6,up,346,0.2460881934566145,0.6184971098265896,0.2473504536065572,1.0736918846743215,0.2473504536065572,1.0736918846743215,0.6184971098265896,0.2473504536065572
logit_full_static,100,0.6,down,286,0.2034139402560455,0.36013986013986016,1.1141776820736893,2.019250728748645,-1.1141776820736893,-2.019250728748645,0.36013986013986016,-1.1141776820736893
logit_full_static,100,0.6,both,632,0.44950213371266,0.5015822784810127,0.6396172057293417,1.5672120298271253,-0.3687841141221621,0.06462477228352803,0.5015822784810127,-0.3687841141221621
logit_full_static,100,0.65,up,179,0.12731152204836416,0.6201117318435754,0.10432048415059011,1.1459033551552977,0.10432048415059011,1.1459033551552977,0.6201117318435754,0.10432048415059011
logit_full_static,100,0.65,down,110,0.07823613086770982,0.42727272727272725,0.6338591295167755,1.4359968924382294,-0.6338591295167755,-1.4359968924382294,0.42727272727272725,-0.6338591295167755
logit_full_static,100,0.65,both,289,0.20554765291607396,0.5467128027681661,0.3058749858470624,1.162652688997401,-0.1766475348923514,0.46843438728405573,0.5467128027681661,-0.1766475348923514
logit_full_static,100,0.7,up,43,0.03058321479374111,0.7209302325581395,1.4005827470483225,1.5493904520424984,1.4005827470483225,1.5493904520424984,0.7209302325581395,1.4005827470483225
logit_full_static,100,0.7,down,25,0.017780938833570414,0.4,0.6809093674153831,1.4848421023749836,-0.6809093674153831,-1.4848421023749836,0.4,-0.6809093674153831
logit_full_static,100,0.7,both,68,0.04836415362731152,0.6029411764705882,1.1359969457126833,1.5298437641420026,0.6353282932013722,1.0412075616572647,0.6029411764705882,0.6353282932013722
logit_full_static,100,0.75,up,3,0.0021337126600284497,1.0,4.814588548142466,6.44718759619245,4.814588548142466,6.44718759619245,1.0,4.814588548142466
logit_full_static,100,0.75,down,13,0.009246088193456615,0.15384615384615385,2.307051982120855,1.9948344287423758,-2.307051982120855,-1.9948344287423758,0.15384615384615385,-2.307051982120855
logit_full_static,100,0.75,both,16,0.011379800853485065,0.3125,2.777215088249907,2.1151531413898805,-0.9717443826964822,-1.5951419988635696,0.3125,-0.9717443826964822
logit_full_static,100,0.8,up,1,0.0007112375533428165,1.0,1.5493904520424984,1.5493904520424984,1.5493904520424984,1.5493904520424984,1.0,1.5493904520424984
logit_full_static,100,0.8,down,10,0.007112375533428165,0.2,2.254559826439184,2.1151531413898805,-2.254559826439184,-2.1151531413898805,0.2,-2.254559826439184
logit_full_static,100,0.8,both,11,0.007823613086770981,0.2727272727272727,2.1904535196758492,1.9948344287423758,-1.9087461647590311,-1.9948344287423758,0.2727272727272727,-1.9087461647590311
logit_full_static,100,0.85,up,0,0.0,,,,,,,
logit_full_static,100,0.85,down,9,0.006401137980085348,0.2222222222222222,2.2204599347302394,1.9948344287423758,-2.2204599347302394,-1.9948344287423758,0.2222222222222222,-2.2204599347302394
logit_full_static,100,0.85,both,9,0.006401137980085348,0.2222222222222222,2.2204599347302394,1.9948344287423758,-2.2204599347302394,-1.9948344287423758,0.2222222222222222,-2.2204599347302394
logit_full_static,100,0.9,up,0,0.0,,,,,,,
logit_full_static,100,0.9,down,8,0.005689900426742532,0.125,2.504078360779788,2.1151531413898805,-2.504078360779788,-2.1151531413898805,0.125,-2.504078360779788
logit_full_static,100,0.9,both,8,0.005689900426742532,0.125,2.504078360779788,2.1151531413898805,-2.504078360779788,-2.1151531413898805,0.125,-2.504078360779788
logit_full_static,100,0.95,up,0,0.0,,,,,,,
logit_full_static,100,0.95,down,6,0.004267425320056899,0.16666666666666666,1.4702087833305215,1.8501381620472657,-1.4702087833305215,-1.8501381620472657,0.16666666666666666,-1.4702087833305215
logit_full_static,100,0.95,both,6,0.004267425320056899,0.16666666666666666,1.4702087833305215,1.8501381620472657,-1.4702087833305215,-1.8501381620472657,0.16666666666666666,-1.4702087833305215
logit_dynamic_compact,100,0.5,up,749,0.5443313953488372,0.650200267022697,0.7676425591874398,1.4698008419866682,0.7676425591874398,1.4698008419866682,0.650200267022697,0.7676425591874398
logit_dynamic_compact,100,0.5,down,627,0.45566860465116277,0.3444976076555024,1.2403465409631917,2.3907928628363884,-1.2403465409631917,-2.3907928628363884,0.3444976076555024,-1.2403465409631917
logit_dynamic_compact,100,0.5,both,1376,1.0,0.5109011627906976,0.9830389229762452,1.6793872174414304,-0.14733503223294242,0.11296161967599971,0.5109011627906976,-0.14733503223294242
logit_dynamic_compact,100,0.55,up,600,0.436046511627907,0.66,0.6962616802490071,1.3564097443963252,0.6962616802490071,1.3564097443963252,0.66,0.6962616802490071
logit_dynamic_compact,100,0.55,down,495,0.35973837209302323,0.32323232323232326,1.280923518253484,2.4702221181760464,-1.280923518253484,-2.4702221181760464,0.32323232323232326,-1.280923518253484
logit_dynamic_compact,100,0.55,both,1095,0.7957848837209303,0.5077625570776255,0.9605608672921269,1.6793872174414304,-0.19753436838910535,0.0807614186548733,0.5077625570776255,-0.19753436838910535
logit_dynamic_compact,100,0.6,up,426,0.30959302325581395,0.6197183098591549,0.2683343731579703,0.6937055897360267,0.2683343731579703,0.6937055897360267,0.6197183098591549,0.2683343731579703
logit_dynamic_compact,100,0.6,down,321,0.23328488372093023,0.35202492211838005,1.0754850104307834,2.4208053696694876,-1.0754850104307834,-2.4208053696694876,0.35202492211838005,-1.0754850104307834
logit_dynamic_compact,100,0.6,both,747,0.5428779069767442,0.5046854082998661,0.6151822373675725,1.4698008419866682,-0.30913018123559066,0.0807614186548733,0.5046854082998661,-0.30913018123559066
logit_dynamic_compact,100,0.65,up,259,0.1882267441860465,0.5945945945945946,-0.13004273027939642,0.46843438728405573,-0.13004273027939642,0.46843438728405573,0.5945945945945946,-0.13004273027939642
logit_dynamic_compact,100,0.65,down,144,0.10465116279069768,0.3472222222222222,0.9911399289791301,2.068471246230441,-0.9911399289791301,-2.068471246230441,0.3472222222222222,-0.9911399289791301
logit_dynamic_compact,100,0.65,both,403,0.2928779069767442,0.5062034739454094,0.27057836881049885,1.3246070803485388,-0.43773006678749005,0.0807614186548733,0.5062034739454094,-0.43773006678749005
logit_dynamic_compact,100,0.7,up,101,0.07340116279069768,0.504950495049505,-0.24714660163233704,0.25844113155093495,-0.24714660163233704,0.25844113155093495,0.504950495049505,-0.24714660163233704
logit_dynamic_compact,100,0.7,down,45,0.032703488372093026,0.4666666666666667,-0.34502009138573064,0.8242590759399704,0.34502009138573064,-0.8242590759399704,0.4666666666666667,0.34502009138573064
logit_dynamic_compact,100,0.7,both,146,0.10610465116279069,0.4931506849315068,-0.2773130882001637,0.39188985183846725,-0.06462947022265862,-0.03231281388793583,0.4931506849315068,-0.06462947022265862
logit_dynamic_compact,100,0.75,up,5,0.003633720930232558,0.4,0.09535546172600995,-0.38788662397259976,0.09535546172600995,-0.38788662397259976,0.4,0.09535546172600995
logit_dynamic_compact,100,0.75,down,14,0.010174418604651164,0.2857142857142857,1.2836988049855624,1.6596560708992403,-1.2836988049855624,-1.6596560708992403,0.2857142857142857,-1.2836988049855624
logit_dynamic_compact,100,0.75,both,19,0.013808139534883721,0.3157894736842105,0.9709768725488379,0.8242590759399704,-0.9207897874298853,-0.38788662397259976,0.3157894736842105,-0.9207897874298853
logit_dynamic_compact,100,0.8,up,5,0.003633720930232558,0.4,0.09535546172600995,-0.38788662397259976,0.09535546172600995,-0.38788662397259976,0.4,0.09535546172600995
logit_dynamic_compact,100,0.8,down,5,0.003633720930232558,0.6,0.24897044293914483,-0.04848747366614781,-0.24897044293914483,0.04848747366614781,0.6,-0.24897044293914483
logit_dynamic_compact,100,0.8,both,10,0.007267441860465116,0.5,0.1721629523325774,-0.21818704881937379,-0.07680749060656744,-0.1575917836443841,0.5,-0.07680749060656744
logit_dynamic_compact,100,0.85,up,5,0.003633720930232558,0.4,0.09535546172600995,-0.38788662397259976,0.09535546172600995,-0.38788662397259976,0.4,0.09535546172600995
logit_dynamic_compact,100,0.85,down,5,0.003633720930232558,0.6,0.24897044293914483,-0.04848747366614781,-0.24897044293914483,0.04848747366614781,0.6,-0.24897044293914483
logit_dynamic_compact,100,0.85,both,10,0.007267441860465116,0.5,0.1721629523325774,-0.21818704881937379,-0.07680749060656744,-0.1575917836443841,0.5,-0.07680749060656744
logit_dynamic_compact,100,0.9,up,5,0.003633720930232558,0.4,0.09535546172600995,-0.38788662397259976,0.09535546172600995,-0.38788662397259976,0.4,0.09535546172600995
logit_dynamic_compact,100,0.9,down,5,0.003633720930232558,0.6,0.24897044293914483,-0.04848747366614781,-0.24897044293914483,0.04848747366614781,0.6,-0.24897044293914483
logit_dynamic_compact,100,0.9,both,10,0.007267441860465116,0.5,0.1721629523325774,-0.21818704881937379,-0.07680749060656744,-0.1575917836443841,0.5,-0.07680749060656744
logit_dynamic_compact,100,0.95,up,4,0.0029069767441860465,0.5,0.21616598315066238,0.21414574031763944,0.21616598315066238,0.21414574031763944,0.5,0.21616598315066238
logit_dynamic_compact,100,0.95,down,4,0.0029069767441860465,0.75,0.22029529343520204,-0.21818704881937379,-0.22029529343520204,0.21818704881937379,0.75,-0.22029529343520204
logit_dynamic_compact,100,0.95,both,8,0.005813953488372093,0.625,0.2182306382929322,-0.21818704881937379,-0.0020646551422698334,0.21818704881937379,0.625,-0.0020646551422698334
logit_dynamic_full,100,0.5,up,723,0.5254360465116279,0.6639004149377593,0.876625561469266,1.6793872174414304,0.876625561469266,1.6793872174414304,0.6639004149377593,0.876625561469266
logit_dynamic_full,100,0.5,down,653,0.4745639534883721,0.35987748851454826,1.1008595360995925,1.7937466114759104,-1.1008595360995925,-1.7937466114759104,0.35987748851454826,-1.1008595360995925
logit_dynamic_full,100,0.5,both,1376,1.0,0.5196220930232558,0.9830389229762452,1.6793872174414304,-0.06181758439735071,0.25839856579334963,0.5196220930232558,-0.06181758439735071
logit_dynamic_full,100,0.55,up,530,0.3851744186046512,0.6396226415094339,0.5078637325815366,1.162652688997401,0.5078637325815366,1.162652688997401,0.6396226415094339,0.5078637325815366
logit_dynamic_full,100,0.55,down,505,0.36700581395348836,0.3346534653465347,1.1763552457564286,2.019250728748645,-1.1763552457564286,-2.019250728748645,0.3346534653465347,-1.1763552457564286
logit_dynamic_full,100,0.55,both,1035,0.7521802325581395,0.49082125603864735,0.8340359201692857,1.5655956324711617,-0.31390494767032073,-0.03231281388793583,0.49082125603864735,-0.31390494767032073
logit_dynamic_full,100,0.6,up,390,0.28343023255813954,0.6461538461538462,0.30882353122098694,0.9034494830562068,0.30882353122098694,0.9034494830562068,0.6461538461538462,0.30882353122098694
logit_dynamic_full,100,0.6,down,374,0.27180232558139533,0.3315508021390374,1.1391079130043091,2.0590432296085925,-1.1391079130043091,-2.0590432296085925,0.3315508021390374,-1.1391079130043091
logit_dynamic_full,100,0.6,both,764,0.5552325581395349,0.49214659685863876,0.7152716448164875,1.55749304225683,-0.3999806050882549,-0.03231281388793583,0.49214659685863876,-0.3999806050882549
logit_dynamic_full,100,0.65,up,252,0.18313953488372092,0.5952380952380952,-0.28080770237603847,0.5330460269092896,-0.28080770237603847,0.5330460269092896,0.5952380952380952,-0.28080770237603847
logit_dynamic_full,100,0.65,down,241,0.1751453488372093,0.3153526970954357,1.2221333152509448,2.068471246230441,-1.2221333152509448,-2.068471246230441,0.3153526970954357,-1.2221333152509448
logit_dynamic_full,100,0.65,both,493,0.35828488372093026,0.45841784989858014,0.4538957159771118,1.4698008419866682,-0.7409689046130614,-0.09692967187002743,0.45841784989858014,-0.7409689046130614
logit_dynamic_full,100,0.7,up,141,0.10247093023255814,0.5177304964539007,-0.8687891605724133,0.3231396245917395,-0.8687891605724133,0.3231396245917395,0.5177304964539007,-0.8687891605724133
logit_dynamic_full,100,0.7,down,100,0.07267441860465117,0.3,1.0250016353775429,1.7563030861156292,-1.0250016353775429,-1.7563030861156292,0.3,-1.0250016353775429
logit_dynamic_full,100,0.7,both,241,0.1751453488372093,0.42738589211618255,-0.08298385104961008,0.9683518409575598,-0.9336076148484007,-0.09692967187002743,0.42738589211618255,-0.9336076148484007
logit_dynamic_full,100,0.75,up,42,0.030523255813953487,0.6904761904761905,1.26757765803554,1.621485577707471,1.26757765803554,1.621485577707471,0.6904761904761905,1.26757765803554
logit_dynamic_full,100,0.75,down,38,0.027616279069767442,0.34210526315789475,0.7140315134900849,1.4698008419866682,-0.7140315134900849,-1.4698008419866682,0.34210526315789475,-0.7140315134900849
logit_dynamic_full,100,0.75,both,80,0.05813953488372093,0.525,1.0046432393764486,1.4848421023749836,0.32631330156086824,0.26642721026814975,0.525,0.32631330156086824
logit_dynamic_full,100,0.8,up,10,0.007267441860465116,0.7,1.9066520812901502,1.195605148858192,1.9066520812901502,1.195605148858192,0.7,1.9066520812901502
logit_dynamic_full,100,0.8,down,24,0.01744186046511628,0.375,0.8184112830495378,1.4698008419866682,-0.8184112830495378,-1.4698008419866682,0.375,-0.8184112830495378
logit_dynamic_full,100,0.8,both,34,0.024709302325581394,0.47058823529411764,1.1384821060614825,1.4698008419866682,-0.016922058243747342,-0.3757788324637579,0.47058823529411764,-0.016922058243747342
logit_dynamic_full,100,0.85,up,4,0.0029069767441860465,0.5,0.21616598315066238,0.21414574031763944,0.21616598315066238,0.21414574031763944,0.5,0.21616598315066238
logit_dynamic_full,100,0.85,down,20,0.014534883720930232,0.4,0.8104285656439503,1.1470299589633193,-0.8104285656439503,-1.1470299589633193,0.4,-0.8104285656439503
logit_dynamic_full,100,0.85,both,24,0.01744186046511628,0.4166666666666667,0.7113848018950689,0.8202185902739245,-0.6393294741781815,-0.38788662397259976,0.4166666666666667,-0.6393294741781815
logit_dynamic_full,100,0.9,up,3,0.002180232558139535,0.6666666666666666,0.4175168521917498,0.8161781046078787,0.4175168521917498,0.8161781046078787,0.6666666666666666,0.4175168521917498
logit_dynamic_full,100,0.9,down,19,0.013808139534883721,0.42105263157894735,0.8097006440494229,1.4698008419866682,-0.8097006440494229,-1.4698008419866682,0.42105263157894735,-0.8097006440494229
logit_dynamic_full,100,0.9,both,22,0.015988372093023256,0.45454545454545453,0.7562210360688311,0.8202185902739245,-0.6423528036528994,-0.3757788324637579,0.45454545454545453,-0.6423528036528994
logit_dynamic_full,100,0.95,up,3,0.002180232558139535,0.6666666666666666,0.4175168521917498,0.8161781046078787,0.4175168521917498,0.8161781046078787,0.6666666666666666,0.4175168521917498
logit_dynamic_full,100,0.95,down,14,0.010174418604651164,0.42857142857142855,0.7487883644977497,0.9167359414707921,-0.7487883644977497,-0.9167359414707921,0.42857142857142855,-0.7487883644977497
logit_dynamic_full,100,0.95,both,17,0.012354651162790697,0.47058823529411764,0.6903286858555144,0.8161781046078787,-0.5429697968466616,-0.363671040954916,0.47058823529411764,-0.5429697968466616
