run_name,row_in_run,event_time,target_horizon,target_label,future_mid_return_10e_bps,model,y_true,y_pred,predicted_label,predicted_proba_up
20260610_201249,2,1781104372765,10,up,0.0646338773613308,majority_baseline,1,0,down,
20260610_201249,3,1781104372867,10,up,0.0646338773613308,majority_baseline,1,0,down,
20260610_201249,4,1781104372969,10,up,0.0646338773613308,majority_baseline,1,0,down,
20260610_201249,5,1781104373071,10,up,0.0646338773613308,majority_baseline,1,0,down,
20260610_201249,6,1781104373173,10,up,0.0646338773613308,majority_baseline,1,0,down,
20260610_201249,7,1781104373275,10,up,0.0646338773613308,majority_baseline,1,0,down,
20260610_201249,8,1781104373377,10,up,0.0646338773613308,majority_baseline,1,0,down,
20260610_201249,9,1781104373479,10,up,0.0646338773613308,majority_baseline,1,0,down,
20260610_201249,10,1781104373581,10,up,0.8079234670255175,majority_baseline,1,0,down,
20260610_201249,11,1781104373683,10,up,0.8079234670255175,majority_baseline,1,0,down,
20260610_201249,12,1781104373785,10,up,0.7432847855270985,majority_baseline,1,0,down,
20260610_201249,13,1781104373887,10,up,0.7432847855270985,majority_baseline,1,0,down,
20260610_201249,14,1781104373989,10,up,0.7432847855270985,majority_baseline,1,0,down,
20260610_201249,15,1781104374091,10,up,0.7432847855270985,majority_baseline,1,0,down,
20260610_201249,16,1781104374193,10,up,0.7432847855270985,majority_baseline,1,0,down,
20260610_201249,17,1781104374295,10,up,0.7432847855270985,majority_baseline,1,0,down,
20260610_201249,18,1781104374397,10,up,1.5350446657591554,majority_baseline,1,0,down,
20260610_201249,19,1781104374499,10,up,1.5350446657591554,majority_baseline,1,0,down,
20260610_201249,20,1781104374601,10,up,0.7917010342994857,majority_baseline,1,0,down,
20260610_201249,21,1781104374703,10,up,0.7917010342994857,majority_baseline,1,0,down,
20260610_201249,22,1781104374805,10,up,0.7917010342994857,majority_baseline,1,0,down,
20260610_201249,23,1781104374907,10,up,0.7917010342994857,majority_baseline,1,0,down,
20260610_201249,24,1781104375009,10,up,1.1148443136055342,majority_baseline,1,0,down,
20260610_201249,25,1781104375111,10,up,1.3572017730867358,majority_baseline,1,0,down,
20260610_201249,26,1781104375213,10,up,1.3572017730867358,majority_baseline,1,0,down,
20260610_201249,27,1781104375315,10,up,1.7934452001511223,majority_baseline,1,0,down,
20260610_201249,28,1781104375417,10,up,1.0016648639399328,majority_baseline,1,0,down,
20260610_201249,29,1781104375519,10,up,1.0016648639399328,majority_baseline,1,0,down,
20260610_201249,30,1781104375621,10,up,1.0016648639399328,majority_baseline,1,0,down,
20260610_201249,31,1781104375723,10,up,1.0016648639399328,majority_baseline,1,0,down,
20260610_201249,32,1781104375825,10,up,1.0016648639399328,majority_baseline,1,0,down,
20260610_201249,33,1781104375927,10,up,1.841770878856508,majority_baseline,1,0,down,
20260610_201249,34,1781104376029,10,up,1.5186041120252014,majority_baseline,1,0,down,
20260610_201249,35,1781104376131,10,up,1.2762427413703925,majority_baseline,1,0,down,
20260610_201249,36,1781104376233,10,up,1.2762427413703925,majority_baseline,1,0,down,
20260610_201249,37,1781104376335,10,up,0.8400218728765729,majority_baseline,1,0,down,
20260610_201249,38,1781104376437,10,up,0.8400218728765729,majority_baseline,1,0,down,
20260610_201249,39,1781104376539,10,up,0.8400218728765729,majority_baseline,1,0,down,
20260610_201249,40,1781104376641,10,up,0.8400218728765729,majority_baseline,1,0,down,
20260610_201249,41,1781104376743,10,up,0.8400218728765729,majority_baseline,1,0,down,
20260610_201249,42,1781104376845,10,up,0.8400218728765729,majority_baseline,1,0,down,
20260610_201249,55,1781104378171,10,up,0.0161529099051982,majority_baseline,1,0,down,
20260610_201249,56,1781104378273,10,up,0.0161529099051982,majority_baseline,1,0,down,
20260610_201249,57,1781104378375,10,up,0.2099878287831202,majority_baseline,1,0,down,
20260610_201249,58,1781104378477,10,up,0.3876698377514032,majority_baseline,1,0,down,
20260610_201249,59,1781104378579,10,up,0.3876698377514032,majority_baseline,1,0,down,
20260610_201249,60,1781104378681,10,up,0.3876698377514032,majority_baseline,1,0,down,
20260610_201249,61,1781104378783,10,up,0.3876698377514032,majority_baseline,1,0,down,
20260610_201249,62,1781104378885,10,up,0.3876698377514032,majority_baseline,1,0,down,
20260610_201249,63,1781104378987,10,up,0.3876698377514032,majority_baseline,1,0,down,
20260610_201249,64,1781104379089,10,up,0.3876698377514032,majority_baseline,1,0,down,
20260610_201249,65,1781104379191,10,up,0.3715163277395739,majority_baseline,1,0,down,
20260610_201249,66,1781104379293,10,up,0.3715163277395739,majority_baseline,1,0,down,
20260610_201249,67,1781104379395,10,up,0.1776782779416841,majority_baseline,1,0,down,
20260610_201249,71,1781104379803,10,down,-0.3876548095449461,majority_baseline,0,0,down,
20260610_201249,72,1781104379905,10,down,-0.3876548095449461,majority_baseline,0,0,down,
20260610_201249,73,1781104380007,10,down,-0.3876548095449461,majority_baseline,0,0,down,
20260610_201249,74,1781104380109,10,down,-0.3876548095449461,majority_baseline,0,0,down,
20260610_201249,75,1781104380211,10,down,-0.3876548095449461,majority_baseline,0,0,down,
20260610_201249,76,1781104380313,10,down,-0.3876548095449461,majority_baseline,0,0,down,
20260610_201249,77,1781104380415,10,down,-0.3876548095449461,majority_baseline,0,0,down,
20260610_201249,78,1781104380517,10,down,-0.3876548095449461,majority_baseline,0,0,down,
20260610_201249,79,1781104380619,10,down,-0.1372944117139507,majority_baseline,0,0,down,
20260610_201249,80,1781104380721,10,up,0.3876548095438359,majority_baseline,1,0,down,
20260610_201249,81,1781104380823,10,up,0.7753396755050268,majority_baseline,1,0,down,
20260610_201249,82,1781104380925,10,up,0.7753396755050268,majority_baseline,1,0,down,
20260610_201249,83,1781104381027,10,up,0.7753396755050268,majority_baseline,1,0,down,
20260610_201249,84,1781104381129,10,up,0.7753396755050268,majority_baseline,1,0,down,
20260610_201249,85,1781104381231,10,up,0.7753396755050268,majority_baseline,1,0,down,
20260610_201249,86,1781104381333,10,up,0.7753396755050268,majority_baseline,1,0,down,
20260610_201249,87,1781104381435,10,up,0.7753396755050268,majority_baseline,1,0,down,
20260610_201249,88,1781104381537,10,up,0.7753396755050268,majority_baseline,1,0,down,
20260610_201249,89,1781104381639,10,up,0.5249564286158304,majority_baseline,1,0,down,
20260610_201249,91,1781104381843,10,up,0.4037914401067155,majority_baseline,1,0,down,
20260610_201249,92,1781104381945,10,up,0.9690994562538968,majority_baseline,1,0,down,
20260610_201249,93,1781104382047,10,up,1.0983127170871576,majority_baseline,1,0,down,
20260610_201249,94,1781104382149,10,up,1.0983127170871576,majority_baseline,1,0,down,
20260610_201249,95,1781104382251,10,up,1.0983127170871576,majority_baseline,1,0,down,
20260610_201249,96,1781104382353,10,up,1.0983127170871576,majority_baseline,1,0,down,
20260610_201249,97,1781104382455,10,up,1.0983127170871576,majority_baseline,1,0,down,
20260610_201249,98,1781104382557,10,up,1.3244359235464742,majority_baseline,1,0,down,
20260610_201249,99,1781104382659,10,up,2.2935353798025915,majority_baseline,1,0,down,
20260610_201249,100,1781104382761,10,up,2.2935353798025915,majority_baseline,1,0,down,
20260610_201249,101,1781104382863,10,up,1.889667636534309,majority_baseline,1,0,down,
20260610_201249,102,1781104382965,10,up,1.3243075849711516,majority_baseline,1,0,down,
20260610_201249,103,1781104383067,10,up,1.1950914043046268,majority_baseline,1,0,down,
20260610_201249,104,1781104383169,10,up,1.1950914043046268,majority_baseline,1,0,down,
20260610_201249,105,1781104383271,10,up,1.1950914043046268,majority_baseline,1,0,down,
20260610_201249,106,1781104383373,10,up,1.1950914043046268,majority_baseline,1,0,down,
20260610_201249,107,1781104383475,10,up,1.1950914043046268,majority_baseline,1,0,down,
20260610_201249,108,1781104383577,10,up,0.96897112223715,majority_baseline,1,0,down,
20260610_201249,117,1781104384495,10,up,0.7428058846370433,majority_baseline,1,0,down,
20260610_201249,118,1781104384597,10,up,1.114208826955565,majority_baseline,1,0,down,
20260610_201249,119,1781104384699,10,up,1.114208826955565,majority_baseline,1,0,down,
20260610_201249,120,1781104384801,10,up,1.114208826955565,majority_baseline,1,0,down,
20260610_201249,121,1781104384903,10,up,1.114208826955565,majority_baseline,1,0,down,
20260610_201249,122,1781104385005,10,up,1.114208826955565,majority_baseline,1,0,down,
20260610_201249,123,1781104385107,10,up,1.114208826955565,majority_baseline,1,0,down,
20260610_201249,124,1781104385209,10,up,1.114208826955565,majority_baseline,1,0,down,
20260610_201249,125,1781104385311,10,up,1.114208826955565,majority_baseline,1,0,down,
20260610_201249,127,1781104385515,10,down,-2.357426175019217,majority_baseline,0,0,down,
20260610_201249,128,1781104385617,10,down,-2.7287001941578293,majority_baseline,0,0,down,
20260610_201249,129,1781104385719,10,down,-2.7287001941578293,majority_baseline,0,0,down,
20260610_201249,130,1781104385821,10,down,-2.7287001941578293,majority_baseline,0,0,down,
20260610_201249,131,1781104385923,10,down,-2.260461699301608,majority_baseline,0,0,down,
20260610_201249,132,1781104386025,10,down,-2.260461699301608,majority_baseline,0,0,down,
20260610_201249,133,1781104386127,10,down,-2.260461699301608,majority_baseline,0,0,down,
20260610_201249,134,1781104386229,10,down,-2.260461699301608,majority_baseline,0,0,down,
20260610_201249,135,1781104386331,10,down,-2.260461699301608,majority_baseline,0,0,down,
20260610_201249,136,1781104386433,10,down,-1.3725760911775795,majority_baseline,0,0,down,
20260610_201249,137,1781104386535,10,up,0.2422584299877073,majority_baseline,1,0,down,
20260610_201249,138,1781104386637,10,up,0.2422584299877073,majority_baseline,1,0,down,
20260610_201249,139,1781104386739,10,up,0.2422584299877073,majority_baseline,1,0,down,
20260610_201249,140,1781104386841,10,up,0.2422584299877073,majority_baseline,1,0,down,
20260610_201249,141,1781104386943,10,down,-0.4118200427172258,majority_baseline,0,0,down,
20260610_201249,142,1781104387045,10,down,-0.920538919012559,majority_baseline,0,0,down,
20260610_201249,143,1781104387147,10,down,-1.3888832813169216,majority_baseline,0,0,down,
20260610_201249,144,1781104387249,10,down,-1.3888832813169216,majority_baseline,0,0,down,
20260610_201249,145,1781104387351,10,down,-1.3888832813169216,majority_baseline,0,0,down,
20260610_201249,146,1781104387453,10,down,-1.1628122938323049,majority_baseline,0,0,down,
20260610_201249,147,1781104387555,10,down,-1.1628122938323049,majority_baseline,0,0,down,
20260610_201249,148,1781104387657,10,down,-1.2274129768230502,majority_baseline,0,0,down,
20260610_201249,149,1781104387759,10,down,-1.2274129768230502,majority_baseline,0,0,down,
20260610_201249,150,1781104387861,10,down,-1.2274129768230502,majority_baseline,0,0,down,
20260610_201249,151,1781104387963,10,down,-1.0417053605027426,majority_baseline,0,0,down,
20260610_201249,152,1781104388065,10,down,-0.5329926487396275,majority_baseline,0,0,down,
20260610_201249,153,1781104388167,10,down,-0.064608195711191,majority_baseline,0,0,down,
20260610_201249,154,1781104388269,10,down,-0.064608195711191,majority_baseline,0,0,down,
20260610_201249,155,1781104388371,10,down,-0.064608195711191,majority_baseline,0,0,down,
20260610_201249,156,1781104388473,10,down,-0.064608195711191,majority_baseline,0,0,down,
20260610_201249,157,1781104388575,10,down,-0.064608195711191,majority_baseline,0,0,down,
20260610_201249,169,1781104389803,10,up,0.0646086131350642,majority_baseline,1,0,down,
20260610_201249,170,1781104389905,10,up,0.0646086131350642,majority_baseline,1,0,down,
20260610_201249,171,1781104390007,10,up,1.0498899634558967,majority_baseline,1,0,down,
20260610_201249,172,1781104390109,10,up,1.0498899634558967,majority_baseline,1,0,down,
20260610_201249,173,1781104390211,10,up,1.0498899634558967,majority_baseline,1,0,down,
20260610_201249,174,1781104390313,10,up,1.5990631751106044,majority_baseline,1,0,down,
20260610_201249,175,1781104390415,10,up,1.7767368612320311,majority_baseline,1,0,down,
20260610_201249,176,1781104390517,10,up,1.7767368612320311,majority_baseline,1,0,down,
20260610_201249,177,1781104390619,10,up,1.7767368612320311,majority_baseline,1,0,down,
20260610_201249,178,1781104390721,10,up,1.7767368612320311,majority_baseline,1,0,down,
20260610_201249,179,1781104390823,10,up,1.712117186345452,majority_baseline,1,0,down,
20260610_201249,180,1781104390925,10,up,1.712117186345452,majority_baseline,1,0,down,
20260610_201249,181,1781104391027,10,up,0.726770594861037,majority_baseline,1,0,down,
20260610_201249,182,1781104391129,10,up,0.726770594861037,majority_baseline,1,0,down,
20260610_201249,183,1781104391231,10,up,0.726770594861037,majority_baseline,1,0,down,
20260610_201249,184,1781104391333,10,up,0.1776452795199112,majority_baseline,1,0,down,
20260610_201249,198,1781104392761,10,up,0.1130449878683492,majority_baseline,1,0,down,
20260610_201249,199,1781104392863,10,up,1.9863619296778268,majority_baseline,1,0,down,
20260610_201249,200,1781104392965,10,up,1.9863619296778268,majority_baseline,1,0,down,
20260610_201249,201,1781104393067,10,up,1.9863619296778268,majority_baseline,1,0,down,
20260610_201249,202,1781104393169,10,up,1.9863619296778268,majority_baseline,1,0,down,
20260610_201249,203,1781104393271,10,up,1.9863619296778268,majority_baseline,1,0,down,
20260610_201249,204,1781104393373,10,up,1.9863619296778268,majority_baseline,1,0,down,
20260610_201249,205,1781104393475,10,up,2.5031390170737744,majority_baseline,1,0,down,
20260610_201249,206,1781104393577,10,up,2.5031390170737744,majority_baseline,1,0,down,
20260610_201249,207,1781104393679,10,up,2.5031390170737744,majority_baseline,1,0,down,
20260610_201249,208,1781104393781,10,up,2.3900670106957733,majority_baseline,1,0,down,
20260610_201249,209,1781104393883,10,up,0.5166744571472037,majority_baseline,1,0,down,
20260610_201249,210,1781104393985,10,up,0.5166744571472037,majority_baseline,1,0,down,
20260610_201249,211,1781104394087,10,up,0.5166744571472037,majority_baseline,1,0,down,
20260610_201249,212,1781104394189,10,up,0.5166744571472037,majority_baseline,1,0,down,
20260610_201249,213,1781104394291,10,up,0.5166744571472037,majority_baseline,1,0,down,
20260610_201249,214,1781104394393,10,up,0.5166744571472037,majority_baseline,1,0,down,
20260610_201249,258,1781104398881,10,up,0.8718431005316774,majority_baseline,1,0,down,
20260610_201249,259,1781104398983,10,up,2.8819258045365004,majority_baseline,1,0,down,
20260610_201249,260,1781104399085,10,up,3.5680986151409577,majority_baseline,1,0,down,
20260610_201249,261,1781104399187,10,up,3.5680986151409577,majority_baseline,1,0,down,
20260610_201249,262,1781104399289,10,up,3.5680986151409577,majority_baseline,1,0,down,
20260610_201249,263,1781104399391,10,up,3.745696283767863,majority_baseline,1,0,down,
20260610_201249,264,1781104399493,10,up,3.745696283767863,majority_baseline,1,0,down,
20260610_201249,265,1781104399595,10,up,3.1483223074779687,majority_baseline,1,0,down,
20260610_201249,266,1781104399697,10,up,2.8415626980304864,majority_baseline,1,0,down,
20260610_201249,267,1781104399799,10,up,1.5176528046301208,majority_baseline,1,0,down,
20260610_201249,268,1781104399901,10,down,-0.435883548060012,majority_baseline,0,0,down,
20260610_201249,269,1781104400003,10,down,-2.542143083110737,majority_baseline,0,0,down,
20260610_201249,270,1781104400105,10,down,-3.2278967750887237,majority_baseline,0,0,down,
20260610_201249,271,1781104400207,10,down,-3.389291613843381,majority_baseline,0,0,down,
20260610_201249,272,1781104400309,10,down,-3.389291613843381,majority_baseline,0,0,down,
20260610_201249,273,1781104400411,10,down,-3.566762614194418,majority_baseline,0,0,down,
20260610_201249,274,1781104400513,10,down,-3.566762614194418,majority_baseline,0,0,down,
20260610_201249,275,1781104400615,10,down,-2.969789653349819,majority_baseline,0,0,down,
20260610_201249,276,1781104400717,10,down,-2.66320826207922,majority_baseline,0,0,down,
20260610_201249,277,1781104400819,10,down,-1.3398517930207632,majority_baseline,0,0,down,
20260610_201249,278,1781104400921,10,down,-0.2583126212352127,majority_baseline,0,0,down,
20260610_201249,279,1781104401023,10,up,0.2421704282462577,majority_baseline,1,0,down,
20260610_201249,280,1781104401125,10,up,1.3884437886102496,majority_baseline,1,0,down,
20260610_201249,281,1781104401227,10,up,2.260293822051729,majority_baseline,1,0,down,
20260610_201249,282,1781104401329,10,up,1.6144955871788549,majority_baseline,1,0,down,
20260610_201249,283,1781104401431,10,up,1.6144955871788549,majority_baseline,1,0,down,
20260610_201249,284,1781104401535,10,up,1.6144955871788549,majority_baseline,1,0,down,
20260610_201249,285,1781104401639,10,up,1.6144955871788549,majority_baseline,1,0,down,
20260610_201249,286,1781104401741,10,up,1.6144955871788549,majority_baseline,1,0,down,
20260610_201249,287,1781104401843,10,up,1.6144955871788549,majority_baseline,1,0,down,
20260610_201249,288,1781104401945,10,up,1.6144955871788549,majority_baseline,1,0,down,
20260610_201249,289,1781104402047,10,up,1.2108228186824554,majority_baseline,1,0,down,
20260610_201249,290,1781104402149,10,up,0.0645698157097918,majority_baseline,1,0,down,
20260610_201249,291,1781104402251,10,down,-0.6456522984821245,majority_baseline,0,0,down,
20260610_201249,293,1781104402455,10,up,0.6456939878618506,majority_baseline,1,0,down,
20260610_201249,294,1781104402557,10,up,0.6456939878618506,majority_baseline,1,0,down,
20260610_201249,295,1781104402659,10,up,1.7110890678351254,majority_baseline,1,0,down,
20260610_201249,296,1781104402761,10,up,1.7110890678351254,majority_baseline,1,0,down,
20260610_201249,297,1781104402863,10,up,1.904797264196123,majority_baseline,1,0,down,
20260610_201249,298,1781104402965,10,up,1.904797264196123,majority_baseline,1,0,down,
20260610_201249,299,1781104403067,10,up,1.904797264196123,majority_baseline,1,0,down,
20260610_201249,300,1781104403169,10,up,2.1469325096434844,majority_baseline,1,0,down,
20260610_201249,301,1781104403271,10,up,2.889480595684724,majority_baseline,1,0,down,
20260610_201249,302,1781104403373,10,up,2.889480595684724,majority_baseline,1,0,down,
20260610_201249,303,1781104403475,10,up,2.2436417372251327,majority_baseline,1,0,down,
20260610_201249,304,1781104403577,10,up,1.3074459044259967,majority_baseline,1,0,down,
20260610_201249,305,1781104403679,10,up,0.0322791761386831,majority_baseline,1,0,down,
20260610_201249,306,1781104403781,10,up,0.0322791761386831,majority_baseline,1,0,down,
20260610_201249,307,1781104403883,10,down,-0.1613927549182214,majority_baseline,0,0,down,
20260610_201249,308,1781104403985,10,down,-0.1613927549182214,majority_baseline,0,0,down,
20260610_201249,309,1781104404087,10,down,-0.1613927549182214,majority_baseline,0,0,down,
20260610_201249,310,1781104404189,10,down,-0.4034721196732871,majority_baseline,0,0,down,
20260610_201249,311,1781104404291,10,down,-1.1457757587740591,majority_baseline,0,0,down,
20260610_201249,312,1781104404393,10,down,-1.7105947947892997,majority_baseline,0,0,down,
20260610_201249,313,1781104404495,10,down,-2.210863083830228,majority_baseline,0,0,down,
20260610_201249,314,1781104404597,10,down,-1.2749965905933802,majority_baseline,0,0,down,
20260610_201249,315,1781104404699,10,down,-1.065209374164766,majority_baseline,0,0,down,
20260610_201249,316,1781104404801,10,down,-1.065209374164766,majority_baseline,0,0,down,
20260610_201249,317,1781104404903,10,down,-1.065209374164766,majority_baseline,0,0,down,
20260610_201249,318,1781104405005,10,down,-1.065209374164766,majority_baseline,0,0,down,
20260610_201249,319,1781104405107,10,down,-1.065209374164766,majority_baseline,0,0,down,
20260610_201249,320,1781104405209,10,down,-1.065209374164766,majority_baseline,0,0,down,
20260610_201249,321,1781104405311,10,down,-1.065209374164766,majority_baseline,0,0,down,
20260610_201249,322,1781104405413,10,down,-0.5003538793157958,majority_baseline,0,0,down,
20260610_201249,332,1781104406433,10,up,1.8562443656922056,majority_baseline,1,0,down,
20260610_201249,333,1781104406535,10,up,1.8562443656922056,majority_baseline,1,0,down,
20260610_201249,334,1781104406637,10,up,1.5818430246761217,majority_baseline,1,0,down,
20260610_201249,335,1781104406739,10,up,1.5818430246761217,majority_baseline,1,0,down,
20260610_201249,336,1781104406841,10,up,1.5818430246761217,majority_baseline,1,0,down,
20260610_201249,337,1781104406943,10,up,1.5818430246761217,majority_baseline,1,0,down,
20260610_201249,338,1781104407045,10,up,1.5818430246761217,majority_baseline,1,0,down,
20260610_201249,339,1781104407147,10,up,1.5818430246761217,majority_baseline,1,0,down,
20260610_201249,340,1781104407251,10,up,1.5818430246761217,majority_baseline,1,0,down,
20260610_201249,341,1781104407353,10,up,1.5818430246761217,majority_baseline,1,0,down,
20260610_201249,342,1781104407455,10,down,-0.274350414875002,majority_baseline,0,0,down,
20260610_201249,343,1781104407557,10,down,-0.274350414875002,majority_baseline,0,0,down,
20260610_201249,347,1781104407965,10,up,0.8230738256864711,majority_baseline,1,0,down,
20260610_201249,348,1781104408067,10,up,0.8230738256864711,majority_baseline,1,0,down,
20260610_201249,349,1781104408169,10,up,1.4363445193366076,majority_baseline,1,0,down,
20260610_201249,350,1781104408271,10,up,1.4363445193366076,majority_baseline,1,0,down,
20260610_201249,351,1781104408373,10,up,1.4363445193366076,majority_baseline,1,0,down,
20260610_201249,352,1781104408475,10,up,1.4363445193366076,majority_baseline,1,0,down,
20260610_201249,353,1781104408577,10,up,1.065154362653864,majority_baseline,1,0,down,
20260610_201249,354,1781104408679,10,up,1.065154362653864,majority_baseline,1,0,down,
20260610_201249,355,1781104408781,10,up,1.065154362653864,majority_baseline,1,0,down,
20260610_201249,356,1781104408883,10,up,1.065154362653864,majority_baseline,1,0,down,
20260610_201249,357,1781104408985,10,up,0.2420606135911107,majority_baseline,1,0,down,
20260610_201249,358,1781104409087,10,up,0.2420606135911107,majority_baseline,1,0,down,
20260610_201249,359,1781104409189,10,down,-0.3711368486447597,majority_baseline,0,0,down,
20260610_201249,360,1781104409291,10,down,-0.3711368486447597,majority_baseline,0,0,down,
20260610_201249,361,1781104409393,10,down,-0.7745464667374691,majority_baseline,0,0,down,
20260610_201249,362,1781104409495,10,down,-0.7745464667374691,majority_baseline,0,0,down,
20260610_201249,363,1781104409597,10,down,-0.4034245906647804,majority_baseline,0,0,down,
20260610_201249,364,1781104409699,10,down,-0.4034245906647804,majority_baseline,0,0,down,
20260610_201249,365,1781104409801,10,down,-0.4034245906647804,majority_baseline,0,0,down,
20260610_201249,366,1781104409903,10,down,-0.4034245906647804,majority_baseline,0,0,down,
20260610_201249,367,1781104410005,10,down,-0.4034245906647804,majority_baseline,0,0,down,
20260610_201249,368,1781104410107,10,down,-0.4034245906647804,majority_baseline,0,0,down,
20260610_201249,369,1781104410209,10,down,-0.4034245906647804,majority_baseline,0,0,down,
20260610_201249,370,1781104410311,10,down,-0.4034245906647804,majority_baseline,0,0,down,
20260610_201249,374,1781104410719,10,down,-0.0645505386331901,majority_baseline,0,0,down,
20260610_201249,375,1781104410821,10,down,-0.6455053863385629,majority_baseline,0,0,down,
20260610_201249,376,1781104410923,10,down,-0.6455053863385629,majority_baseline,0,0,down,
20260610_201249,377,1781104411025,10,down,-0.6455053863385629,majority_baseline,0,0,down,
20260610_201249,378,1781104411127,10,down,-0.6455053863385629,majority_baseline,0,0,down,
20260610_201249,379,1781104411229,10,down,-0.3388903278278565,majority_baseline,0,0,down,
20260610_201249,380,1781104411331,10,down,-0.3388903278278565,majority_baseline,0,0,down,
20260610_201249,381,1781104411433,10,down,-0.3388903278278565,majority_baseline,0,0,down,
20260610_201249,382,1781104411535,10,down,-0.3388903278278565,majority_baseline,0,0,down,
20260610_201249,383,1781104411637,10,down,-0.3388903278278565,majority_baseline,0,0,down,
20260610_201249,384,1781104411739,10,up,0.1291019106264279,majority_baseline,1,0,down,
20260610_201249,385,1781104411841,10,up,0.7101017624244754,majority_baseline,1,0,down,
20260610_201249,386,1781104411943,10,up,0.7101017624244754,majority_baseline,1,0,down,
20260610_201249,387,1781104412045,10,up,0.919904555869433,majority_baseline,1,0,down,
20260610_201249,388,1781104412147,10,up,0.919904555869433,majority_baseline,1,0,down,
20260610_201249,389,1781104412249,10,up,0.613250899501594,majority_baseline,1,0,down,
20260610_201249,390,1781104412351,10,up,0.613250899501594,majority_baseline,1,0,down,
20260610_201249,391,1781104412453,10,up,0.613250899501594,majority_baseline,1,0,down,
20260610_201249,392,1781104412555,10,up,0.613250899501594,majority_baseline,1,0,down,
20260610_201249,393,1781104412657,10,up,0.613250899501594,majority_baseline,1,0,down,
20260610_201249,394,1781104412759,10,up,0.2097878963680521,majority_baseline,1,0,down,
20260610_201249,395,1781104412861,10,up,0.2097878963680521,majority_baseline,1,0,down,
20260610_201249,396,1781104412963,10,up,0.2097878963680521,majority_baseline,1,0,down,
20260610_201249,397,1781104413065,10,up,0.5486645263363954,majority_baseline,1,0,down,
20260610_201249,398,1781104413167,10,up,1.258700972184279,majority_baseline,1,0,down,
20260610_201249,399,1781104413269,10,up,1.3232497399884302,majority_baseline,1,0,down,
20260610_201249,400,1781104413371,10,up,1.3232497399884302,majority_baseline,1,0,down,
20260610_201249,401,1781104413473,10,up,1.0650546687718254,majority_baseline,1,0,down,
20260610_201249,402,1781104413575,10,up,1.0650546687718254,majority_baseline,1,0,down,
20260610_201249,403,1781104413677,10,up,1.0650546687718254,majority_baseline,1,0,down,
20260610_201249,404,1781104413779,10,up,1.0650546687718254,majority_baseline,1,0,down,
20260610_201249,405,1781104413881,10,up,1.0650546687718254,majority_baseline,1,0,down,
20260610_201249,406,1781104413983,10,up,1.0650546687718254,majority_baseline,1,0,down,
20260610_201249,407,1781104414087,10,up,1.2747682221259105,majority_baseline,1,0,down,
20260610_201249,408,1781104414189,10,up,0.564730635588262,majority_baseline,1,0,down,
20260610_201249,409,1781104414291,10,up,0.5001867632836721,majority_baseline,1,0,down,
20260610_201249,410,1781104414393,10,up,0.5001867632836721,majority_baseline,1,0,down,
20260610_201249,411,1781104414495,10,up,0.7583672514432926,majority_baseline,1,0,down,
20260610_201249,412,1781104414597,10,up,0.7583672514432926,majority_baseline,1,0,down,
20260610_201249,413,1781104414699,10,up,0.7583672514432926,majority_baseline,1,0,down,
20260610_201249,414,1781104414801,10,up,0.7906381983135979,majority_baseline,1,0,down,
20260610_201249,415,1781104414903,10,up,0.7906381983135979,majority_baseline,1,0,down,
20260610_201249,416,1781104415005,10,up,0.7906381983135979,majority_baseline,1,0,down,
20260610_201249,417,1781104415107,10,up,0.0322684997322575,majority_baseline,1,0,down,
20260610_201249,418,1781104415209,10,up,0.0322684997322575,majority_baseline,1,0,down,
20260610_201249,419,1781104415311,10,up,0.0322684997322575,majority_baseline,1,0,down,
20260610_201249,420,1781104415413,10,up,0.0322684997322575,majority_baseline,1,0,down,
20260610_201249,421,1781104415515,10,up,0.0322684997322575,majority_baseline,1,0,down,
20260610_201249,422,1781104415617,10,up,0.7583097437158237,majority_baseline,1,0,down,
20260610_201249,423,1781104415719,10,up,0.7583097437158237,majority_baseline,1,0,down,
20260610_201249,424,1781104415821,10,up,0.7260389011642943,majority_baseline,1,0,down,
20260610_201249,425,1781104415923,10,up,0.9357834726109182,majority_baseline,1,0,down,
20260610_201249,426,1781104416025,10,up,0.9357834726109182,majority_baseline,1,0,down,
20260610_201249,427,1781104416127,10,up,1.4198094067197076,majority_baseline,1,0,down,
20260610_201249,428,1781104416229,10,up,1.4198094067197076,majority_baseline,1,0,down,
20260610_201249,429,1781104416331,10,up,1.4198094067197076,majority_baseline,1,0,down,
20260610_201249,430,1781104416433,10,up,1.4198094067197076,majority_baseline,1,0,down,
20260610_201249,431,1781104416535,10,up,0.0161341978044404,majority_baseline,1,0,down,
20260610_201249,432,1781104416637,10,down,-0.7259861917430221,majority_baseline,0,0,down,
20260610_201249,433,1781104416739,10,down,-1.0970458008563444,majority_baseline,0,0,down,
20260610_201249,434,1781104416841,10,down,-1.0970458008563444,majority_baseline,0,0,down,
20260610_201249,435,1781104416943,10,down,-1.3067477388017943,majority_baseline,0,0,down,
20260610_201249,436,1781104417045,10,down,-1.3067477388017943,majority_baseline,0,0,down,
20260610_201249,437,1781104417147,10,down,-1.790641719209285,majority_baseline,0,0,down,
20260610_201249,438,1781104417249,10,down,-1.790641719209285,majority_baseline,0,0,down,
20260610_201249,439,1781104417351,10,down,-2.161675588955303,majority_baseline,0,0,down,
20260610_201249,440,1781104417453,10,down,-2.5972370882232365,majority_baseline,0,0,down,
20260610_201249,441,1781104417555,10,down,-1.1939287111617514,majority_baseline,0,0,down,
20260610_201249,442,1781104417657,10,down,-1.8554327474196164,majority_baseline,0,0,down,
20260610_201249,443,1781104417759,10,down,-1.48440128207028,majority_baseline,0,0,down,
20260610_201249,444,1781104417861,10,down,-1.48440128207028,majority_baseline,0,0,down,
20260610_201249,445,1781104417963,10,down,-1.48440128207028,majority_baseline,0,0,down,
20260610_201249,446,1781104418065,10,down,-1.48440128207028,majority_baseline,0,0,down,
20260610_201249,447,1781104418167,10,down,-1.48440128207028,majority_baseline,0,0,down,
20260610_201249,448,1781104418269,10,down,-1.48440128207028,majority_baseline,0,0,down,
20260610_201249,449,1781104418371,10,down,-1.1133422777209745,majority_baseline,0,0,down,
20260610_201249,450,1781104418473,10,down,-0.6777161289173161,majority_baseline,0,0,down,
20260610_201249,451,1781104418575,10,up,0.5808995390710336,majority_baseline,1,0,down,
20260610_201249,452,1781104418677,10,up,2.0171489938869414,majority_baseline,1,0,down,
20260610_201249,453,1781104418779,10,up,2.0171489938869414,majority_baseline,1,0,down,
20260610_201249,454,1781104418881,10,up,2.0171489938869414,majority_baseline,1,0,down,
20260610_201249,455,1781104418983,10,up,2.0171489938869414,majority_baseline,1,0,down,
20260610_201249,456,1781104419085,10,up,2.0171489938869414,majority_baseline,1,0,down,
20260610_201249,457,1781104419187,10,up,2.0171489938869414,majority_baseline,1,0,down,
20260610_201249,458,1781104419289,10,up,2.0171489938869414,majority_baseline,1,0,down,
20260610_201249,459,1781104419391,10,up,2.727185439734825,majority_baseline,1,0,down,
20260610_201249,460,1781104419493,10,up,2.727185439734825,majority_baseline,1,0,down,
20260610_201249,461,1781104419595,10,up,1.4682996525294811,majority_baseline,1,0,down,
20260610_201249,462,1781104419697,10,up,0.7098932498017518,majority_baseline,1,0,down,
20260610_201249,463,1781104419799,10,up,1.258447124650175,majority_baseline,1,0,down,
20260610_201249,464,1781104419901,10,up,1.258447124650175,majority_baseline,1,0,down,
20260610_201249,465,1781104420003,10,up,1.258447124650175,majority_baseline,1,0,down,
20260610_201249,466,1781104420105,10,up,1.258447124650175,majority_baseline,1,0,down,
20260610_201249,467,1781104420207,10,up,1.258447124650175,majority_baseline,1,0,down,
20260610_201249,468,1781104420309,10,up,1.3552507496239483,majority_baseline,1,0,down,
20260610_201249,469,1781104420411,10,up,0.6453116895799305,majority_baseline,1,0,down,
20260610_201249,470,1781104420513,10,up,0.6453116895799305,majority_baseline,1,0,down,
20260610_201249,471,1781104420615,10,up,0.6453116895799305,majority_baseline,1,0,down,
20260610_201249,472,1781104420717,10,up,0.6453116895799305,majority_baseline,1,0,down,
20260610_201249,473,1781104420819,10,up,0.096791444281763,majority_baseline,1,0,down,
20260610_201249,474,1781104420921,10,up,0.096791444281763,majority_baseline,1,0,down,
20260610_201249,475,1781104421023,10,up,0.7904634616329176,majority_baseline,1,0,down,
20260610_201249,476,1781104421125,10,up,0.7904634616329176,majority_baseline,1,0,down,
20260610_201249,477,1781104421227,10,up,0.8711229985336466,majority_baseline,1,0,down,
20260610_201249,478,1781104421329,10,up,0.774324059458209,majority_baseline,1,0,down,
20260610_201249,479,1781104421431,10,up,0.774324059458209,majority_baseline,1,0,down,
20260610_201249,480,1781104421533,10,up,0.774324059458209,majority_baseline,1,0,down,
20260610_201249,481,1781104421635,10,up,0.774324059458209,majority_baseline,1,0,down,
20260610_201249,482,1781104421737,10,up,0.7904558106952564,majority_baseline,1,0,down,
20260610_201249,483,1781104421839,10,up,0.7904558106952564,majority_baseline,1,0,down,
20260610_201249,484,1781104421941,10,up,1.2744083478577473,majority_baseline,1,0,down,
20260610_201249,485,1781104422043,10,up,2.5970318023471606,majority_baseline,1,0,down,
20260610_201249,486,1781104422145,10,up,2.484117376160277,majority_baseline,1,0,down,
20260610_201249,487,1781104422247,10,up,2.4034448300525035,majority_baseline,1,0,down,
20260610_201249,488,1781104422349,10,up,2.64540236327937,majority_baseline,1,0,down,
20260610_201249,489,1781104422451,10,up,2.64540236327937,majority_baseline,1,0,down,
20260610_201249,490,1781104422553,10,up,2.64540236327937,majority_baseline,1,0,down,
20260610_201249,491,1781104422655,10,up,2.64540236327937,majority_baseline,1,0,down,
20260610_201249,492,1781104422759,10,up,1.758221905348023,majority_baseline,1,0,down,
20260610_201249,493,1781104422861,10,up,1.5485257148029064,majority_baseline,1,0,down,
20260610_201249,494,1781104422963,10,up,1.0645599133529693,majority_baseline,1,0,down,
20260610_201249,495,1781104423065,10,down,-0.9514602092075553,majority_baseline,0,0,down,
20260610_201249,496,1781104423167,10,down,-0.8385845660119351,majority_baseline,0,0,down,
20260610_201249,497,1781104423269,10,down,-1.386889859174012,majority_baseline,0,0,down,
20260610_201249,498,1781104423371,10,down,-1.9674008135683876,majority_baseline,0,0,down,
20260610_201249,499,1781104423473,10,down,-1.9674008135683876,majority_baseline,0,0,down,
20260610_201249,500,1781104423575,10,down,-1.9674008135683876,majority_baseline,0,0,down,
20260610_201249,501,1781104423677,10,down,-2.241546828574137,majority_baseline,0,0,down,
20260610_201249,502,1781104423779,10,down,-1.3708494508946067,majority_baseline,0,0,down,
20260610_201249,503,1781104423881,10,down,-1.1612144690553716,majority_baseline,0,0,down,
20260610_201249,504,1781104423983,10,down,-0.5483512770543264,majority_baseline,0,0,down,
20260610_201249,505,1781104424085,10,down,-0.5483512770543264,majority_baseline,0,0,down,
20260610_201249,506,1781104424187,10,down,-0.5483512770543264,majority_baseline,0,0,down,
20260610_201249,508,1781104424391,10,down,-0.2741999611288737,majority_baseline,0,0,down,
20260610_201249,509,1781104424493,10,down,-0.5645293317346756,majority_baseline,0,0,down,
20260610_201249,510,1781104424595,10,down,-1.45164685303123,majority_baseline,0,0,down,
20260610_201249,511,1781104424697,10,down,-1.1774791783769611,majority_baseline,0,0,down,
20260610_201249,512,1781104424799,10,down,-1.1774791783769611,majority_baseline,0,0,down,
20260610_201249,513,1781104424901,10,down,-1.1774791783769611,majority_baseline,0,0,down,
20260610_201249,514,1781104425003,10,down,-1.79030381133094,majority_baseline,0,0,down,
20260610_201249,515,1781104425105,10,down,-1.6774017691756349,majority_baseline,0,0,down,
20260610_201249,516,1781104425207,10,down,-1.6774017691756349,majority_baseline,0,0,down,
20260610_201249,517,1781104425309,10,down,-1.6774017691756349,majority_baseline,0,0,down,
20260610_201249,518,1781104425411,10,down,-1.0645702160672066,majority_baseline,0,0,down,
20260610_201249,519,1781104425513,10,down,-0.7742553639367156,majority_baseline,0,0,down,
20260610_201249,520,1781104425615,10,up,0.1129222586704337,majority_baseline,1,0,down,
20260610_201249,521,1781104425717,10,up,0.1129222586704337,majority_baseline,1,0,down,
20260610_201249,522,1781104425819,10,up,0.1129222586704337,majority_baseline,1,0,down,
20260610_201249,523,1781104425921,10,up,0.1129222586704337,majority_baseline,1,0,down,
20260610_201249,524,1781104426023,10,up,0.1129222586704337,majority_baseline,1,0,down,
20260610_201249,536,1781104427247,10,down,-0.5646049177088219,majority_baseline,0,0,down,
20260610_201249,537,1781104427349,10,down,-0.5646049177088219,majority_baseline,0,0,down,
20260610_201249,538,1781104427451,10,down,-0.5646049177088219,majority_baseline,0,0,down,
20260610_201249,539,1781104427553,10,down,-0.5646049177088219,majority_baseline,0,0,down,
20260610_201249,540,1781104427655,10,down,-0.5646049177088219,majority_baseline,0,0,down,
20260610_201249,541,1781104427759,10,down,-0.3064998124702178,majority_baseline,0,0,down,
20260610_201249,542,1781104427861,10,down,-0.3064998124702178,majority_baseline,0,0,down,
20260610_201249,543,1781104427963,10,down,-0.3064998124702178,majority_baseline,0,0,down,
20260610_201249,544,1781104428065,10,down,-0.3064998124702178,majority_baseline,0,0,down,
20260610_201249,545,1781104428167,10,down,-0.3064998124702178,majority_baseline,0,0,down,
20260610_201249,546,1781104428269,10,up,0.2581196788020712,majority_baseline,1,0,down,
20260610_201249,547,1781104428371,10,up,0.2581196788020712,majority_baseline,1,0,down,
20260610_201249,548,1781104428473,10,up,0.2581196788020712,majority_baseline,1,0,down,
20260610_201249,549,1781104428575,10,up,0.2581196788020712,majority_baseline,1,0,down,
20260610_201249,550,1781104428677,10,up,0.2581196788020712,majority_baseline,1,0,down,
20260610_201428,2,1781104471321,10,down,-0.3390594007857128,majority_baseline,0,0,down,
20260610_201428,3,1781104471423,10,down,-0.8072842875839203,majority_baseline,0,0,down,
20260610_201428,4,1781104471525,10,down,-0.8072842875839203,majority_baseline,0,0,down,
20260610_201428,5,1781104471627,10,down,-1.4531117176508346,majority_baseline,0,0,down,
20260610_201428,6,1781104471729,10,down,-1.6145685751678407,majority_baseline,0,0,down,
20260610_201428,7,1781104471831,10,down,-1.7437340611814456,majority_baseline,0,0,down,
20260610_201428,8,1781104471933,10,down,-1.7437340611814456,majority_baseline,0,0,down,
20260610_201428,9,1781104472035,10,down,-1.7437340611814456,majority_baseline,0,0,down,
20260610_201428,10,1781104472137,10,down,-1.7437340611814456,majority_baseline,0,0,down,
20260610_201428,11,1781104472239,10,down,-1.7437340611814456,majority_baseline,0,0,down,
20260610_201428,12,1781104472341,10,down,-1.4047222888247113,majority_baseline,0,0,down,
20260610_201428,13,1781104472443,10,down,-0.9365253778192972,majority_baseline,0,0,down,
20260610_201428,14,1781104472545,10,down,-0.9365253778192972,majority_baseline,0,0,down,
20260610_201428,15,1781104472647,10,down,-0.2906645803413266,majority_baseline,0,0,down,
20260610_201428,16,1781104472749,10,down,-0.1291863440344709,majority_baseline,0,0,down,
20260610_201428,39,1781104475097,10,up,0.8881675891503349,majority_baseline,1,0,down,
20260610_201428,40,1781104475199,10,up,0.8881675891503349,majority_baseline,1,0,down,
20260610_201428,41,1781104475301,10,up,0.6136430615955035,majority_baseline,1,0,down,
20260610_201428,42,1781104475403,10,up,0.6136430615955035,majority_baseline,1,0,down,
20260610_201428,43,1781104475505,10,up,0.1614850162101611,majority_baseline,1,0,down,
20260610_201428,44,1781104475607,10,up,0.1614850162101611,majority_baseline,1,0,down,
20260610_201428,45,1781104475709,10,up,0.1614850162101611,majority_baseline,1,0,down,
20260610_201428,46,1781104475811,10,up,0.1614850162101611,majority_baseline,1,0,down,
20260610_201428,47,1781104475913,10,up,0.1614850162101611,majority_baseline,1,0,down,
20260610_201428,48,1781104476015,10,up,0.1614850162101611,majority_baseline,1,0,down,
20260610_201428,49,1781104476117,10,down,-0.7266180370812947,majority_baseline,0,0,down,
20260610_201428,50,1781104476219,10,down,-0.7266180370812947,majority_baseline,0,0,down,
20260610_201428,51,1781104476321,10,down,-0.4521303007232191,majority_baseline,0,0,down,
20260610_201428,52,1781104476423,10,down,-0.8558180692264106,majority_baseline,0,0,down,
20260610_201428,53,1781104476525,10,down,-1.3241557497822851,majority_baseline,0,0,down,
20260610_201428,54,1781104476627,10,down,-1.6955652893557716,majority_baseline,0,0,down,
20260610_201428,55,1781104476729,10,down,-1.6955652893557716,majority_baseline,0,0,down,
20260610_201428,56,1781104476831,10,down,-1.6955652893557716,majority_baseline,0,0,down,
20260610_201428,57,1781104476933,10,down,-1.6955652893557716,majority_baseline,0,0,down,
20260610_201428,58,1781104477035,10,down,-1.6955652893557716,majority_baseline,0,0,down,
20260610_201428,59,1781104477137,10,down,-1.6955652893557716,majority_baseline,0,0,down,
20260610_201428,60,1781104477239,10,down,-1.808602975312823,majority_baseline,0,0,down,
20260610_201428,61,1781104477341,10,down,-1.808602975312823,majority_baseline,0,0,down,
20260610_201428,62,1781104477443,10,down,-1.4049536728633072,majority_baseline,0,0,down,
20260610_201428,63,1781104477545,10,down,-0.484511382383701,majority_baseline,0,0,down,
20260610_201428,64,1781104477647,10,down,-0.1130568554841282,majority_baseline,0,0,down,
20260610_201428,65,1781104477749,10,down,-0.1130568554841282,majority_baseline,0,0,down,
20260610_201428,66,1781104477851,10,down,-0.1130568554841282,majority_baseline,0,0,down,
20260610_201428,67,1781104477953,10,down,-0.1130568554841282,majority_baseline,0,0,down,
20260610_201428,68,1781104478055,10,down,-0.1130568554841282,majority_baseline,0,0,down,
20260610_201428,69,1781104478157,10,down,-0.1130568554841282,majority_baseline,0,0,down,
20260610_201428,72,1781104478463,10,down,-0.9206162314334688,majority_baseline,0,0,down,
20260610_201428,73,1781104478565,10,down,-0.9206162314334688,majority_baseline,0,0,down,
20260610_201428,74,1781104478667,10,down,-0.9206162314334688,majority_baseline,0,0,down,
20260610_201428,75,1781104478769,10,down,-0.9206162314334688,majority_baseline,0,0,down,
20260610_201428,76,1781104478871,10,down,-0.9206162314334688,majority_baseline,0,0,down,
20260610_201428,77,1781104478973,10,down,-0.9206162314334688,majority_baseline,0,0,down,
20260610_201428,78,1781104479075,10,down,-0.9206162314334688,majority_baseline,0,0,down,
20260610_201428,79,1781104479177,10,down,-0.9206162314334688,majority_baseline,0,0,down,
20260610_201428,80,1781104479279,10,down,-0.9206162314334688,majority_baseline,0,0,down,
20260610_201428,81,1781104479381,10,down,-0.9206162314334688,majority_baseline,0,0,down,
20260610_201428,96,1781104480911,10,up,0.6784112577506995,majority_baseline,1,0,down,
20260610_201428,97,1781104481013,10,up,0.6784112577506995,majority_baseline,1,0,down,
20260610_201428,98,1781104481115,10,up,0.6784112577506995,majority_baseline,1,0,down,
20260610_201428,99,1781104481217,10,up,0.6784112577506995,majority_baseline,1,0,down,
20260610_201428,100,1781104481319,10,up,0.6784112577506995,majority_baseline,1,0,down,
20260610_201428,101,1781104481421,10,up,0.6784112577506995,majority_baseline,1,0,down,
20260610_201428,102,1781104481523,10,up,0.6784112577506995,majority_baseline,1,0,down,
20260610_201428,103,1781104481625,10,up,0.6784112577506995,majority_baseline,1,0,down,
20260610_201428,104,1781104481727,10,up,0.6784112577506995,majority_baseline,1,0,down,
20260610_201428,105,1781104481829,10,up,0.6784112577506995,majority_baseline,1,0,down,
20260610_201428,114,1781104482747,10,up,0.4522434911247153,majority_baseline,1,0,down,
20260610_201428,115,1781104482849,10,up,0.4522434911247153,majority_baseline,1,0,down,
20260610_201428,116,1781104482951,10,up,0.4522434911247153,majority_baseline,1,0,down,
20260610_201428,117,1781104483053,10,up,0.9367900887591318,majority_baseline,1,0,down,
20260610_201428,118,1781104483155,10,up,2.2450659023731667,majority_baseline,1,0,down,
20260610_201428,119,1781104483257,10,up,2.6650062869926217,majority_baseline,1,0,down,
20260610_201428,120,1781104483359,10,up,2.6650062869926217,majority_baseline,1,0,down,
20260610_201428,121,1781104483461,10,up,2.6650062869926217,majority_baseline,1,0,down,
20260610_201428,122,1781104483563,10,up,2.6650062869926217,majority_baseline,1,0,down,
20260610_201428,123,1781104483665,10,up,2.6650062869926217,majority_baseline,1,0,down,
20260610_201428,124,1781104483767,10,up,2.212662729634829,majority_baseline,1,0,down,
20260610_201428,125,1781104483869,10,up,2.7456398834879714,majority_baseline,1,0,down,
20260610_201428,126,1781104483971,10,up,2.7456398834879714,majority_baseline,1,0,down,
20260610_201428,127,1781104484073,10,up,2.2610056468619355,majority_baseline,1,0,down,
20260610_201428,128,1781104484175,10,up,0.9527277483578622,majority_baseline,1,0,down,
20260610_201428,129,1781104484277,10,up,0.53285925007307,majority_baseline,1,0,down,
20260610_201428,130,1781104484379,10,up,0.53285925007307,majority_baseline,1,0,down,
20260610_201428,131,1781104484481,10,up,1.001129500137754,majority_baseline,1,0,down,
20260610_201428,132,1781104484583,10,up,1.001129500137754,majority_baseline,1,0,down,
20260610_201428,133,1781104484685,10,up,1.001129500137754,majority_baseline,1,0,down,
20260610_201428,134,1781104484787,10,up,1.001129500137754,majority_baseline,1,0,down,
20260610_201428,135,1781104484889,10,up,2.0182987033634525,majority_baseline,1,0,down,
20260610_201428,136,1781104484991,10,up,2.518836781797429,majority_baseline,1,0,down,
20260610_201428,137,1781104485093,10,up,2.583422340305397,majority_baseline,1,0,down,
20260610_201428,138,1781104485195,10,up,2.583422340305397,majority_baseline,1,0,down,
20260610_201428,139,1781104485299,10,up,2.0182987033634525,majority_baseline,1,0,down,
20260610_201428,140,1781104485401,10,up,2.0182987033634525,majority_baseline,1,0,down,
20260610_201428,141,1781104485503,10,up,1.54998082706026,majority_baseline,1,0,down,
20260610_201428,142,1781104485605,10,up,1.54998082706026,majority_baseline,1,0,down,
20260610_201428,143,1781104485707,10,up,1.54998082706026,majority_baseline,1,0,down,
20260610_201428,144,1781104485809,10,up,1.54998082706026,majority_baseline,1,0,down,
20260610_201428,146,1781104486013,10,down,-0.5004120328111483,majority_baseline,0,0,down,
20260610_201428,147,1781104486115,10,down,-0.5649776793459349,majority_baseline,0,0,down,
20260610_201428,148,1781104486217,10,down,-0.5649776793459349,majority_baseline,0,0,down,
20260610_201428,157,1781104487135,10,up,0.6295821269697299,majority_baseline,1,0,down,
20260610_201428,158,1781104487237,10,up,0.6295821269697299,majority_baseline,1,0,down,
20260610_201428,159,1781104487339,10,up,0.6295821269697299,majority_baseline,1,0,down,
20260610_201428,160,1781104487441,10,up,0.6295821269697299,majority_baseline,1,0,down,
20260610_201428,161,1781104487543,10,up,0.6295821269697299,majority_baseline,1,0,down,
20260610_201428,162,1781104487645,10,up,0.6295821269697299,majority_baseline,1,0,down,
20260610_201428,163,1781104487747,10,up,0.6295821269697299,majority_baseline,1,0,down,
20260610_201428,164,1781104487849,10,up,0.6295821269697299,majority_baseline,1,0,down,
20260610_201428,165,1781104487951,10,up,0.6295821269697299,majority_baseline,1,0,down,
20260610_201428,166,1781104488053,10,up,0.6295821269697299,majority_baseline,1,0,down,
20260610_201428,167,1781104488155,10,up,0.920100565378057,majority_baseline,1,0,down,
20260610_201428,168,1781104488257,10,up,0.920100565378057,majority_baseline,1,0,down,
20260610_201428,169,1781104488359,10,up,0.920100565378057,majority_baseline,1,0,down,
20260610_201428,170,1781104488461,10,up,0.920100565378057,majority_baseline,1,0,down,
20260610_201428,171,1781104488563,10,up,0.920100565378057,majority_baseline,1,0,down,
20260610_201428,172,1781104488665,10,up,0.920100565378057,majority_baseline,1,0,down,
20260610_201428,173,1781104488767,10,up,1.5012167119321518,majority_baseline,1,0,down,
20260610_201428,174,1781104488869,10,up,1.5012167119321518,majority_baseline,1,0,down,
20260610_201428,175,1781104488971,10,up,1.5012167119321518,majority_baseline,1,0,down,
20260610_201428,176,1781104489073,10,up,1.5012167119321518,majority_baseline,1,0,down,
20260610_201428,177,1781104489175,10,up,0.5810626829449994,majority_baseline,1,0,down,
20260610_201428,178,1781104489277,10,up,0.5810626829449994,majority_baseline,1,0,down,
20260610_201428,179,1781104489379,10,up,0.5810626829449994,majority_baseline,1,0,down,
20260610_201428,180,1781104489481,10,up,0.5810626829449994,majority_baseline,1,0,down,
20260610_201428,181,1781104489583,10,up,0.5810626829449994,majority_baseline,1,0,down,
20260610_201428,182,1781104489685,10,up,0.5810626829449994,majority_baseline,1,0,down,
20260610_201428,211,1781104492645,10,down,-2.437093531938439,majority_baseline,0,0,down,
20260610_201428,212,1781104492747,10,down,-3.227938452897705,majority_baseline,0,0,down,
20260610_201428,213,1781104492849,10,down,-3.792827682154165,majority_baseline,0,0,down,
20260610_201428,214,1781104492951,10,down,-4.422275680470156,majority_baseline,0,0,down,
20260610_201428,215,1781104493053,10,down,-4.422275680470156,majority_baseline,0,0,down,
20260610_201428,216,1781104493155,10,down,-4.422275680470156,majority_baseline,0,0,down,
20260610_201428,217,1781104493257,10,down,-4.422275680470156,majority_baseline,0,0,down,
20260610_201428,218,1781104493359,10,down,-4.422275680470156,majority_baseline,0,0,down,
20260610_201428,219,1781104493461,10,down,-4.422275680470156,majority_baseline,0,0,down,
20260610_201428,220,1781104493563,10,down,-4.422275680470156,majority_baseline,0,0,down,
20260610_201428,221,1781104493665,10,down,-1.985666073925918,majority_baseline,0,0,down,
20260610_201428,222,1781104493767,10,down,-1.1947228767639206,majority_baseline,0,0,down,
20260610_201428,223,1781104493869,10,down,-0.6296868276778333,majority_baseline,0,0,down,
20260610_201428,237,1781104495301,10,down,-0.7266074777600995,majority_baseline,0,0,down,
20260610_201428,238,1781104495403,10,down,-0.7266074777600995,majority_baseline,0,0,down,
20260610_201428,239,1781104495505,10,down,-0.7266074777600995,majority_baseline,0,0,down,
20260610_201428,240,1781104495607,10,down,-0.7266074777600995,majority_baseline,0,0,down,
20260610_201428,241,1781104495709,10,down,-0.7266074777600995,majority_baseline,0,0,down,
20260610_201428,242,1781104495811,10,down,-0.7266074777600995,majority_baseline,0,0,down,
20260610_201428,243,1781104495913,10,down,-0.7266074777600995,majority_baseline,0,0,down,
20260610_201428,244,1781104496015,10,down,-0.7266074777600995,majority_baseline,0,0,down,
20260610_201428,245,1781104496117,10,down,-1.388627624162586,majority_baseline,0,0,down,
20260610_201428,246,1781104496219,10,down,-1.388627624162586,majority_baseline,0,0,down,
20260610_201428,247,1781104496321,10,down,-1.1303604315715532,majority_baseline,0,0,down,
20260610_201428,248,1781104496423,10,down,-1.1303604315715532,majority_baseline,0,0,down,
20260610_201428,249,1781104496525,10,down,-1.1303604315715532,majority_baseline,0,0,down,
20260610_201428,250,1781104496627,10,down,-1.1303604315715532,majority_baseline,0,0,down,
20260610_201428,251,1781104496729,10,down,-1.1303604315715532,majority_baseline,0,0,down,
20260610_201428,252,1781104496831,10,down,-1.1465084377371149,majority_baseline,0,0,down,
20260610_201428,253,1781104496933,10,down,-1.1465084377371149,majority_baseline,0,0,down,
20260610_201428,254,1781104497035,10,down,-1.1465084377371149,majority_baseline,0,0,down,
20260610_201428,255,1781104497137,10,down,-0.4844722603292162,majority_baseline,0,0,down,
20260610_201428,256,1781104497239,10,down,-0.4844722603292162,majority_baseline,0,0,down,
20260610_201428,257,1781104497341,10,down,-0.0161498316786357,majority_baseline,0,0,down,
20260610_201428,258,1781104497443,10,down,-0.0161498316786357,majority_baseline,0,0,down,
20260610_201428,259,1781104497545,10,down,-0.0161498316786357,majority_baseline,0,0,down,
20260610_201428,260,1781104497647,10,down,-0.0161498316786357,majority_baseline,0,0,down,
20260610_201428,261,1781104497749,10,down,-0.6944427621702332,majority_baseline,0,0,down,
20260610_201428,262,1781104497851,10,down,-0.6782940259264514,majority_baseline,0,0,down,
20260610_201428,263,1781104497953,10,down,-0.9043920345686018,majority_baseline,0,0,down,
20260610_201428,264,1781104498055,10,down,-1.1143401854485369,majority_baseline,0,0,down,
20260610_201428,265,1781104498157,10,down,-1.3565880518506823,majority_baseline,0,0,down,
20260610_201428,266,1781104498259,10,down,-1.3565880518506823,majority_baseline,0,0,down,
20260610_201428,267,1781104498361,10,down,-1.3565880518506823,majority_baseline,0,0,down,
20260610_201428,268,1781104498463,10,down,-1.3565880518506823,majority_baseline,0,0,down,
20260610_201428,269,1781104498565,10,down,-1.3565880518506823,majority_baseline,0,0,down,
20260610_201428,270,1781104498667,10,down,-1.3565880518506823,majority_baseline,0,0,down,
20260610_201428,271,1781104498769,10,down,-0.6783400373244763,majority_baseline,0,0,down,
20260610_201428,272,1781104498871,10,down,-0.6783400373244763,majority_baseline,0,0,down,
20260610_201428,273,1781104498973,10,down,-1.033684382238942,majority_baseline,0,0,down,
20260610_201428,274,1781104499075,10,down,-1.2436776355273516,majority_baseline,0,0,down,
20260610_201428,275,1781104499177,10,down,-1.8736376756234296,majority_baseline,0,0,down,
20260610_201428,276,1781104499279,10,down,-1.8736376756234296,majority_baseline,0,0,down,
20260610_201428,277,1781104499381,10,down,-1.8736376756234296,majority_baseline,0,0,down,
20260610_201428,278,1781104499483,10,down,-1.8736376756234296,majority_baseline,0,0,down,
20260610_201428,279,1781104499585,10,down,-1.8736376756234296,majority_baseline,0,0,down,
20260610_201428,280,1781104499687,10,down,-1.8736376756234296,majority_baseline,0,0,down,
20260610_201428,281,1781104499789,10,down,-2.471263485951392,majority_baseline,0,0,down,
20260610_201428,282,1781104499891,10,down,-2.471263485951392,majority_baseline,0,0,down,
20260610_201428,283,1781104499993,10,down,-1.889899617255608,majority_baseline,0,0,down,
20260610_201428,284,1781104500095,10,down,-1.4699836605658323,majority_baseline,0,0,down,
20260610_201428,289,1781104500605,10,down,-0.4684971983059949,majority_baseline,0,0,down,
20260610_201428,290,1781104500707,10,down,-0.5331175015210743,majority_baseline,0,0,down,
20260610_201428,291,1781104500809,10,up,0.0646241660451352,majority_baseline,1,0,down,
20260610_201428,292,1781104500911,10,up,0.0646241660451352,majority_baseline,1,0,down,
20260610_201428,293,1781104501013,10,up,0.0646241660451352,majority_baseline,1,0,down,
20260610_201428,294,1781104501115,10,up,0.0646241660451352,majority_baseline,1,0,down,
20260610_201428,295,1781104501217,10,down,-0.5331175015210743,majority_baseline,0,0,down,
20260610_201428,296,1781104501319,10,down,-0.5331175015210743,majority_baseline,0,0,down,
20260610_201428,297,1781104501421,10,down,-0.5331175015210743,majority_baseline,0,0,down,
20260610_201428,298,1781104501523,10,down,-0.5331175015210743,majority_baseline,0,0,down,
20260610_201428,299,1781104501625,10,down,-0.0646233307999288,majority_baseline,0,0,down,
20260610_201428,315,1781104503257,10,down,-0.1292474968395129,majority_baseline,0,0,down,
20260610_201428,316,1781104503359,10,down,-0.5493018615676526,majority_baseline,0,0,down,
20260610_201428,317,1781104503461,10,down,-0.5493018615676526,majority_baseline,0,0,down,
20260610_201428,318,1781104503563,10,down,-0.5493018615676526,majority_baseline,0,0,down,
20260610_201428,319,1781104503665,10,down,-0.5493018615676526,majority_baseline,0,0,down,
20260610_201428,320,1781104503767,10,down,-0.5493018615676526,majority_baseline,0,0,down,
20260610_201428,321,1781104503869,10,down,-0.5493018615676526,majority_baseline,0,0,down,
20260610_201428,322,1781104503971,10,down,-0.5493018615676526,majority_baseline,0,0,down,
20260610_201428,323,1781104504073,10,down,-0.5493018615676526,majority_baseline,0,0,down,
20260610_201428,324,1781104504175,10,down,-0.5493018615676526,majority_baseline,0,0,down,
20260610_201428,325,1781104504277,10,down,-0.4200597938963657,majority_baseline,0,0,down,
20260610_201428,336,1781104505399,10,up,0.5331752118764577,majority_baseline,1,0,down,
20260610_201428,337,1781104505501,10,up,0.5331752118764577,majority_baseline,1,0,down,
20260610_201428,338,1781104505603,10,up,0.5331752118764577,majority_baseline,1,0,down,
20260610_201428,339,1781104505705,10,up,0.5331752118764577,majority_baseline,1,0,down,
20260610_201428,340,1781104505807,10,up,0.5331752118764577,majority_baseline,1,0,down,
20260610_201428,341,1781104505911,10,up,0.5331752118764577,majority_baseline,1,0,down,
20260610_201428,342,1781104506013,10,up,0.5331752118764577,majority_baseline,1,0,down,
20260610_201428,343,1781104506115,10,up,0.5331752118764577,majority_baseline,1,0,down,
20260610_201428,344,1781104506217,10,up,0.5331752118764577,majority_baseline,1,0,down,
20260610_201428,345,1781104506319,10,up,0.5331752118764577,majority_baseline,1,0,down,
20260610_201428,353,1781104507135,10,down,-0.5654587122239096,majority_baseline,0,0,down,
20260610_201428,354,1781104507237,10,down,-0.5654587122239096,majority_baseline,0,0,down,
20260610_201428,355,1781104507339,10,down,-0.5654587122239096,majority_baseline,0,0,down,
20260610_201428,356,1781104507441,10,down,-0.5654587122239096,majority_baseline,0,0,down,
20260610_201428,357,1781104507543,10,down,-0.5654587122239096,majority_baseline,0,0,down,
20260610_201428,358,1781104507645,10,down,-0.5654587122239096,majority_baseline,0,0,down,
20260610_201428,359,1781104507747,10,down,-0.5654587122239096,majority_baseline,0,0,down,
20260610_201428,360,1781104507849,10,down,-0.5654587122239096,majority_baseline,0,0,down,
20260610_201428,361,1781104507951,10,down,-0.5654587122239096,majority_baseline,0,0,down,
20260610_201428,362,1781104508053,10,down,-0.5654587122239096,majority_baseline,0,0,down,
20260610_201428,383,1781104510195,10,up,0.5493338115769575,majority_baseline,1,0,down,
20260610_201428,384,1781104510297,10,up,0.5493338115769575,majority_baseline,1,0,down,
20260610_201428,385,1781104510399,10,up,0.5493338115769575,majority_baseline,1,0,down,
20260610_201428,386,1781104510501,10,up,0.5493338115769575,majority_baseline,1,0,down,
20260610_201428,387,1781104510603,10,up,0.4523925507093906,majority_baseline,1,0,down,
20260610_201428,388,1781104510705,10,up,0.3069806594102608,majority_baseline,1,0,down,
20260610_201428,389,1781104510807,10,up,0.3069806594102608,majority_baseline,1,0,down,
20260610_201428,390,1781104510909,10,up,0.0161568768097808,majority_baseline,1,0,down,
20260610_201428,391,1781104511011,10,down,-0.0646275072446744,majority_baseline,0,0,down,
20260610_201428,392,1781104511113,10,down,-0.5008631811431741,majority_baseline,0,0,down,
20260610_201428,393,1781104511215,10,down,-1.37325909117747,majority_baseline,0,0,down,
20260610_201428,394,1781104511317,10,down,-1.37325909117747,majority_baseline,0,0,down,
20260610_201428,395,1781104511419,10,down,-2.124512593997263,majority_baseline,0,0,down,
20260610_201428,396,1781104511521,10,down,-3.053481979206074,majority_baseline,0,0,down,
20260610_201428,397,1781104511623,10,down,-2.956574703191217,majority_baseline,0,0,down,
20260610_201428,398,1781104511725,10,down,-2.8112102664112903,majority_baseline,0,0,down,
20260610_201428,399,1781104511827,10,down,-2.8112102664112903,majority_baseline,0,0,down,
20260610_201428,400,1781104511929,10,down,-2.520468710238699,majority_baseline,0,0,down,
20260610_201428,401,1781104512031,10,down,-2.4397041656731844,majority_baseline,0,0,down,
20260610_201428,402,1781104512133,10,down,-2.003553075171638,majority_baseline,0,0,down,
20260610_201428,403,1781104512235,10,down,-1.276498451640018,majority_baseline,0,0,down,
20260610_201428,404,1781104512337,10,down,-1.276498451640018,majority_baseline,0,0,down,
20260610_201428,405,1781104512439,10,down,-0.5251812279216672,majority_baseline,0,0,down,
20260610_201428,406,1781104512541,10,up,0.4040231004243111,majority_baseline,1,0,down,
20260610_201428,407,1781104512643,10,up,0.4040231004243111,majority_baseline,1,0,down,
20260610_201428,408,1781104512745,10,up,0.4040231004243111,majority_baseline,1,0,down,
20260610_201428,409,1781104512847,10,up,0.4040231004243111,majority_baseline,1,0,down,
20260610_201428,410,1781104512949,10,up,0.4040231004243111,majority_baseline,1,0,down,
20260610_201428,411,1781104513051,10,up,0.0323218480335896,majority_baseline,1,0,down,
20260610_201428,412,1781104513153,10,up,0.0323218480335896,majority_baseline,1,0,down,
20260610_201428,413,1781104513255,10,down,-1.1312189773293737,majority_baseline,0,0,down,
20260610_201428,414,1781104513357,10,down,-2.0846749725078606,majority_baseline,0,0,down,
20260610_201428,415,1781104513459,10,down,-2.0846749725078606,majority_baseline,0,0,down,
20260610_201428,416,1781104513561,10,down,-2.1169955147160024,majority_baseline,0,0,down,
20260610_201428,417,1781104513663,10,down,-2.1169955147160024,majority_baseline,0,0,down,
20260610_201428,418,1781104513765,10,down,-2.1169955147160024,majority_baseline,0,0,down,
20260610_201428,419,1781104513867,10,down,-2.1169955147160024,majority_baseline,0,0,down,
20260610_201428,420,1781104513969,10,down,-2.1169955147160024,majority_baseline,0,0,down,
20260610_201428,421,1781104514071,10,down,-1.7453741524631194,majority_baseline,0,0,down,
20260610_201428,422,1781104514173,10,down,-1.7453741524631194,majority_baseline,0,0,down,
20260610_201428,423,1781104514275,10,down,-1.9556140264398447,majority_baseline,0,0,down,
20260610_201428,424,1781104514377,10,down,-1.0829639267939672,majority_baseline,0,0,down,
20260610_201428,425,1781104514479,10,down,-1.0829639267939672,majority_baseline,0,0,down,
20260610_201428,426,1781104514581,10,down,-1.050640041831974,majority_baseline,0,0,down,
20260610_201428,427,1781104514683,10,down,-1.050640041831974,majority_baseline,0,0,down,
20260610_201428,428,1781104514785,10,down,-1.050640041831974,majority_baseline,0,0,down,
20260610_201428,429,1781104514887,10,down,-1.050640041831974,majority_baseline,0,0,down,
20260610_201428,430,1781104514989,10,down,-0.2747827801719005,majority_baseline,0,0,down,
20260610_201428,431,1781104515091,10,down,-0.2747827801719005,majority_baseline,0,0,down,
20260610_201428,432,1781104515193,10,down,-0.2747827801719005,majority_baseline,0,0,down,
20260610_201428,433,1781104515295,10,up,0.6951062098026206,majority_baseline,1,0,down,
20260610_201428,434,1781104515397,10,up,0.7759387848960131,majority_baseline,1,0,down,
20260610_201428,435,1781104515499,10,up,0.7759387848960131,majority_baseline,1,0,down,
20260610_201428,436,1781104515601,10,up,0.7759387848960131,majority_baseline,1,0,down,
20260610_201428,437,1781104515703,10,up,0.7759387848960131,majority_baseline,1,0,down,
20260610_201428,438,1781104515805,10,up,0.7759387848960131,majority_baseline,1,0,down,
20260610_201428,439,1781104515907,10,up,0.7759387848960131,majority_baseline,1,0,down,
20260610_201428,447,1781104516725,10,up,1.163817872202877,majority_baseline,1,0,down,
20260610_201428,448,1781104516827,10,up,1.163817872202877,majority_baseline,1,0,down,
20260610_201428,449,1781104516929,10,up,1.163817872202877,majority_baseline,1,0,down,
20260610_201428,450,1781104517031,10,up,1.163817872202877,majority_baseline,1,0,down,
20260610_201428,451,1781104517133,10,up,1.163817872202877,majority_baseline,1,0,down,
20260610_201428,452,1781104517235,10,up,1.163817872202877,majority_baseline,1,0,down,
20260610_201428,453,1781104517337,10,up,1.6487419856203722,majority_baseline,1,0,down,
20260610_201428,454,1781104517439,10,up,1.6487419856203722,majority_baseline,1,0,down,
20260610_201428,455,1781104517541,10,up,1.6487419856203722,majority_baseline,1,0,down,
20260610_201428,456,1781104517643,10,up,2.7963957207077783,majority_baseline,1,0,down,
20260610_201428,457,1781104517745,10,up,2.2627158570309724,majority_baseline,1,0,down,
20260610_201428,458,1781104517847,10,up,2.2627158570309724,majority_baseline,1,0,down,
20260610_201428,459,1781104517949,10,up,2.2627158570309724,majority_baseline,1,0,down,
20260610_201428,460,1781104518051,10,up,2.2627158570309724,majority_baseline,1,0,down,
20260610_201428,461,1781104518153,10,up,1.389954026462803,majority_baseline,1,0,down,
20260610_201428,462,1781104518255,10,up,0.339407378555645,majority_baseline,1,0,down,
20260610_201428,463,1781104518357,10,down,-0.1454532525368979,majority_baseline,0,0,down,
20260610_201428,464,1781104518459,10,down,-0.1454532525368979,majority_baseline,0,0,down,
20260610_201428,465,1781104518561,10,down,-0.1454532525368979,majority_baseline,0,0,down,
20260610_201428,466,1781104518663,10,down,-1.292769459614318,majority_baseline,0,0,down,
20260610_201428,467,1781104518765,10,down,-1.92287338686703,majority_baseline,0,0,down,
20260610_201428,468,1781104518867,10,down,-1.92287338686703,majority_baseline,0,0,down,
20260610_201428,469,1781104518969,10,down,-1.92287338686703,majority_baseline,0,0,down,
20260610_201428,470,1781104519071,10,down,-1.92287338686703,majority_baseline,0,0,down,
20260610_201428,471,1781104519173,10,down,-1.0504006470468674,majority_baseline,0,0,down,
20260610_201428,479,1781104519989,10,down,-0.4848512274413519,majority_baseline,0,0,down,
20260610_201428,480,1781104520091,10,down,-0.7434385487425921,majority_baseline,0,0,down,
20260610_201428,481,1781104520193,10,down,-0.7434385487425921,majority_baseline,0,0,down,
20260610_201428,482,1781104520295,10,down,-0.7434385487425921,majority_baseline,0,0,down,
20260610_201428,483,1781104520397,10,down,-0.7434385487425921,majority_baseline,0,0,down,
20260610_201428,484,1781104520499,10,down,-0.7434385487425921,majority_baseline,0,0,down,
20260610_201428,485,1781104520601,10,down,-0.7434385487425921,majority_baseline,0,0,down,
20260610_201428,486,1781104520703,10,down,-0.7434385487425921,majority_baseline,0,0,down,
20260610_201428,487,1781104520805,10,down,-0.7434385487425921,majority_baseline,0,0,down,
20260610_201428,488,1781104520907,10,down,-0.7434385487425921,majority_baseline,0,0,down,
20260610_201428,489,1781104521009,10,down,-0.2585998595472372,majority_baseline,0,0,down,
20260610_201428,493,1781104521417,10,down,-0.0161629091954829,majority_baseline,0,0,down,
20260610_201428,494,1781104521519,10,down,-0.7434938229411436,majority_baseline,0,0,down,
20260610_201428,495,1781104521621,10,down,-0.7434938229411436,majority_baseline,0,0,down,
20260610_201428,496,1781104521723,10,down,-0.7434938229411436,majority_baseline,0,0,down,
20260610_201428,497,1781104521825,10,down,-0.7434938229411436,majority_baseline,0,0,down,
20260610_201428,498,1781104521927,10,down,-0.7434938229411436,majority_baseline,0,0,down,
20260610_201428,499,1781104522029,10,down,-1.0990778252162323,majority_baseline,0,0,down,
20260610_201428,500,1781104522131,10,down,-1.0990778252162323,majority_baseline,0,0,down,
20260610_201428,501,1781104522233,10,down,-1.131403643604978,majority_baseline,0,0,down,
20260610_201428,502,1781104522335,10,down,-1.131403643604978,majority_baseline,0,0,down,
20260610_201428,503,1781104522437,10,down,-1.1152425369653771,majority_baseline,0,0,down,
20260610_201428,504,1781104522539,10,down,-0.3879386636640447,majority_baseline,0,0,down,
20260610_201428,505,1781104522641,10,down,-0.3879386636640447,majority_baseline,0,0,down,
20260610_201428,506,1781104522743,10,down,-0.3879386636640447,majority_baseline,0,0,down,
20260610_201428,507,1781104522845,10,down,-0.3879386636640447,majority_baseline,0,0,down,
20260610_201428,508,1781104522947,10,down,-0.8243696602872053,majority_baseline,0,0,down,
20260610_201428,509,1781104523049,10,down,-0.4687758887544913,majority_baseline,0,0,down,
20260610_201428,510,1781104523151,10,down,-0.4687758887544913,majority_baseline,0,0,down,
20260610_201428,511,1781104523253,10,down,-0.8728958562509437,majority_baseline,0,0,down,
20260610_201428,512,1781104523355,10,down,-0.8728958562509437,majority_baseline,0,0,down,
20260610_201428,513,1781104523457,10,down,-0.8728958562509437,majority_baseline,0,0,down,
20260610_201428,514,1781104523559,10,down,-0.8728958562509437,majority_baseline,0,0,down,
20260610_201428,515,1781104523661,10,down,-0.8728958562509437,majority_baseline,0,0,down,
20260610_201428,516,1781104523763,10,down,-0.8728958562509437,majority_baseline,0,0,down,
20260610_201428,517,1781104523865,10,down,-0.8728958562509437,majority_baseline,0,0,down,
20260610_201428,518,1781104523967,10,down,-0.4364669776357743,majority_baseline,0,0,down,
20260610_201428,519,1781104524069,10,down,-0.4364669776357743,majority_baseline,0,0,down,
20260610_201428,520,1781104524171,10,down,-0.4364669776357743,majority_baseline,0,0,down,
20260610_201428,553,1781104527539,10,up,0.7436428638984971,majority_baseline,1,0,down,
20260610_201428,554,1781104527641,10,up,0.7436428638984971,majority_baseline,1,0,down,
20260610_201428,555,1781104527743,10,up,0.7436428638984971,majority_baseline,1,0,down,
20260610_201428,556,1781104527845,10,up,0.7436428638984971,majority_baseline,1,0,down,
20260610_201428,557,1781104527947,10,up,0.7436428638984971,majority_baseline,1,0,down,
20260610_201428,558,1781104528049,10,up,0.7436428638984971,majority_baseline,1,0,down,
20260610_201428,559,1781104528151,10,up,0.7436428638984971,majority_baseline,1,0,down,
20260610_201428,560,1781104528253,10,up,0.7436428638984971,majority_baseline,1,0,down,
20260610_201605,0,1781104567733,10,down,-1.4071556289863008,majority_baseline,0,0,down,
20260610_201605,1,1781104567835,10,down,-1.4071556289863008,majority_baseline,0,0,down,
20260610_201605,2,1781104567937,10,down,-1.11605247387625,majority_baseline,0,0,down,
20260610_201605,3,1781104568039,10,down,-1.11605247387625,majority_baseline,0,0,down,
20260610_201605,4,1781104568141,10,up,0.4448081987051822,majority_baseline,1,0,down,
20260610_201605,5,1781104568243,10,up,0.9543643973564108,majority_baseline,1,0,down,
20260610_201605,6,1781104568345,10,up,1.1727359120050629,majority_baseline,1,0,down,
20260610_201605,7,1781104568447,10,up,1.714620781689824,majority_baseline,1,0,down,
20260610_201605,8,1781104568549,10,up,1.9168538362546168,majority_baseline,1,0,down,
20260610_201605,9,1781104568651,10,up,3.251656363014721,majority_baseline,1,0,down,
20260610_201605,10,1781104568753,10,up,2.68529549978469,majority_baseline,1,0,down,
20260610_201605,11,1781104568855,10,up,2.68529549978469,majority_baseline,1,0,down,
20260610_201605,12,1781104568957,10,up,2.68529549978469,majority_baseline,1,0,down,
20260610_201605,13,1781104569059,10,up,3.057354514814925,majority_baseline,1,0,down,
20260610_201605,14,1781104569161,10,up,1.6012382909447176,majority_baseline,1,0,down,
20260610_201605,15,1781104569263,10,up,1.6012382909447176,majority_baseline,1,0,down,
20260610_201605,16,1781104569365,10,up,1.382857420122452,majority_baseline,1,0,down,
20260610_201605,17,1781104569467,10,up,0.8409905251105521,majority_baseline,1,0,down,
20260610_201605,18,1781104569569,10,up,0.8329034042309225,majority_baseline,1,0,down,
20260610_201605,19,1781104569671,10,up,0.3719591330120231,majority_baseline,1,0,down,
20260610_201605,20,1781104569773,10,up,0.3719591330120231,majority_baseline,1,0,down,
20260610_201605,21,1781104569875,10,up,0.3719591330120231,majority_baseline,1,0,down,
20260610_201605,22,1781104569977,10,up,1.229082352560695,majority_baseline,1,0,down,
20260610_201605,23,1781104570079,10,up,0.8570913392524915,majority_baseline,1,0,down,
20260610_201605,24,1781104570181,10,up,0.8570913392524915,majority_baseline,1,0,down,
20260610_201605,25,1781104570283,10,up,2.3448725319208386,majority_baseline,1,0,down,
20260610_201605,26,1781104570385,10,up,3.8407394919381934,majority_baseline,1,0,down,
20260610_201605,27,1781104570487,10,up,5.182976872279976,majority_baseline,1,0,down,
20260610_201605,28,1781104570589,10,up,5.595351007203764,majority_baseline,1,0,down,
20260610_201605,29,1781104570691,10,up,5.934953235964269,majority_baseline,1,0,down,
20260610_201605,30,1781104570793,10,up,5.934953235964269,majority_baseline,1,0,down,
20260610_201605,31,1781104570895,10,up,5.934953235964269,majority_baseline,1,0,down,
20260610_201605,32,1781104570997,10,up,5.077426714865663,majority_baseline,1,0,down,
20260610_201605,33,1781104571099,10,up,5.077426714865663,majority_baseline,1,0,down,
20260610_201605,34,1781104571201,10,up,5.077426714865663,majority_baseline,1,0,down,
20260610_201605,35,1781104571303,10,up,3.5892390732317203,majority_baseline,1,0,down,
20260610_201605,36,1781104571405,10,up,2.0934097198876955,majority_baseline,1,0,down,
20260610_201605,37,1781104571507,10,up,0.7515868179752694,majority_baseline,1,0,down,
20260610_201605,38,1781104571609,10,up,0.3394123156574835,majority_baseline,1,0,down,
20260610_201605,43,1781104572119,10,up,0.8727449039369617,majority_baseline,1,0,down,
20260610_201605,44,1781104572221,10,up,1.5030606678934078,majority_baseline,1,0,down,
20260610_201605,45,1781104572323,10,up,1.5030606678934078,majority_baseline,1,0,down,
20260610_201605,46,1781104572425,10,up,1.5030606678934078,majority_baseline,1,0,down,
20260610_201605,47,1781104572527,10,up,1.5030606678934078,majority_baseline,1,0,down,
20260610_201605,48,1781104572629,10,up,1.5030606678934078,majority_baseline,1,0,down,
20260610_201605,49,1781104572731,10,up,1.2767934705748551,majority_baseline,1,0,down,
20260610_201605,50,1781104572833,10,up,1.1313359865861017,majority_baseline,1,0,down,
20260610_201605,51,1781104572935,10,up,1.1313359865861017,majority_baseline,1,0,down,
20260610_201605,52,1781104573037,10,up,1.1313359865861017,majority_baseline,1,0,down,
20260610_201605,53,1781104573139,10,up,0.2585685162115325,majority_baseline,1,0,down,
20260610_201605,54,1781104573241,10,down,-0.3716688172294979,majority_baseline,0,0,down,
20260610_201605,55,1781104573343,10,down,-0.3716688172294979,majority_baseline,0,0,down,
20260610_201605,56,1781104573445,10,down,-0.3716688172294979,majority_baseline,0,0,down,
20260610_201605,57,1781104573547,10,down,-0.3716688172294979,majority_baseline,0,0,down,
20260610_201605,58,1781104573649,10,down,-0.3716688172294979,majority_baseline,0,0,down,
20260610_201605,59,1781104573751,10,down,-0.1454389144439627,majority_baseline,0,0,down,
20260610_201605,63,1781104574159,10,up,0.597924233303182,majority_baseline,1,0,down,
20260610_201605,64,1781104574261,10,up,1.2928091530883812,majority_baseline,1,0,down,
20260610_201605,65,1781104574363,10,up,1.2928091530883812,majority_baseline,1,0,down,
20260610_201605,66,1781104574465,10,up,1.2928091530883812,majority_baseline,1,0,down,
20260610_201605,67,1781104574567,10,up,1.2928091530883812,majority_baseline,1,0,down,
20260610_201605,68,1781104574669,10,up,1.2928091530883812,majority_baseline,1,0,down,
20260610_201605,69,1781104574771,10,up,1.2928091530883812,majority_baseline,1,0,down,
20260610_201605,70,1781104574873,10,up,1.2928091530883812,majority_baseline,1,0,down,
20260610_201605,71,1781104574975,10,up,1.2928091530883812,majority_baseline,1,0,down,
20260610_201605,72,1781104575077,10,up,1.2928091530883812,majority_baseline,1,0,down,
20260610_201605,73,1781104575179,10,up,0.6948433734166315,majority_baseline,1,0,down,
20260610_201605,96,1781104577525,10,down,-1.1795358607180615,majority_baseline,0,0,down,
20260610_201605,97,1781104577627,10,down,-1.1795358607180615,majority_baseline,0,0,down,
20260610_201605,98,1781104577729,10,down,-1.1795358607180615,majority_baseline,0,0,down,
20260610_201605,99,1781104577831,10,down,-1.1795358607180615,majority_baseline,0,0,down,
20260610_201605,100,1781104577933,10,down,-1.1795358607180615,majority_baseline,0,0,down,
20260610_201605,101,1781104578035,10,down,-1.1795358607180615,majority_baseline,0,0,down,
20260610_201605,102,1781104578137,10,down,-1.1795358607180615,majority_baseline,0,0,down,
20260610_201605,103,1781104578239,10,down,-1.1795358607180615,majority_baseline,0,0,down,
20260610_201605,104,1781104578341,10,down,-1.1795358607180615,majority_baseline,0,0,down,
20260610_201605,105,1781104578443,10,down,-1.1795358607180615,majority_baseline,0,0,down,
20260610_201605,107,1781104578647,10,down,-1.0342356231141103,majority_baseline,0,0,down,
20260610_201605,108,1781104578749,10,down,-1.632153092727684,majority_baseline,0,0,down,
20260610_201605,109,1781104578851,10,down,-1.632153092727684,majority_baseline,0,0,down,
20260610_201605,110,1781104578953,10,down,-1.632153092727684,majority_baseline,0,0,down,
20260610_201605,111,1781104579055,10,down,-1.632153092727684,majority_baseline,0,0,down,
20260610_201605,112,1781104579157,10,down,-2.246230493951895,majority_baseline,0,0,down,
20260610_201605,113,1781104579259,10,down,-2.391669878452074,majority_baseline,0,0,down,
20260610_201605,114,1781104579361,10,down,-2.391669878452074,majority_baseline,0,0,down,
20260610_201605,115,1781104579463,10,down,-2.391669878452074,majority_baseline,0,0,down,
20260610_201605,116,1781104579565,10,down,-2.391669878452074,majority_baseline,0,0,down,
20260610_201605,117,1781104579667,10,down,-1.842422753598472,majority_baseline,0,0,down,
20260610_201605,118,1781104579769,10,down,-1.244517858426386,majority_baseline,0,0,down,
20260610_201605,119,1781104579871,10,down,-1.244517858426386,majority_baseline,0,0,down,
20260610_201605,120,1781104579973,10,down,-0.2909262526185063,majority_baseline,0,0,down,
20260610_201605,121,1781104580075,10,down,-0.2909262526185063,majority_baseline,0,0,down,
20260610_201605,122,1781104580177,10,up,1.002140863828327,majority_baseline,1,0,down,
20260610_201605,123,1781104580279,10,up,1.1476296195112037,majority_baseline,1,0,down,
20260610_201605,124,1781104580381,10,up,1.1476296195112037,majority_baseline,1,0,down,
20260610_201605,125,1781104580483,10,up,0.7596984805213758,majority_baseline,1,0,down,
20260610_201605,126,1781104580585,10,up,0.7596984805213758,majority_baseline,1,0,down,
20260610_201605,127,1781104580687,10,up,1.2446727601744811,majority_baseline,1,0,down,
20260610_201605,128,1781104580789,10,up,1.2446727601744811,majority_baseline,1,0,down,
20260610_201605,129,1781104580891,10,up,1.2446727601744811,majority_baseline,1,0,down,
20260610_201605,130,1781104580993,10,up,0.2909347166735188,majority_baseline,1,0,down,
20260610_201605,131,1781104581095,10,up,0.2909347166735188,majority_baseline,1,0,down,
20260610_201605,132,1781104581197,10,down,-0.3878866239725997,majority_baseline,0,0,down,
20260610_201605,133,1781104581299,10,down,-0.3878866239725997,majority_baseline,0,0,down,
20260610_201605,134,1781104581401,10,up,0.8161781046078787,majority_baseline,1,0,down,
20260610_201605,135,1781104581503,10,up,1.212192719246552,majority_baseline,1,0,down,
20260610_201605,136,1781104581605,10,up,1.212192719246552,majority_baseline,1,0,down,
20260610_201605,137,1781104581707,10,up,1.212192719246552,majority_baseline,1,0,down,
20260610_201605,138,1781104581809,10,up,1.212192719246552,majority_baseline,1,0,down,
20260610_201605,139,1781104581911,10,up,1.212192719246552,majority_baseline,1,0,down,
20260610_201605,140,1781104582013,10,up,1.212192719246552,majority_baseline,1,0,down,
20260610_201605,141,1781104582115,10,up,1.212192719246552,majority_baseline,1,0,down,
20260610_201605,142,1781104582217,10,up,2.06880890751604,majority_baseline,1,0,down,
20260610_201605,143,1781104582319,10,up,2.06880890751604,majority_baseline,1,0,down,
20260610_201605,144,1781104582421,10,up,0.864593366387556,majority_baseline,1,0,down,
20260610_201605,145,1781104582523,10,up,0.8565123624637572,majority_baseline,1,0,down,
20260610_201605,146,1781104582625,10,up,1.5999004506395131,majority_baseline,1,0,down,
20260610_201605,147,1781104582727,10,up,1.7938277779894207,majority_baseline,1,0,down,
20260610_201605,148,1781104582829,10,up,2.246324875139205,majority_baseline,1,0,down,
20260610_201605,149,1781104582931,10,up,2.246324875139205,majority_baseline,1,0,down,
20260610_201605,150,1781104583033,10,up,2.246324875139205,majority_baseline,1,0,down,
20260610_201605,151,1781104583135,10,up,2.246324875139205,majority_baseline,1,0,down,
20260610_201605,152,1781104583237,10,up,1.3896934837109851,majority_baseline,1,0,down,
20260610_201605,153,1781104583339,10,up,1.3896934837109851,majority_baseline,1,0,down,
20260610_201605,154,1781104583441,10,up,1.3896934837109851,majority_baseline,1,0,down,
20260610_201605,155,1781104583543,10,up,1.7451964679149334,majority_baseline,1,0,down,
20260610_201605,156,1781104583645,10,up,1.001797580335584,majority_baseline,1,0,down,
20260610_201605,157,1781104583747,10,up,0.8078856098614473,majority_baseline,1,0,down,
20260610_201605,158,1781104583849,10,up,0.3554535870509134,majority_baseline,1,0,down,
20260610_201605,159,1781104583951,10,up,0.3554535870509134,majority_baseline,1,0,down,
20260610_201605,160,1781104584053,10,up,0.3554535870509134,majority_baseline,1,0,down,
20260610_201605,161,1781104584155,10,up,0.3554535870509134,majority_baseline,1,0,down,
20260610_201605,162,1781104584257,10,up,0.3554535870509134,majority_baseline,1,0,down,
20260610_201605,163,1781104584359,10,up,0.3554535870509134,majority_baseline,1,0,down,
20260610_201605,164,1781104584461,10,up,0.3554535870509134,majority_baseline,1,0,down,
20260610_201605,165,1781104584563,10,up,0.4846922083312499,majority_baseline,1,0,down,
20260610_201605,166,1781104584665,10,up,0.4846922083312499,majority_baseline,1,0,down,
20260610_201605,167,1781104584767,10,up,0.9047587888844076,majority_baseline,1,0,down,
20260610_201605,168,1781104584869,10,up,0.9047587888844076,majority_baseline,1,0,down,
20260610_201605,169,1781104584971,10,up,0.9047587888844076,majority_baseline,1,0,down,
20260610_201605,170,1781104585073,10,up,0.9047587888844076,majority_baseline,1,0,down,
20260610_201605,171,1781104585175,10,up,0.9047587888844076,majority_baseline,1,0,down,
20260610_201605,172,1781104585277,10,up,0.9047587888844076,majority_baseline,1,0,down,
20260610_201605,173,1781104585379,10,up,0.9047587888844076,majority_baseline,1,0,down,
20260610_201605,174,1781104585481,10,up,0.9047587888844076,majority_baseline,1,0,down,
20260610_201605,175,1781104585583,10,up,0.4200462212411437,majority_baseline,1,0,down,
20260610_201605,176,1781104585685,10,up,0.4200462212411437,majority_baseline,1,0,down,
20260610_201605,187,1781104586807,10,down,-0.5654230859020171,majority_baseline,0,0,down,
20260610_201605,188,1781104586909,10,down,-1.4862549686556203,majority_baseline,0,0,down,
20260610_201605,189,1781104587011,10,down,-1.4862549686556203,majority_baseline,0,0,down,
20260610_201605,190,1781104587113,10,down,-1.4862549686556203,majority_baseline,0,0,down,
20260610_201605,191,1781104587215,10,down,-1.4862549686556203,majority_baseline,0,0,down,
20260610_201605,192,1781104587317,10,down,-1.0177615546236307,majority_baseline,0,0,down,
20260610_201605,193,1781104587419,10,down,-1.0177615546236307,majority_baseline,0,0,down,
20260610_201605,194,1781104587521,10,down,-1.0177615546236307,majority_baseline,0,0,down,
20260610_201605,195,1781104587623,10,down,-1.0177615546236307,majority_baseline,0,0,down,
20260610_201605,196,1781104587725,10,down,-1.0177615546236307,majority_baseline,0,0,down,
20260610_201605,197,1781104587827,10,down,-0.4523640464293432,majority_baseline,0,0,down,
20260610_201605,198,1781104587929,10,up,0.4685630544498664,majority_baseline,1,0,down,
20260610_201605,199,1781104588031,10,up,0.4685630544498664,majority_baseline,1,0,down,
20260610_201605,200,1781104588133,10,up,0.4685630544498664,majority_baseline,1,0,down,
20260610_201605,201,1781104588235,10,up,0.4685630544498664,majority_baseline,1,0,down,
20260610_201605,213,1781104589459,10,up,1.017865149024466,majority_baseline,1,0,down,
20260610_201605,214,1781104589561,10,up,1.51871942870363,majority_baseline,1,0,down,
20260610_201605,215,1781104589663,10,up,1.51871942870363,majority_baseline,1,0,down,
20260610_201605,216,1781104589765,10,up,1.7610682737090322,majority_baseline,1,0,down,
20260610_201605,217,1781104589867,10,up,1.825694632378028,majority_baseline,1,0,down,
20260610_201605,218,1781104589969,10,up,1.825694632378028,majority_baseline,1,0,down,
20260610_201605,219,1781104590071,10,up,1.3086837630305048,majority_baseline,1,0,down,
20260610_201605,220,1781104590173,10,up,0.3554449726750341,majority_baseline,1,0,down,
20260610_201605,221,1781104590275,10,up,0.3554449726750341,majority_baseline,1,0,down,
20260610_201605,222,1781104590377,10,up,0.3554449726750341,majority_baseline,1,0,down,
20260610_201605,223,1781104590479,10,down,-0.6623527577709343,majority_baseline,0,0,down,
20260610_201605,224,1781104590581,10,down,-1.4538722676282756,majority_baseline,0,0,down,
20260610_201605,225,1781104590683,10,down,-1.4538722676282756,majority_baseline,0,0,down,
20260610_201605,226,1781104590785,10,down,-1.6961432126405551,majority_baseline,0,0,down,
20260610_201605,227,1781104590887,10,down,-1.7607468151081829,majority_baseline,0,0,down,
20260610_201605,228,1781104590989,10,down,-1.7607468151081829,majority_baseline,0,0,down,
20260610_201605,229,1781104591091,10,down,-1.2438946178938703,majority_baseline,0,0,down,
20260610_201605,230,1781104591193,10,down,-0.2908082773722675,majority_baseline,0,0,down,
20260610_201605,231,1781104591295,10,down,-0.2908082773722675,majority_baseline,0,0,down,
20260610_201605,232,1781104591397,10,down,-0.2908082773722675,majority_baseline,0,0,down,
20260610_201605,233,1781104591499,10,down,-0.2908082773722675,majority_baseline,0,0,down,
20260610_201605,242,1781104592417,10,down,-0.7270418364102582,majority_baseline,0,0,down,
20260610_201605,243,1781104592519,10,down,-0.7270418364102582,majority_baseline,0,0,down,
20260610_201605,244,1781104592621,10,down,-0.7270418364102582,majority_baseline,0,0,down,
20260610_201605,245,1781104592723,10,down,-0.7270418364102582,majority_baseline,0,0,down,
20260610_201605,246,1781104592825,10,down,-0.7270418364102582,majority_baseline,0,0,down,
20260610_201605,247,1781104592927,10,down,-0.7270418364102582,majority_baseline,0,0,down,
20260610_201605,248,1781104593029,10,down,-0.7270418364102582,majority_baseline,0,0,down,
20260610_201605,249,1781104593131,10,down,-0.7270418364102582,majority_baseline,0,0,down,
20260610_201605,250,1781104593233,10,up,0.1130953967742876,majority_baseline,1,0,down,
20260610_201605,251,1781104593335,10,up,0.1130953967742876,majority_baseline,1,0,down,
20260610_201605,252,1781104593437,10,up,0.8401983191186346,majority_baseline,1,0,down,
20260610_201605,253,1781104593539,10,up,0.7432523592210138,majority_baseline,1,0,down,
20260610_201605,254,1781104593641,10,up,0.7432523592210138,majority_baseline,1,0,down,
20260610_201605,255,1781104593743,10,up,0.7432523592210138,majority_baseline,1,0,down,
20260610_201605,256,1781104593845,10,up,0.7432523592210138,majority_baseline,1,0,down,
20260610_201605,257,1781104593947,10,up,0.7432523592210138,majority_baseline,1,0,down,
20260610_201605,258,1781104594049,10,up,0.7432523592210138,majority_baseline,1,0,down,
20260610_201605,259,1781104594151,10,up,0.7432523592210138,majority_baseline,1,0,down,
20260610_201605,260,1781104594253,10,down,-0.0969378151993716,majority_baseline,0,0,down,
20260610_201605,261,1781104594355,10,down,-0.0969378151993716,majority_baseline,0,0,down,
20260610_201605,262,1781104594457,10,down,-0.0969378151993716,majority_baseline,0,0,down,
20260610_201605,264,1781104594661,10,up,0.840135875821435,majority_baseline,1,0,down,
20260610_201605,265,1781104594763,10,up,0.840135875821435,majority_baseline,1,0,down,
20260610_201605,266,1781104594865,10,up,0.840135875821435,majority_baseline,1,0,down,
20260610_201605,267,1781104594967,10,up,0.840135875821435,majority_baseline,1,0,down,
20260610_201605,268,1781104595069,10,up,0.840135875821435,majority_baseline,1,0,down,
20260610_201605,269,1781104595171,10,up,0.840135875821435,majority_baseline,1,0,down,
20260610_201605,270,1781104595273,10,up,0.840135875821435,majority_baseline,1,0,down,
20260610_201605,271,1781104595375,10,up,0.840135875821435,majority_baseline,1,0,down,
20260610_201605,272,1781104595477,10,up,0.840135875821435,majority_baseline,1,0,down,
20260610_201605,273,1781104595579,10,up,0.840135875821435,majority_baseline,1,0,down,
20260610_201605,288,1781104597109,10,up,2.3586448777424,majority_baseline,1,0,down,
20260610_201605,289,1781104597211,10,up,2.988693851933011,majority_baseline,1,0,down,
20260610_201605,290,1781104597313,10,up,2.988693851933011,majority_baseline,1,0,down,
20260610_201605,291,1781104597415,10,up,3.344106093785548,majority_baseline,1,0,down,
20260610_201605,292,1781104597517,10,up,3.344106093785548,majority_baseline,1,0,down,
20260610_201605,293,1781104597619,10,up,4.6688244497783415,majority_baseline,1,0,down,
20260610_201605,294,1781104597721,10,up,4.6688244497783415,majority_baseline,1,0,down,
20260610_201605,295,1781104597823,10,up,4.6688244497783415,majority_baseline,1,0,down,
20260610_201605,296,1781104597925,10,up,4.6688244497783415,majority_baseline,1,0,down,
20260610_201605,297,1781104598027,10,up,4.6688244497783415,majority_baseline,1,0,down,
20260610_201605,298,1781104598129,10,up,2.3096348112017218,majority_baseline,1,0,down,
20260610_201605,299,1781104598231,10,up,1.6796286082754186,majority_baseline,1,0,down,
20260610_201605,300,1781104598333,10,up,1.6796286082754186,majority_baseline,1,0,down,
20260610_201605,301,1781104598435,10,up,1.3242755042131016,majority_baseline,1,0,down,
20260610_201605,302,1781104598537,10,up,1.3242755042131016,majority_baseline,1,0,down,
20260610_201605,303,1781104598639,10,down,-0.694345204212965,majority_baseline,0,0,down,
20260610_201605,304,1781104598741,10,down,-1.2918050310961604,majority_baseline,0,0,down,
20260610_201605,305,1781104598843,10,down,-1.4209855342051103,majority_baseline,0,0,down,
20260610_201605,306,1781104598945,10,down,-2.0184453610883057,majority_baseline,0,0,down,
20260610_201605,307,1781104599047,10,down,-2.502872247749366,majority_baseline,0,0,down,
20260610_201605,308,1781104599149,10,down,-2.502872247749366,majority_baseline,0,0,down,
20260610_201605,309,1781104599251,10,down,-2.502872247749366,majority_baseline,0,0,down,
20260610_201605,310,1781104599353,10,down,-2.502872247749366,majority_baseline,0,0,down,
20260610_201605,311,1781104599455,10,down,-2.502872247749366,majority_baseline,0,0,down,
20260610_201605,312,1781104599557,10,down,-2.502872247749366,majority_baseline,0,0,down,
20260610_201605,313,1781104599659,10,down,-1.8086526264626808,majority_baseline,0,0,down,
20260610_201605,314,1781104599761,10,down,-1.211223683137419,majority_baseline,0,0,down,
20260610_201605,315,1781104599863,10,down,-1.082040469929657,majority_baseline,0,0,down,
20260610_201605,316,1781104599965,10,down,-0.4845246853213414,majority_baseline,0,0,down,
20260610_201605,320,1781104600373,10,up,0.0323032108595633,majority_baseline,1,0,down,
20260610_201605,321,1781104600475,10,up,0.6460642171690623,majority_baseline,1,0,down,
20260610_201605,322,1781104600577,10,up,0.6460642171690623,majority_baseline,1,0,down,
20260610_201605,323,1781104600679,10,up,0.6460642171690623,majority_baseline,1,0,down,
20260610_201605,324,1781104600781,10,up,0.6460642171690623,majority_baseline,1,0,down,
20260610_201605,325,1781104600883,10,up,0.4522449520183436,majority_baseline,1,0,down,
20260610_201605,326,1781104600985,10,up,0.4522449520183436,majority_baseline,1,0,down,
20260610_201605,327,1781104601087,10,up,0.4522449520183436,majority_baseline,1,0,down,
20260610_201605,328,1781104601189,10,up,0.4522449520183436,majority_baseline,1,0,down,
20260610_201605,329,1781104601291,10,up,0.4522449520183436,majority_baseline,1,0,down,
20260610_201605,330,1781104601393,10,up,0.4199403846172345,majority_baseline,1,0,down,
20260610_201605,331,1781104601495,10,down,-0.1938067439899438,majority_baseline,0,0,down,
20260610_201605,332,1781104601597,10,down,-0.1938067439899438,majority_baseline,0,0,down,
20260610_201605,333,1781104601699,10,down,-0.1938067439899438,majority_baseline,0,0,down,
20260610_201605,334,1781104601801,10,down,-0.1938067439899438,majority_baseline,0,0,down,
20260610_201605,352,1781104603637,10,up,0.468375375406449,majority_baseline,1,0,down,
20260610_201605,353,1781104603739,10,up,0.468375375406449,majority_baseline,1,0,down,
20260610_201605,354,1781104603841,10,up,0.468375375406449,majority_baseline,1,0,down,
20260610_201605,355,1781104603943,10,up,0.7106385006183658,majority_baseline,1,0,down,
20260610_201605,356,1781104604045,10,up,0.7106385006183658,majority_baseline,1,0,down,
20260610_201605,357,1781104604147,10,up,0.7106385006183658,majority_baseline,1,0,down,
20260610_201605,358,1781104604249,10,up,0.7106385006183658,majority_baseline,1,0,down,
20260610_201605,359,1781104604351,10,up,0.7106385006183658,majority_baseline,1,0,down,
20260610_201605,360,1781104604453,10,up,0.7106385006183658,majority_baseline,1,0,down,
20260610_201605,361,1781104604555,10,up,0.7106385006183658,majority_baseline,1,0,down,
20260610_201605,362,1781104604657,10,up,0.242251778732605,majority_baseline,1,0,down,
20260610_201605,363,1781104604759,10,up,0.242251778732605,majority_baseline,1,0,down,
20260610_201605,364,1781104604861,10,up,0.242251778732605,majority_baseline,1,0,down,
20260610_201605,368,1781104605269,10,down,-0.5006415479202886,majority_baseline,0,0,down,
20260610_201605,369,1781104605371,10,down,-0.5006415479202886,majority_baseline,0,0,down,
20260610_201605,370,1781104605473,10,down,-0.5006415479202886,majority_baseline,0,0,down,
20260610_201605,371,1781104605575,10,down,-0.5006415479202886,majority_baseline,0,0,down,
20260610_201605,372,1781104605677,10,down,-0.5006415479202886,majority_baseline,0,0,down,
20260610_201605,373,1781104605779,10,down,-0.5006415479202886,majority_baseline,0,0,down,
20260610_201605,374,1781104605881,10,down,-0.5006415479202886,majority_baseline,0,0,down,
20260610_201605,375,1781104605983,10,down,-1.6634219172795284,majority_baseline,0,0,down,
20260610_201605,376,1781104606085,10,down,-1.93796728226725,majority_baseline,0,0,down,
20260610_201605,377,1781104606187,10,down,-1.93796728226725,majority_baseline,0,0,down,
20260610_201605,378,1781104606291,10,down,-1.4373976964476842,majority_baseline,0,0,down,
20260610_201605,379,1781104606393,10,down,-2.1480212767155398,majority_baseline,0,0,down,
20260610_201605,380,1781104606495,10,down,-2.1480212767155398,majority_baseline,0,0,down,
20260610_201605,381,1781104606599,10,down,-2.1480212767155398,majority_baseline,0,0,down,
20260610_201605,382,1781104606701,10,down,-2.1480212767155398,majority_baseline,0,0,down,
20260610_201605,383,1781104606803,10,down,-2.1480212767155398,majority_baseline,0,0,down,
20260610_201605,384,1781104606907,10,down,-2.1480212767155398,majority_baseline,0,0,down,
20260610_201605,385,1781104607009,10,down,-0.985297264992635,majority_baseline,0,0,down,
20260610_201605,386,1781104607111,10,down,-0.7107257398208944,majority_baseline,0,0,down,
20260610_201605,387,1781104607213,10,down,-0.7107257398208944,majority_baseline,0,0,down,
20260610_201605,388,1781104607315,10,down,-0.7107257398208944,majority_baseline,0,0,down,
20260610_201605,391,1781104607621,10,down,-0.4684661690701475,majority_baseline,0,0,down,
20260610_201605,392,1781104607723,10,down,-0.4684661690701475,majority_baseline,0,0,down,
20260610_201605,393,1781104607825,10,down,-0.5976982157096522,majority_baseline,0,0,down,
20260610_201605,394,1781104607927,10,down,-0.5976982157096522,majority_baseline,0,0,down,
20260610_201605,395,1781104608029,10,down,-0.5976982157096522,majority_baseline,0,0,down,
20260610_201605,396,1781104608131,10,down,-0.5976982157096522,majority_baseline,0,0,down,
20260610_201605,397,1781104608233,10,down,-1.211550437248965,majority_baseline,0,0,down,
20260610_201605,398,1781104608335,10,down,-1.211550437248965,majority_baseline,0,0,down,
20260610_201605,399,1781104608437,10,down,-1.211550437248965,majority_baseline,0,0,down,
20260610_201605,400,1781104608539,10,down,-1.211550437248965,majority_baseline,0,0,down,
20260610_201605,401,1781104608641,10,down,-0.7431190807938304,majority_baseline,0,0,down,
20260610_201605,402,1781104608743,10,down,-0.7431190807938304,majority_baseline,0,0,down,
20260610_201605,403,1781104608845,10,down,-0.6138889135698378,majority_baseline,0,0,down,
20260610_201605,404,1781104608947,10,down,-0.6138889135698378,majority_baseline,0,0,down,
20260610_201605,405,1781104609049,10,down,-0.6138889135698378,majority_baseline,0,0,down,
20260610_201605,406,1781104609151,10,down,-0.6138889135698378,majority_baseline,0,0,down,
20260610_201605,420,1781104610579,10,down,-0.2746513745099932,majority_baseline,0,0,down,
20260610_201605,421,1781104610681,10,down,-0.3069633009222805,majority_baseline,0,0,down,
20260610_201605,422,1781104610783,10,down,-0.7108623810825332,majority_baseline,0,0,down,
20260610_201605,423,1781104610885,10,down,-0.7108623810825332,majority_baseline,0,0,down,
20260610_201605,424,1781104610987,10,down,-0.7108623810825332,majority_baseline,0,0,down,
20260610_201605,425,1781104611089,10,down,-0.7108623810825332,majority_baseline,0,0,down,
20260610_201605,426,1781104611191,10,down,-0.7108623810825332,majority_baseline,0,0,down,
20260610_201605,427,1781104611295,10,down,-0.7108623810825332,majority_baseline,0,0,down,
20260610_201605,428,1781104611397,10,down,-0.7108623810825332,majority_baseline,0,0,down,
20260610_201605,429,1781104611499,10,down,-0.7108623810825332,majority_baseline,0,0,down,
20260610_201605,430,1781104611601,10,down,-0.4362229874965706,majority_baseline,0,0,down,
20260610_201605,431,1781104611703,10,down,-0.4039114787601772,majority_baseline,0,0,down,
20260610_201605,448,1781104613437,10,up,0.597813134923797,majority_baseline,1,0,down,
20260610_201605,449,1781104613539,10,up,1.3733544991501034,majority_baseline,1,0,down,
20260610_201605,450,1781104613641,10,up,1.5510827284503923,majority_baseline,1,0,down,
20260610_201605,451,1781104613743,10,up,1.5510827284503923,majority_baseline,1,0,down,
20260610_201605,452,1781104613845,10,up,1.4056687226582376,majority_baseline,1,0,down,
20260610_201605,453,1781104613947,10,up,1.195626269847594,majority_baseline,1,0,down,
20260610_201605,454,1781104614049,10,up,1.195626269847594,majority_baseline,1,0,down,
20260610_201605,455,1781104614151,10,up,1.195626269847594,majority_baseline,1,0,down,
20260610_201605,456,1781104614253,10,up,1.195626269847594,majority_baseline,1,0,down,
20260610_201605,457,1781104614355,10,up,1.195626269847594,majority_baseline,1,0,down,
20260610_201605,458,1781104614457,10,up,0.5977773990073487,majority_baseline,1,0,down,
20260610_201605,459,1781104614559,10,down,-0.1777038242667394,majority_baseline,0,0,down,
20260610_201605,460,1781104614661,10,down,-0.3554013329165606,majority_baseline,0,0,down,
20260610_201605,461,1781104614763,10,down,-0.3554013329165606,majority_baseline,0,0,down,
20260610_201605,462,1781104614865,10,down,-0.2100129319493326,majority_baseline,0,0,down,
20260610_201605,465,1781104615171,10,up,0.678517568353243,majority_baseline,1,0,down,
20260610_201605,466,1781104615273,10,up,0.678517568353243,majority_baseline,1,0,down,
20260610_201605,467,1781104615375,10,up,0.9854659921337828,majority_baseline,1,0,down,
20260610_201605,468,1781104615477,10,up,1.243948875315759,majority_baseline,1,0,down,
20260610_201605,469,1781104615579,10,up,1.631673200090944,majority_baseline,1,0,down,
20260610_201605,470,1781104615681,10,up,1.631673200090944,majority_baseline,1,0,down,
20260610_201605,471,1781104615783,10,up,1.631673200090944,majority_baseline,1,0,down,
20260610_201605,472,1781104615885,10,up,1.631673200090944,majority_baseline,1,0,down,
20260610_201605,473,1781104615987,10,up,1.631673200090944,majority_baseline,1,0,down,
20260610_201605,474,1781104616089,10,up,1.631673200090944,majority_baseline,1,0,down,
20260610_201605,475,1781104616191,10,up,0.9530909628407968,majority_baseline,1,0,down,
20260610_201605,476,1781104616293,10,up,0.9530909628407968,majority_baseline,1,0,down,
20260610_201605,477,1781104616395,10,up,0.6461435327098641,majority_baseline,1,0,down,
20260610_201605,478,1781104616497,10,up,1.696082936839538,majority_baseline,1,0,down,
20260610_201605,479,1781104616599,10,up,1.486034106097378,majority_baseline,1,0,down,
20260610_201605,480,1781104616701,10,up,1.9706104450434303,majority_baseline,1,0,down,
20260610_201605,481,1781104616803,10,up,1.9706104450434303,majority_baseline,1,0,down,
20260610_201605,482,1781104616905,10,up,1.9706104450434303,majority_baseline,1,0,down,
20260610_201605,483,1781104617007,10,up,1.9706104450434303,majority_baseline,1,0,down,
20260610_201605,484,1781104617109,10,up,1.9706104450434303,majority_baseline,1,0,down,
20260610_201605,485,1781104617211,10,up,1.6798646416771312,majority_baseline,1,0,down,
20260610_201605,486,1781104617313,10,up,1.1145255795730336,majority_baseline,1,0,down,
20260610_201605,487,1781104617415,10,up,1.1145255795730336,majority_baseline,1,0,down,
20260610_201605,488,1781104617517,10,down,-0.193805178958506,majority_baseline,0,0,down,
20260610_201605,489,1781104617619,10,down,-0.3714533272924925,majority_baseline,0,0,down,
20260610_201605,490,1781104617721,10,down,-0.8559161977284013,majority_baseline,0,0,down,
20260610_201605,491,1781104617823,10,down,-0.8559161977284013,majority_baseline,0,0,down,
20260610_201605,492,1781104617925,10,down,-0.8559161977284013,majority_baseline,0,0,down,
20260610_201605,493,1781104618027,10,down,-0.8559161977284013,majority_baseline,0,0,down,
20260610_201605,494,1781104618129,10,down,-0.8559161977284013,majority_baseline,0,0,down,
20260610_201605,495,1781104618231,10,down,-0.565244108743368,majority_baseline,0,0,down,
20260610_201605,500,1781104618741,10,up,3.0040384936835807,majority_baseline,1,0,down,
20260610_201605,501,1781104618843,10,up,3.8438772123483567,majority_baseline,1,0,down,
20260610_201605,502,1781104618945,10,up,3.924630935296936,majority_baseline,1,0,down,
20260610_201605,503,1781104619047,10,up,3.924630935296936,majority_baseline,1,0,down,
20260610_201605,504,1781104619149,10,up,3.924630935296936,majority_baseline,1,0,down,
20260610_201605,505,1781104619251,10,up,3.036339982862568,majority_baseline,1,0,down,
20260610_201605,506,1781104619353,10,up,2.5679683897639194,majority_baseline,1,0,down,
20260610_201605,507,1781104619455,10,up,2.5679683897639194,majority_baseline,1,0,down,
20260610_201605,508,1781104619557,10,up,2.5679683897639194,majority_baseline,1,0,down,
20260610_201605,509,1781104619659,10,up,2.5679683897639194,majority_baseline,1,0,down,
20260610_201605,510,1781104619761,10,down,-1.06562902385976,majority_baseline,0,0,down,
20260610_201605,511,1781104619863,10,down,-3.503364925504515,majority_baseline,0,0,down,
20260610_201605,512,1781104619965,10,down,-3.584058688153036,majority_baseline,0,0,down,
20260610_201605,513,1781104620067,10,down,-3.584058688153036,majority_baseline,0,0,down,
20260610_201605,514,1781104620169,10,down,-3.584058688153036,majority_baseline,0,0,down,
20260610_201605,515,1781104620271,10,down,-2.69635564123516,majority_baseline,0,0,down,
20260610_201605,516,1781104620373,10,down,-2.228230550817001,majority_baseline,0,0,down,
20260610_201605,517,1781104620475,10,down,-2.228230550817001,majority_baseline,0,0,down,
20260610_201605,518,1781104620577,10,down,-2.228230550817001,majority_baseline,0,0,down,
20260610_201605,519,1781104620679,10,down,-2.228230550817001,majority_baseline,0,0,down,
20260610_201605,520,1781104620781,10,down,-1.5986138887258416,majority_baseline,0,0,down,
20260610_201605,524,1781104621189,10,up,0.0484505904929655,majority_baseline,1,0,down,
20260610_201605,525,1781104621291,10,up,0.9690118098304444,majority_baseline,1,0,down,
20260610_201605,526,1781104621393,10,up,1.2112647622886108,majority_baseline,1,0,down,
20260610_201605,527,1781104621495,10,up,1.889573029170144,majority_baseline,1,0,down,
20260610_201605,528,1781104621597,10,up,2.4548299182391986,majority_baseline,1,0,down,
20260610_201605,529,1781104621699,10,up,2.4548299182391986,majority_baseline,1,0,down,
20260610_201605,530,1781104621801,10,up,2.4548299182391986,majority_baseline,1,0,down,
20260610_201605,531,1781104621903,10,up,2.4548299182391986,majority_baseline,1,0,down,
20260610_201605,532,1781104622005,10,up,2.4548299182391986,majority_baseline,1,0,down,
20260610_201605,533,1781104622107,10,up,2.4548299182391986,majority_baseline,1,0,down,
20260610_201605,534,1781104622209,10,up,2.406367668754683,majority_baseline,1,0,down,
20260610_201605,535,1781104622311,10,up,1.4856741448276978,majority_baseline,1,0,down,
20260610_201605,536,1781104622413,10,up,1.2434145455264556,majority_baseline,1,0,down,
20260610_201605,537,1781104622515,10,up,0.5651500998293812,majority_baseline,1,0,down,
20260610_201605,540,1781104622821,10,down,-0.5489719289653028,majority_baseline,0,0,down,
20260610_201605,541,1781104622923,10,down,-0.5489719289653028,majority_baseline,0,0,down,
20260610_201605,542,1781104623025,10,down,-0.5489719289653028,majority_baseline,0,0,down,
20260610_201605,543,1781104623127,10,down,-0.5489719289653028,majority_baseline,0,0,down,
20260610_201605,544,1781104623229,10,down,-0.5489719289653028,majority_baseline,0,0,down,
20260610_201605,545,1781104623331,10,down,-0.5489719289653028,majority_baseline,0,0,down,
20260610_201605,546,1781104623433,10,down,-0.5489719289653028,majority_baseline,0,0,down,
20260610_201605,547,1781104623535,10,down,-0.5489719289653028,majority_baseline,0,0,down,
20260610_201605,548,1781104623637,10,down,-0.5489719289653028,majority_baseline,0,0,down,
20260610_201605,549,1781104623739,10,down,-0.5489719289653028,majority_baseline,0,0,down,
20260610_201605,559,1781104624759,10,down,-0.9203858192774472,majority_baseline,0,0,down,
20260610_201605,560,1781104624861,10,down,-1.259475331641946,majority_baseline,0,0,down,
20260610_201605,561,1781104624963,10,down,-1.259475331641946,majority_baseline,0,0,down,
20260610_201249,2,1781104372765,10,up,0.0646338773613308,logit_signal,1,0,down,0.21242998692323042
20260610_201249,3,1781104372867,10,up,0.0646338773613308,logit_signal,1,0,down,0.21173828942139364
20260610_201249,4,1781104372969,10,up,0.0646338773613308,logit_signal,1,0,down,0.2120575689930395
20260610_201249,5,1781104373071,10,up,0.0646338773613308,logit_signal,1,0,down,0.2095560352727877
20260610_201249,6,1781104373173,10,up,0.0646338773613308,logit_signal,1,0,down,0.16916244160408958
20260610_201249,7,1781104373275,10,up,0.0646338773613308,logit_signal,1,0,down,0.16920236413828024
20260610_201249,8,1781104373377,10,up,0.0646338773613308,logit_signal,1,0,down,0.3201484997449324
20260610_201249,9,1781104373479,10,up,0.0646338773613308,logit_signal,1,0,down,0.2955400255089804
20260610_201249,10,1781104373581,10,up,0.8079234670255175,logit_signal,1,0,down,0.29644112712640674
20260610_201249,11,1781104373683,10,up,0.8079234670255175,logit_signal,1,1,up,0.6173350781526958
20260610_201249,12,1781104373785,10,up,0.7432847855270985,logit_signal,1,1,up,0.8381937167258752
20260610_201249,13,1781104373887,10,up,0.7432847855270985,logit_signal,1,1,up,0.8337953576495166
20260610_201249,14,1781104373989,10,up,0.7432847855270985,logit_signal,1,1,up,0.8346253193540406
20260610_201249,15,1781104374091,10,up,0.7432847855270985,logit_signal,1,1,up,0.8355082192517003
20260610_201249,16,1781104374193,10,up,0.7432847855270985,logit_signal,1,1,up,0.7207664218306773
20260610_201249,17,1781104374295,10,up,0.7432847855270985,logit_signal,1,1,up,0.8308960973638125
20260610_201249,18,1781104374397,10,up,1.5350446657591554,logit_signal,1,1,up,0.8310840669296099
20260610_201249,19,1781104374499,10,up,1.5350446657591554,logit_signal,1,1,up,0.8308703475962302
20260610_201249,20,1781104374601,10,up,0.7917010342994857,logit_signal,1,1,up,0.7465329062452994
20260610_201249,21,1781104374703,10,up,0.7917010342994857,logit_signal,1,1,up,0.7729204247964083
20260610_201249,22,1781104374805,10,up,0.7917010342994857,logit_signal,1,1,up,0.8266502936381459
20260610_201249,23,1781104374907,10,up,0.7917010342994857,logit_signal,1,1,up,0.8260749994208109
20260610_201249,24,1781104375009,10,up,1.1148443136055342,logit_signal,1,1,up,0.7657999838573051
20260610_201249,25,1781104375111,10,up,1.3572017730867358,logit_signal,1,1,up,0.7610137170114121
20260610_201249,26,1781104375213,10,up,1.3572017730867358,logit_signal,1,1,up,0.8260875683501258
20260610_201249,27,1781104375315,10,up,1.7934452001511223,logit_signal,1,1,up,0.8290107411800809
20260610_201249,28,1781104375417,10,up,1.0016648639399328,logit_signal,1,1,up,0.8338293689886184
20260610_201249,29,1781104375519,10,up,1.0016648639399328,logit_signal,1,1,up,0.7566180041650367
20260610_201249,30,1781104375621,10,up,1.0016648639399328,logit_signal,1,1,up,0.7931797702209404
20260610_201249,31,1781104375723,10,up,1.0016648639399328,logit_signal,1,1,up,0.7647754041852847
20260610_201249,32,1781104375825,10,up,1.0016648639399328,logit_signal,1,1,up,0.7104124789512517
20260610_201249,33,1781104375927,10,up,1.841770878856508,logit_signal,1,1,up,0.8223424574541531
20260610_201249,34,1781104376029,10,up,1.5186041120252014,logit_signal,1,1,up,0.8396496939462207
20260610_201249,35,1781104376131,10,up,1.2762427413703925,logit_signal,1,1,up,0.7360356032777722
20260610_201249,36,1781104376233,10,up,1.2762427413703925,logit_signal,1,1,up,0.744916201760853
20260610_201249,37,1781104376335,10,up,0.8400218728765729,logit_signal,1,1,up,0.6882196817007008
20260610_201249,38,1781104376437,10,up,0.8400218728765729,logit_signal,1,1,up,0.7242744831938838
20260610_201249,39,1781104376539,10,up,0.8400218728765729,logit_signal,1,1,up,0.6993655248116297
20260610_201249,40,1781104376641,10,up,0.8400218728765729,logit_signal,1,1,up,0.7288352176936299
20260610_201249,41,1781104376743,10,up,0.8400218728765729,logit_signal,1,1,up,0.8324648293403425
20260610_201249,42,1781104376845,10,up,0.8400218728765729,logit_signal,1,1,up,0.8318478457172453
20260610_201249,55,1781104378171,10,up,0.0161529099051982,logit_signal,1,1,up,0.6932772221190934
20260610_201249,56,1781104378273,10,up,0.0161529099051982,logit_signal,1,1,up,0.6870504599122865
20260610_201249,57,1781104378375,10,up,0.2099878287831202,logit_signal,1,1,up,0.67927756497002
20260610_201249,58,1781104378477,10,up,0.3876698377514032,logit_signal,1,1,up,0.67927756497002
20260610_201249,59,1781104378579,10,up,0.3876698377514032,logit_signal,1,1,up,0.6848808975433112
20260610_201249,60,1781104378681,10,up,0.3876698377514032,logit_signal,1,1,up,0.6905781285368435
20260610_201249,61,1781104378783,10,up,0.3876698377514032,logit_signal,1,1,up,0.8222711643382317
20260610_201249,62,1781104378885,10,up,0.3876698377514032,logit_signal,1,1,up,0.8276263136805181
20260610_201249,63,1781104378987,10,up,0.3876698377514032,logit_signal,1,1,up,0.7745237445581907
20260610_201249,64,1781104379089,10,up,0.3876698377514032,logit_signal,1,1,up,0.8318428636588772
20260610_201249,65,1781104379191,10,up,0.3715163277395739,logit_signal,1,1,up,0.8386699809280754
20260610_201249,66,1781104379293,10,up,0.3715163277395739,logit_signal,1,1,up,0.7784668636483852
20260610_201249,67,1781104379395,10,up,0.1776782779416841,logit_signal,1,1,up,0.8152037784292047
20260610_201249,71,1781104379803,10,down,-0.3876548095449461,logit_signal,0,1,up,0.6996197060883342
20260610_201249,72,1781104379905,10,down,-0.3876548095449461,logit_signal,0,1,up,0.6279505400837601
20260610_201249,73,1781104380007,10,down,-0.3876548095449461,logit_signal,0,1,up,0.6357770466818482
20260610_201249,74,1781104380109,10,down,-0.3876548095449461,logit_signal,0,1,up,0.6538329418109109
20260610_201249,75,1781104380211,10,down,-0.3876548095449461,logit_signal,0,1,up,0.6581388583724189
20260610_201249,76,1781104380313,10,down,-0.3876548095449461,logit_signal,0,1,up,0.6591209527080478
20260610_201249,77,1781104380415,10,down,-0.3876548095449461,logit_signal,0,1,up,0.6608880670169792
20260610_201249,78,1781104380517,10,down,-0.3876548095449461,logit_signal,0,1,up,0.6271016867790543
20260610_201249,79,1781104380619,10,down,-0.1372944117139507,logit_signal,0,1,up,0.6256293709542555
20260610_201249,80,1781104380721,10,up,0.3876548095438359,logit_signal,1,0,down,0.16925175813016405
20260610_201249,81,1781104380823,10,up,0.7753396755050268,logit_signal,1,0,down,0.3327989693369625
20260610_201249,82,1781104380925,10,up,0.7753396755050268,logit_signal,1,0,down,0.31378541107637176
20260610_201249,83,1781104381027,10,up,0.7753396755050268,logit_signal,1,0,down,0.30063209999522067
20260610_201249,84,1781104381129,10,up,0.7753396755050268,logit_signal,1,1,up,0.8333569046634856
20260610_201249,85,1781104381231,10,up,0.7753396755050268,logit_signal,1,1,up,0.8310362481305797
20260610_201249,86,1781104381333,10,up,0.7753396755050268,logit_signal,1,1,up,0.7927877669060338
20260610_201249,87,1781104381435,10,up,0.7753396755050268,logit_signal,1,1,up,0.5971511607279884
20260610_201249,88,1781104381537,10,up,0.7753396755050268,logit_signal,1,1,up,0.6018296016702563
20260610_201249,89,1781104381639,10,up,0.5249564286158304,logit_signal,1,1,up,0.8805648680767943
20260610_201249,91,1781104381843,10,up,0.4037914401067155,logit_signal,1,0,down,0.434530126754364
20260610_201249,92,1781104381945,10,up,0.9690994562538968,logit_signal,1,0,down,0.25292470437073683
20260610_201249,93,1781104382047,10,up,1.0983127170871576,logit_signal,1,0,down,0.1680333502067531
20260610_201249,94,1781104382149,10,up,1.0983127170871576,logit_signal,1,0,down,0.2475944938433481
20260610_201249,95,1781104382251,10,up,1.0983127170871576,logit_signal,1,1,up,0.5794878790323147
20260610_201249,96,1781104382353,10,up,1.0983127170871576,logit_signal,1,0,down,0.43850495383132754
20260610_201249,97,1781104382455,10,up,1.0983127170871576,logit_signal,1,0,down,0.2975975321950403
20260610_201249,98,1781104382557,10,up,1.3244359235464742,logit_signal,1,0,down,0.2760650624580437
20260610_201249,99,1781104382659,10,up,2.2935353798025915,logit_signal,1,0,down,0.44944099336927307
20260610_201249,100,1781104382761,10,up,2.2935353798025915,logit_signal,1,0,down,0.4708282277655279
20260610_201249,101,1781104382863,10,up,1.889667636534309,logit_signal,1,1,up,0.8379658320632504
20260610_201249,102,1781104382965,10,up,1.3243075849711516,logit_signal,1,1,up,0.7774264591158341
20260610_201249,103,1781104383067,10,up,1.1950914043046268,logit_signal,1,1,up,0.8306527232401788
20260610_201249,104,1781104383169,10,up,1.1950914043046268,logit_signal,1,1,up,0.6917937813792577
20260610_201249,105,1781104383271,10,up,1.1950914043046268,logit_signal,1,1,up,0.7607914081293453
20260610_201249,106,1781104383373,10,up,1.1950914043046268,logit_signal,1,1,up,0.5954581716823231
20260610_201249,107,1781104383475,10,up,1.1950914043046268,logit_signal,1,1,up,0.5949044571899837
20260610_201249,108,1781104383577,10,up,0.96897112223715,logit_signal,1,1,up,0.8395332597358434
20260610_201249,117,1781104384495,10,up,0.7428058846370433,logit_signal,1,1,up,0.757347362062784
20260610_201249,118,1781104384597,10,up,1.114208826955565,logit_signal,1,1,up,0.7643774868266637
20260610_201249,119,1781104384699,10,up,1.114208826955565,logit_signal,1,1,up,0.6243351929188061
20260610_201249,120,1781104384801,10,up,1.114208826955565,logit_signal,1,1,up,0.6024595193588109
20260610_201249,121,1781104384903,10,up,1.114208826955565,logit_signal,1,1,up,0.6308336764573287
20260610_201249,122,1781104385005,10,up,1.114208826955565,logit_signal,1,1,up,0.6357836932593087
20260610_201249,123,1781104385107,10,up,1.114208826955565,logit_signal,1,1,up,0.7128608449112583
20260610_201249,124,1781104385209,10,up,1.114208826955565,logit_signal,1,1,up,0.7178010824630071
20260610_201249,125,1781104385311,10,up,1.114208826955565,logit_signal,1,1,up,0.7841029443209127
20260610_201249,127,1781104385515,10,down,-2.357426175019217,logit_signal,0,1,up,0.7939505551167383
20260610_201249,128,1781104385617,10,down,-2.7287001941578293,logit_signal,0,1,up,0.7497747052142205
20260610_201249,129,1781104385719,10,down,-2.7287001941578293,logit_signal,0,1,up,0.7457132948936346
20260610_201249,130,1781104385821,10,down,-2.7287001941578293,logit_signal,0,1,up,0.7761533337247357
20260610_201249,131,1781104385923,10,down,-2.260461699301608,logit_signal,0,1,up,0.6721647398404581
20260610_201249,132,1781104386025,10,down,-2.260461699301608,logit_signal,0,1,up,0.555883943975292
20260610_201249,133,1781104386127,10,down,-2.260461699301608,logit_signal,0,1,up,0.5609593556706607
20260610_201249,134,1781104386229,10,down,-2.260461699301608,logit_signal,0,1,up,0.5510683829160699
20260610_201249,135,1781104386331,10,down,-2.260461699301608,logit_signal,0,0,down,0.1905672795114558
20260610_201249,136,1781104386433,10,down,-1.3725760911775795,logit_signal,0,0,down,0.15738444500600354
20260610_201249,137,1781104386535,10,up,0.2422584299877073,logit_signal,1,0,down,0.308980570644902
20260610_201249,138,1781104386637,10,up,0.2422584299877073,logit_signal,1,1,up,0.5938795722682549
20260610_201249,139,1781104386739,10,up,0.2422584299877073,logit_signal,1,1,up,0.82409475065666
20260610_201249,140,1781104386841,10,up,0.2422584299877073,logit_signal,1,1,up,0.8061544442200382
20260610_201249,141,1781104386943,10,down,-0.4118200427172258,logit_signal,0,1,up,0.6789246415424058
20260610_201249,142,1781104387045,10,down,-0.920538919012559,logit_signal,0,0,down,0.43907049470146253
20260610_201249,143,1781104387147,10,down,-1.3888832813169216,logit_signal,0,0,down,0.2837532402036705
20260610_201249,144,1781104387249,10,down,-1.3888832813169216,logit_signal,0,0,down,0.3658301095932115
20260610_201249,145,1781104387351,10,down,-1.3888832813169216,logit_signal,0,0,down,0.3113847071385366
20260610_201249,146,1781104387453,10,down,-1.1628122938323049,logit_signal,0,0,down,0.164557377730191
20260610_201249,147,1781104387555,10,down,-1.1628122938323049,logit_signal,0,0,down,0.23577001074416212
20260610_201249,148,1781104387657,10,down,-1.2274129768230502,logit_signal,0,0,down,0.30551708007336764
20260610_201249,149,1781104387759,10,down,-1.2274129768230502,logit_signal,0,0,down,0.3081228082603131
20260610_201249,150,1781104387861,10,down,-1.2274129768230502,logit_signal,0,0,down,0.23932142983544438
20260610_201249,151,1781104387963,10,down,-1.0417053605027426,logit_signal,0,0,down,0.12488193201353377
20260610_201249,152,1781104388065,10,down,-0.5329926487396275,logit_signal,0,0,down,0.25034121858792385
20260610_201249,153,1781104388167,10,down,-0.064608195711191,logit_signal,0,0,down,0.250656523332653
20260610_201249,154,1781104388269,10,down,-0.064608195711191,logit_signal,0,0,down,0.22558815245665662
20260610_201249,155,1781104388371,10,down,-0.064608195711191,logit_signal,0,0,down,0.2203455772185503
20260610_201249,156,1781104388473,10,down,-0.064608195711191,logit_signal,0,0,down,0.2210392514347592
20260610_201249,157,1781104388575,10,down,-0.064608195711191,logit_signal,0,0,down,0.2211982535259058
20260610_201249,169,1781104389803,10,up,0.0646086131350642,logit_signal,1,0,down,0.2716301791500279
20260610_201249,170,1781104389905,10,up,0.0646086131350642,logit_signal,1,0,down,0.2647963544155769
20260610_201249,171,1781104390007,10,up,1.0498899634558967,logit_signal,1,0,down,0.3123426414771838
20260610_201249,172,1781104390109,10,up,1.0498899634558967,logit_signal,1,1,up,0.666459954793951
20260610_201249,173,1781104390211,10,up,1.0498899634558967,logit_signal,1,1,up,0.5840606587542969
20260610_201249,174,1781104390313,10,up,1.5990631751106044,logit_signal,1,1,up,0.5982498068398074
20260610_201249,175,1781104390415,10,up,1.7767368612320311,logit_signal,1,0,down,0.4099070670190722
20260610_201249,176,1781104390517,10,up,1.7767368612320311,logit_signal,1,1,up,0.6172532018461646
20260610_201249,177,1781104390619,10,up,1.7767368612320311,logit_signal,1,1,up,0.6803340180017283
20260610_201249,178,1781104390721,10,up,1.7767368612320311,logit_signal,1,1,up,0.763882910612802
20260610_201249,179,1781104390823,10,up,1.712117186345452,logit_signal,1,1,up,0.8372654109366755
20260610_201249,180,1781104390925,10,up,1.712117186345452,logit_signal,1,1,up,0.83666486429692
20260610_201249,181,1781104391027,10,up,0.726770594861037,logit_signal,1,1,up,0.7489119967873996
20260610_201249,182,1781104391129,10,up,0.726770594861037,logit_signal,1,1,up,0.5487783982270006
20260610_201249,183,1781104391231,10,up,0.726770594861037,logit_signal,1,1,up,0.687240453356188
20260610_201249,184,1781104391333,10,up,0.1776452795199112,logit_signal,1,1,up,0.8399125258774065
20260610_201249,198,1781104392761,10,up,0.1130449878683492,logit_signal,1,1,up,0.5533395554259073
20260610_201249,199,1781104392863,10,up,1.9863619296778268,logit_signal,1,1,up,0.564872946955833
20260610_201249,200,1781104392965,10,up,1.9863619296778268,logit_signal,1,1,up,0.564807654549164
20260610_201249,201,1781104393067,10,up,1.9863619296778268,logit_signal,1,1,up,0.6642415766496366
20260610_201249,202,1781104393169,10,up,1.9863619296778268,logit_signal,1,1,up,0.6011134614898382
20260610_201249,203,1781104393271,10,up,1.9863619296778268,logit_signal,1,1,up,0.6010122936341363
20260610_201249,204,1781104393373,10,up,1.9863619296778268,logit_signal,1,1,up,0.6043764620975378
20260610_201249,205,1781104393475,10,up,2.5031390170737744,logit_signal,1,1,up,0.6682159406537024
20260610_201249,206,1781104393577,10,up,2.5031390170737744,logit_signal,1,1,up,0.6663766400293281
20260610_201249,207,1781104393679,10,up,2.5031390170737744,logit_signal,1,1,up,0.681857663137471
20260610_201249,208,1781104393781,10,up,2.3900670106957733,logit_signal,1,1,up,0.8257667430759433
20260610_201249,209,1781104393883,10,up,0.5166744571472037,logit_signal,1,0,down,0.1987184222146015
20260610_201249,210,1781104393985,10,up,0.5166744571472037,logit_signal,1,0,down,0.383218094044315
20260610_201249,211,1781104394087,10,up,0.5166744571472037,logit_signal,1,0,down,0.37510373770564026
20260610_201249,212,1781104394189,10,up,0.5166744571472037,logit_signal,1,1,up,0.7173416183301449
20260610_201249,213,1781104394291,10,up,0.5166744571472037,logit_signal,1,1,up,0.7511589886222796
20260610_201249,214,1781104394393,10,up,0.5166744571472037,logit_signal,1,1,up,0.6339275296676291
20260610_201249,258,1781104398881,10,up,0.8718431005316774,logit_signal,1,0,down,0.33995763835934983
20260610_201249,259,1781104398983,10,up,2.8819258045365004,logit_signal,1,0,down,0.3398520158228433
20260610_201249,260,1781104399085,10,up,3.5680986151409577,logit_signal,1,0,down,0.33720319741281457
20260610_201249,261,1781104399187,10,up,3.5680986151409577,logit_signal,1,0,down,0.33723063757536004
20260610_201249,262,1781104399289,10,up,3.5680986151409577,logit_signal,1,0,down,0.35079954599641344
20260610_201249,263,1781104399391,10,up,3.745696283767863,logit_signal,1,0,down,0.3227512806242774
20260610_201249,264,1781104399493,10,up,3.745696283767863,logit_signal,1,0,down,0.3891899390086683
20260610_201249,265,1781104399595,10,up,3.1483223074779687,logit_signal,1,0,down,0.3953332932817857
20260610_201249,266,1781104399697,10,up,2.8415626980304864,logit_signal,1,0,down,0.36971606124470946
20260610_201249,267,1781104399799,10,up,1.5176528046301208,logit_signal,1,0,down,0.4061039848325894
20260610_201249,268,1781104399901,10,down,-0.435883548060012,logit_signal,0,1,up,0.8395211876425028
20260610_201249,269,1781104400003,10,down,-2.542143083110737,logit_signal,0,1,up,0.8694993476243843
20260610_201249,270,1781104400105,10,down,-3.2278967750887237,logit_signal,0,1,up,0.8259080423467446
20260610_201249,271,1781104400207,10,down,-3.389291613843381,logit_signal,0,1,up,0.7625148823032025
20260610_201249,272,1781104400309,10,down,-3.389291613843381,logit_signal,0,1,up,0.8346364772599995
20260610_201249,273,1781104400411,10,down,-3.566762614194418,logit_signal,0,1,up,0.8131866464025472
20260610_201249,274,1781104400513,10,down,-3.566762614194418,logit_signal,0,1,up,0.7591013916811159
20260610_201249,275,1781104400615,10,down,-2.969789653349819,logit_signal,0,0,down,0.15221543421612796
20260610_201249,276,1781104400717,10,down,-2.66320826207922,logit_signal,0,0,down,0.17251726617845953
20260610_201249,277,1781104400819,10,down,-1.3398517930207632,logit_signal,0,0,down,0.15547708569573626
20260610_201249,278,1781104400921,10,down,-0.2583126212352127,logit_signal,0,0,down,0.15254211224503178
20260610_201249,279,1781104401023,10,up,0.2421704282462577,logit_signal,1,0,down,0.20042022356282854
20260610_201249,280,1781104401125,10,up,1.3884437886102496,logit_signal,1,0,down,0.153245902082587
20260610_201249,281,1781104401227,10,up,2.260293822051729,logit_signal,1,0,down,0.3858301276003452
20260610_201249,282,1781104401329,10,up,1.6144955871788549,logit_signal,1,0,down,0.41648109156472946
20260610_201249,283,1781104401431,10,up,1.6144955871788549,logit_signal,1,1,up,0.5100392857240098
20260610_201249,284,1781104401535,10,up,1.6144955871788549,logit_signal,1,0,down,0.49742200568401573
20260610_201249,285,1781104401639,10,up,1.6144955871788549,logit_signal,1,0,down,0.49605798172912213
20260610_201249,286,1781104401741,10,up,1.6144955871788549,logit_signal,1,0,down,0.4971286574429701
20260610_201249,287,1781104401843,10,up,1.6144955871788549,logit_signal,1,1,up,0.502217865803588
20260610_201249,288,1781104401945,10,up,1.6144955871788549,logit_signal,1,1,up,0.7512292482695084
20260610_201249,289,1781104402047,10,up,1.2108228186824554,logit_signal,1,1,up,0.8051980023347071
20260610_201249,290,1781104402149,10,up,0.0645698157097918,logit_signal,1,1,up,0.8285232543278821
20260610_201249,291,1781104402251,10,down,-0.6456522984821245,logit_signal,0,0,down,0.17130050046196132
20260610_201249,293,1781104402455,10,up,0.6456939878618506,logit_signal,1,0,down,0.1585934180724381
20260610_201249,294,1781104402557,10,up,0.6456939878618506,logit_signal,1,0,down,0.3579264273480625
20260610_201249,295,1781104402659,10,up,1.7110890678351254,logit_signal,1,0,down,0.34323189192352244
20260610_201249,296,1781104402761,10,up,1.7110890678351254,logit_signal,1,0,down,0.27049755827518257
20260610_201249,297,1781104402863,10,up,1.904797264196123,logit_signal,1,0,down,0.2713470858863238
20260610_201249,298,1781104402965,10,up,1.904797264196123,logit_signal,1,0,down,0.26384840125664577
20260610_201249,299,1781104403067,10,up,1.904797264196123,logit_signal,1,0,down,0.2953556232093872
20260610_201249,300,1781104403169,10,up,2.1469325096434844,logit_signal,1,0,down,0.41216019697839146
20260610_201249,301,1781104403271,10,up,2.889480595684724,logit_signal,1,0,down,0.48772989210954054
20260610_201249,302,1781104403373,10,up,2.889480595684724,logit_signal,1,1,up,0.7164826549878945
20260610_201249,303,1781104403475,10,up,2.2436417372251327,logit_signal,1,1,up,0.6660824530379296
20260610_201249,304,1781104403577,10,up,1.3074459044259967,logit_signal,1,1,up,0.647625051985563
20260610_201249,305,1781104403679,10,up,0.0322791761386831,logit_signal,1,1,up,0.8065558818719653
20260610_201249,306,1781104403781,10,up,0.0322791761386831,logit_signal,1,1,up,0.5912692484625806
20260610_201249,307,1781104403883,10,down,-0.1613927549182214,logit_signal,0,1,up,0.5594203940465958
20260610_201249,308,1781104403985,10,down,-0.1613927549182214,logit_signal,0,1,up,0.538359376763999
20260610_201249,309,1781104404087,10,down,-0.1613927549182214,logit_signal,0,1,up,0.5357390492864508
20260610_201249,310,1781104404189,10,down,-0.4034721196732871,logit_signal,0,1,up,0.8398577901840827
20260610_201249,311,1781104404291,10,down,-1.1457757587740591,logit_signal,0,1,up,0.7364554008253165
20260610_201249,312,1781104404393,10,down,-1.7105947947892997,logit_signal,0,0,down,0.22006967337368294
20260610_201249,313,1781104404495,10,down,-2.210863083830228,logit_signal,0,0,down,0.22628637938384333
20260610_201249,314,1781104404597,10,down,-1.2749965905933802,logit_signal,0,0,down,0.15283894165885462
20260610_201249,315,1781104404699,10,down,-1.065209374164766,logit_signal,0,0,down,0.30472511001444363
20260610_201249,316,1781104404801,10,down,-1.065209374164766,logit_signal,0,0,down,0.2925879280901125
20260610_201249,317,1781104404903,10,down,-1.065209374164766,logit_signal,0,0,down,0.24892871155328639
20260610_201249,318,1781104405005,10,down,-1.065209374164766,logit_signal,0,0,down,0.25052573287143143
20260610_201249,319,1781104405107,10,down,-1.065209374164766,logit_signal,0,0,down,0.2544271707449709
20260610_201249,320,1781104405209,10,down,-1.065209374164766,logit_signal,0,0,down,0.27361299169300396
20260610_201249,321,1781104405311,10,down,-1.065209374164766,logit_signal,0,0,down,0.2364581240246312
20260610_201249,322,1781104405413,10,down,-0.5003538793157958,logit_signal,0,0,down,0.15288038306961846
20260610_201249,332,1781104406433,10,up,1.8562443656922056,logit_signal,1,0,down,0.2564122467406321
20260610_201249,333,1781104406535,10,up,1.8562443656922056,logit_signal,1,0,down,0.25896050217467836
20260610_201249,334,1781104406637,10,up,1.5818430246761217,logit_signal,1,0,down,0.27182258683788024
20260610_201249,335,1781104406739,10,up,1.5818430246761217,logit_signal,1,0,down,0.25886002827234894
20260610_201249,336,1781104406841,10,up,1.5818430246761217,logit_signal,1,0,down,0.2590311628098202
20260610_201249,337,1781104406943,10,up,1.5818430246761217,logit_signal,1,0,down,0.2563660888648326
20260610_201249,338,1781104407045,10,up,1.5818430246761217,logit_signal,1,0,down,0.2621971951165636
20260610_201249,339,1781104407147,10,up,1.5818430246761217,logit_signal,1,0,down,0.3280403781725013
20260610_201249,340,1781104407251,10,up,1.5818430246761217,logit_signal,1,0,down,0.3974156200618701
20260610_201249,341,1781104407353,10,up,1.5818430246761217,logit_signal,1,0,down,0.3323206908194836
20260610_201249,342,1781104407455,10,down,-0.274350414875002,logit_signal,0,0,down,0.1636162121879043
20260610_201249,343,1781104407557,10,down,-0.274350414875002,logit_signal,0,0,down,0.2990932219426821
20260610_201249,347,1781104407965,10,up,0.8230738256864711,logit_signal,1,0,down,0.2145836111765322
20260610_201249,348,1781104408067,10,up,0.8230738256864711,logit_signal,1,0,down,0.21646682569672435
20260610_201249,349,1781104408169,10,up,1.4363445193366076,logit_signal,1,0,down,0.2168823356623583
20260610_201249,350,1781104408271,10,up,1.4363445193366076,logit_signal,1,0,down,0.21691466871022894
20260610_201249,351,1781104408373,10,up,1.4363445193366076,logit_signal,1,0,down,0.4842259631600114
20260610_201249,352,1781104408475,10,up,1.4363445193366076,logit_signal,1,0,down,0.46222316499181604
20260610_201249,353,1781104408577,10,up,1.065154362653864,logit_signal,1,1,up,0.515001789296262
20260610_201249,354,1781104408679,10,up,1.065154362653864,logit_signal,1,1,up,0.5058179120528745
20260610_201249,355,1781104408781,10,up,1.065154362653864,logit_signal,1,1,up,0.5051274958251276
20260610_201249,356,1781104408883,10,up,1.065154362653864,logit_signal,1,1,up,0.8035803696375936
20260610_201249,357,1781104408985,10,up,0.2420606135911107,logit_signal,1,1,up,0.7030749140090554
20260610_201249,358,1781104409087,10,up,0.2420606135911107,logit_signal,1,1,up,0.6600935263836671
20260610_201249,359,1781104409189,10,down,-0.3711368486447597,logit_signal,0,1,up,0.7827181435802586
20260610_201249,360,1781104409291,10,down,-0.3711368486447597,logit_signal,0,1,up,0.7170637177582381
20260610_201249,361,1781104409393,10,down,-0.7745464667374691,logit_signal,0,1,up,0.5640780619070229
20260610_201249,362,1781104409495,10,down,-0.7745464667374691,logit_signal,0,1,up,0.5456150503491265
20260610_201249,363,1781104409597,10,down,-0.4034245906647804,logit_signal,0,0,down,0.3864517374866401
20260610_201249,364,1781104409699,10,down,-0.4034245906647804,logit_signal,0,0,down,0.4625752724876303
20260610_201249,365,1781104409801,10,down,-0.4034245906647804,logit_signal,0,1,up,0.8283189229232852
20260610_201249,366,1781104409903,10,down,-0.4034245906647804,logit_signal,0,1,up,0.8351907126004509
20260610_201249,367,1781104410005,10,down,-0.4034245906647804,logit_signal,0,1,up,0.7541980644338744
20260610_201249,368,1781104410107,10,down,-0.4034245906647804,logit_signal,0,1,up,0.6087196145327016
20260610_201249,369,1781104410209,10,down,-0.4034245906647804,logit_signal,0,0,down,0.3080470762333583
20260610_201249,370,1781104410311,10,down,-0.4034245906647804,logit_signal,0,0,down,0.45316469539766774
20260610_201249,374,1781104410719,10,down,-0.0645505386331901,logit_signal,0,1,up,0.5539528185532325
20260610_201249,375,1781104410821,10,down,-0.6455053863385629,logit_signal,0,1,up,0.5373648201772765
20260610_201249,376,1781104410923,10,down,-0.6455053863385629,logit_signal,0,1,up,0.5389035215041517
20260610_201249,377,1781104411025,10,down,-0.6455053863385629,logit_signal,0,1,up,0.7266835558014796
20260610_201249,378,1781104411127,10,down,-0.6455053863385629,logit_signal,0,1,up,0.6735587685241429
20260610_201249,379,1781104411229,10,down,-0.3388903278278565,logit_signal,0,1,up,0.6596790135616566
20260610_201249,380,1781104411331,10,down,-0.3388903278278565,logit_signal,0,1,up,0.7237646493815152
20260610_201249,381,1781104411433,10,down,-0.3388903278278565,logit_signal,0,1,up,0.7232770788565197
20260610_201249,382,1781104411535,10,down,-0.3388903278278565,logit_signal,0,1,up,0.7131087841314534
20260610_201249,383,1781104411637,10,down,-0.3388903278278565,logit_signal,0,0,down,0.26567253188632334
20260610_201249,384,1781104411739,10,up,0.1291019106264279,logit_signal,1,0,down,0.22125586123081004
20260610_201249,385,1781104411841,10,up,0.7101017624244754,logit_signal,1,0,down,0.19234377250991336
20260610_201249,386,1781104411943,10,up,0.7101017624244754,logit_signal,1,0,down,0.27627551789105637
20260610_201249,387,1781104412045,10,up,0.919904555869433,logit_signal,1,0,down,0.2731254739410499
20260610_201249,388,1781104412147,10,up,0.919904555869433,logit_signal,1,0,down,0.4806246368238091
20260610_201249,389,1781104412249,10,up,0.613250899501594,logit_signal,1,1,up,0.8071229397251265
20260610_201249,390,1781104412351,10,up,0.613250899501594,logit_signal,1,1,up,0.7059693437525166
20260610_201249,391,1781104412453,10,up,0.613250899501594,logit_signal,1,1,up,0.7026267671473178
20260610_201249,392,1781104412555,10,up,0.613250899501594,logit_signal,1,1,up,0.66937811288711
20260610_201249,393,1781104412657,10,up,0.613250899501594,logit_signal,1,1,up,0.6560081080557504
20260610_201249,394,1781104412759,10,up,0.2097878963680521,logit_signal,1,1,up,0.7058007655163254
20260610_201249,395,1781104412861,10,up,0.2097878963680521,logit_signal,1,1,up,0.6314816355302747
20260610_201249,396,1781104412963,10,up,0.2097878963680521,logit_signal,1,1,up,0.7167900711929754
20260610_201249,397,1781104413065,10,up,0.5486645263363954,logit_signal,1,1,up,0.6998618061763872
20260610_201249,398,1781104413167,10,up,1.258700972184279,logit_signal,1,1,up,0.7059665976765994
20260610_201249,399,1781104413269,10,up,1.3232497399884302,logit_signal,1,0,down,0.44096716676330794
20260610_201249,400,1781104413371,10,up,1.3232497399884302,logit_signal,1,1,up,0.5387410808804449
20260610_201249,401,1781104413473,10,up,1.0650546687718254,logit_signal,1,1,up,0.5230896875147568
20260610_201249,402,1781104413575,10,up,1.0650546687718254,logit_signal,1,0,down,0.28968468084921456
20260610_201249,403,1781104413677,10,up,1.0650546687718254,logit_signal,1,0,down,0.19240363833530802
20260610_201249,404,1781104413779,10,up,1.0650546687718254,logit_signal,1,0,down,0.39991583466067054
20260610_201249,405,1781104413881,10,up,1.0650546687718254,logit_signal,1,0,down,0.3986226214889499
20260610_201249,406,1781104413983,10,up,1.0650546687718254,logit_signal,1,0,down,0.3733583146854728
20260610_201249,407,1781104414087,10,up,1.2747682221259105,logit_signal,1,1,up,0.8381209160380065
20260610_201249,408,1781104414189,10,up,0.564730635588262,logit_signal,1,1,up,0.8376994709055492
20260610_201249,409,1781104414291,10,up,0.5001867632836721,logit_signal,1,1,up,0.6350051941570334
20260610_201249,410,1781104414393,10,up,0.5001867632836721,logit_signal,1,0,down,0.21473929596311117
20260610_201249,411,1781104414495,10,up,0.7583672514432926,logit_signal,1,0,down,0.24833261497560682
20260610_201249,412,1781104414597,10,up,0.7583672514432926,logit_signal,1,0,down,0.23555559225777542
20260610_201249,413,1781104414699,10,up,0.7583672514432926,logit_signal,1,0,down,0.23658098930706276
20260610_201249,414,1781104414801,10,up,0.7906381983135979,logit_signal,1,0,down,0.2373501620618022
20260610_201249,415,1781104414903,10,up,0.7906381983135979,logit_signal,1,0,down,0.30464002907431204
20260610_201249,416,1781104415005,10,up,0.7906381983135979,logit_signal,1,1,up,0.77991410493927
20260610_201249,417,1781104415107,10,up,0.0322684997322575,logit_signal,1,1,up,0.7460938138009565
20260610_201249,418,1781104415209,10,up,0.0322684997322575,logit_signal,1,1,up,0.696333708088994
20260610_201249,419,1781104415311,10,up,0.0322684997322575,logit_signal,1,1,up,0.7411603602088088
20260610_201249,420,1781104415413,10,up,0.0322684997322575,logit_signal,1,1,up,0.8174469648103254
20260610_201249,421,1781104415515,10,up,0.0322684997322575,logit_signal,1,1,up,0.8184265908842046
20260610_201249,422,1781104415617,10,up,0.7583097437158237,logit_signal,1,1,up,0.824587032664425
20260610_201249,423,1781104415719,10,up,0.7583097437158237,logit_signal,1,1,up,0.8263968985426795
20260610_201249,424,1781104415821,10,up,0.7260389011642943,logit_signal,1,1,up,0.8345973761145635
20260610_201249,425,1781104415923,10,up,0.9357834726109182,logit_signal,1,1,up,0.8336875453348594
20260610_201249,426,1781104416025,10,up,0.9357834726109182,logit_signal,1,1,up,0.7513940408800811
20260610_201249,427,1781104416127,10,up,1.4198094067197076,logit_signal,1,1,up,0.5089958021646996
20260610_201249,428,1781104416229,10,up,1.4198094067197076,logit_signal,1,0,down,0.47979617507076866
20260610_201249,429,1781104416331,10,up,1.4198094067197076,logit_signal,1,1,up,0.8313770202314205
20260610_201249,430,1781104416433,10,up,1.4198094067197076,logit_signal,1,1,up,0.8287069152897633
20260610_201249,431,1781104416535,10,up,0.0161341978044404,logit_signal,1,1,up,0.8287394647391512
20260610_201249,432,1781104416637,10,down,-0.7259861917430221,logit_signal,0,1,up,0.5611315573220632
20260610_201249,433,1781104416739,10,down,-1.0970458008563444,logit_signal,0,1,up,0.6075196657177473
20260610_201249,434,1781104416841,10,down,-1.0970458008563444,logit_signal,0,1,up,0.7939143069115534
20260610_201249,435,1781104416943,10,down,-1.3067477388017943,logit_signal,0,1,up,0.8319844357677413
20260610_201249,436,1781104417045,10,down,-1.3067477388017943,logit_signal,0,1,up,0.8373709242509167
20260610_201249,437,1781104417147,10,down,-1.790641719209285,logit_signal,0,1,up,0.8262093395932117
20260610_201249,438,1781104417249,10,down,-1.790641719209285,logit_signal,0,0,down,0.3587345082686514
20260610_201249,439,1781104417351,10,down,-2.161675588955303,logit_signal,0,0,down,0.4276284813606027
20260610_201249,440,1781104417453,10,down,-2.5972370882232365,logit_signal,0,0,down,0.2565522864390819
20260610_201249,441,1781104417555,10,down,-1.1939287111617514,logit_signal,0,0,down,0.15513846182190225
20260610_201249,442,1781104417657,10,down,-1.8554327474196164,logit_signal,0,0,down,0.15503305518321114
20260610_201249,443,1781104417759,10,down,-1.48440128207028,logit_signal,0,0,down,0.1525900819889685
20260610_201249,444,1781104417861,10,down,-1.48440128207028,logit_signal,0,0,down,0.1683704488565117
20260610_201249,445,1781104417963,10,down,-1.48440128207028,logit_signal,0,0,down,0.17158289856421277
20260610_201249,446,1781104418065,10,down,-1.48440128207028,logit_signal,0,0,down,0.15322861998343612
20260610_201249,447,1781104418167,10,down,-1.48440128207028,logit_signal,0,0,down,0.15323229343593664
20260610_201249,448,1781104418269,10,down,-1.48440128207028,logit_signal,0,0,down,0.1669760371127791
20260610_201249,449,1781104418371,10,down,-1.1133422777209745,logit_signal,0,0,down,0.1543361516964077
20260610_201249,450,1781104418473,10,down,-0.6777161289173161,logit_signal,0,0,down,0.423583793248687
20260610_201249,451,1781104418575,10,up,0.5808995390710336,logit_signal,1,0,down,0.25185451103289097
20260610_201249,452,1781104418677,10,up,2.0171489938869414,logit_signal,1,0,down,0.20123783369009637
20260610_201249,453,1781104418779,10,up,2.0171489938869414,logit_signal,1,0,down,0.3006755794789236
20260610_201249,454,1781104418881,10,up,2.0171489938869414,logit_signal,1,0,down,0.3795139550098225
20260610_201249,455,1781104418983,10,up,2.0171489938869414,logit_signal,1,0,down,0.3777532320850132
20260610_201249,456,1781104419085,10,up,2.0171489938869414,logit_signal,1,0,down,0.3702194483943011
20260610_201249,457,1781104419187,10,up,2.0171489938869414,logit_signal,1,0,down,0.1584924577928654
20260610_201249,458,1781104419289,10,up,2.0171489938869414,logit_signal,1,0,down,0.4628765970126502
20260610_201249,459,1781104419391,10,up,2.727185439734825,logit_signal,1,1,up,0.6220511088443184
20260610_201249,460,1781104419493,10,up,2.727185439734825,logit_signal,1,1,up,0.8330810488412761
20260610_201249,461,1781104419595,10,up,1.4682996525294811,logit_signal,1,1,up,0.7449561274628101
20260610_201249,462,1781104419697,10,up,0.7098932498017518,logit_signal,1,0,down,0.43409332887742186
20260610_201249,463,1781104419799,10,up,1.258447124650175,logit_signal,1,0,down,0.445871317418505
20260610_201249,464,1781104419901,10,up,1.258447124650175,logit_signal,1,0,down,0.47099783694877057
20260610_201249,465,1781104420003,10,up,1.258447124650175,logit_signal,1,0,down,0.4983991832260096
20260610_201249,466,1781104420105,10,up,1.258447124650175,logit_signal,1,1,up,0.5249076967659871
20260610_201249,467,1781104420207,10,up,1.258447124650175,logit_signal,1,1,up,0.5300671065550294
20260610_201249,468,1781104420309,10,up,1.3552507496239483,logit_signal,1,1,up,0.6544852404923724
20260610_201249,469,1781104420411,10,up,0.6453116895799305,logit_signal,1,1,up,0.5936787031079294
20260610_201249,470,1781104420513,10,up,0.6453116895799305,logit_signal,1,1,up,0.5822095735235101
20260610_201249,471,1781104420615,10,up,0.6453116895799305,logit_signal,1,1,up,0.689568365186985
20260610_201249,472,1781104420717,10,up,0.6453116895799305,logit_signal,1,1,up,0.7426182816693352
20260610_201249,473,1781104420819,10,up,0.096791444281763,logit_signal,1,1,up,0.7772510254134454
20260610_201249,474,1781104420921,10,up,0.096791444281763,logit_signal,1,1,up,0.7742552703497292
20260610_201249,475,1781104421023,10,up,0.7904634616329176,logit_signal,1,1,up,0.7693210188289495
20260610_201249,476,1781104421125,10,up,0.7904634616329176,logit_signal,1,1,up,0.7695811541867827
20260610_201249,477,1781104421227,10,up,0.8711229985336466,logit_signal,1,1,up,0.8356204006452608
20260610_201249,478,1781104421329,10,up,0.774324059458209,logit_signal,1,1,up,0.7905920357200755
20260610_201249,479,1781104421431,10,up,0.774324059458209,logit_signal,1,1,up,0.8264100079166269
20260610_201249,480,1781104421533,10,up,0.774324059458209,logit_signal,1,1,up,0.7893300377780452
20260610_201249,481,1781104421635,10,up,0.774324059458209,logit_signal,1,1,up,0.8274706339539873
20260610_201249,482,1781104421737,10,up,0.7904558106952564,logit_signal,1,1,up,0.8276240619488009
20260610_201249,483,1781104421839,10,up,0.7904558106952564,logit_signal,1,1,up,0.784623496249018
20260610_201249,484,1781104421941,10,up,1.2744083478577473,logit_signal,1,1,up,0.8251025444927814
20260610_201249,485,1781104422043,10,up,2.5970318023471606,logit_signal,1,1,up,0.8380383789435092
20260610_201249,486,1781104422145,10,up,2.484117376160277,logit_signal,1,1,up,0.8385883962448494
20260610_201249,487,1781104422247,10,up,2.4034448300525035,logit_signal,1,1,up,0.678852464625249
20260610_201249,488,1781104422349,10,up,2.64540236327937,logit_signal,1,1,up,0.6212057624274505
20260610_201249,489,1781104422451,10,up,2.64540236327937,logit_signal,1,1,up,0.6214920064263229
20260610_201249,490,1781104422553,10,up,2.64540236327937,logit_signal,1,1,up,0.68895552557043
20260610_201249,491,1781104422655,10,up,2.64540236327937,logit_signal,1,1,up,0.6744561079010732
20260610_201249,492,1781104422759,10,up,1.758221905348023,logit_signal,1,1,up,0.7919839159205297
20260610_201249,493,1781104422861,10,up,1.5485257148029064,logit_signal,1,1,up,0.7924279475278521
20260610_201249,494,1781104422963,10,up,1.0645599133529693,logit_signal,1,1,up,0.8357640195104021
20260610_201249,495,1781104423065,10,down,-0.9514602092075553,logit_signal,0,1,up,0.7899129877866138
20260610_201249,496,1781104423167,10,down,-0.8385845660119351,logit_signal,0,1,up,0.8375330963223437
20260610_201249,497,1781104423269,10,down,-1.386889859174012,logit_signal,0,1,up,0.7883286530940505
20260610_201249,498,1781104423371,10,down,-1.9674008135683876,logit_signal,0,1,up,0.6868571543381622
20260610_201249,499,1781104423473,10,down,-1.9674008135683876,logit_signal,0,1,up,0.6876876456738674
20260610_201249,500,1781104423575,10,down,-1.9674008135683876,logit_signal,0,1,up,0.6205095370795034
20260610_201249,501,1781104423677,10,down,-2.241546828574137,logit_signal,0,0,down,0.18639909327452947
20260610_201249,502,1781104423779,10,down,-1.3708494508946067,logit_signal,0,0,down,0.1523689182780374
20260610_201249,503,1781104423881,10,down,-1.1612144690553716,logit_signal,0,0,down,0.20694834177042207
20260610_201249,504,1781104423983,10,down,-0.5483512770543264,logit_signal,0,0,down,0.25414741986244027
20260610_201249,505,1781104424085,10,down,-0.5483512770543264,logit_signal,0,0,down,0.23666525997275112
20260610_201249,506,1781104424187,10,down,-0.5483512770543264,logit_signal,0,0,down,0.1539619311126763
20260610_201249,508,1781104424391,10,down,-0.2741999611288737,logit_signal,0,0,down,0.15435475655380693
20260610_201249,509,1781104424493,10,down,-0.5645293317346756,logit_signal,0,0,down,0.17670611410286025
20260610_201249,510,1781104424595,10,down,-1.45164685303123,logit_signal,0,0,down,0.15594759867504343
20260610_201249,511,1781104424697,10,down,-1.1774791783769611,logit_signal,0,0,down,0.2689886712618783
20260610_201249,512,1781104424799,10,down,-1.1774791783769611,logit_signal,0,0,down,0.2775696748559469
20260610_201249,513,1781104424901,10,down,-1.1774791783769611,logit_signal,0,0,down,0.23159236207286657
20260610_201249,514,1781104425003,10,down,-1.79030381133094,logit_signal,0,1,up,0.7340645614114819
20260610_201249,515,1781104425105,10,down,-1.6774017691756349,logit_signal,0,1,up,0.7212014005078161
20260610_201249,516,1781104425207,10,down,-1.6774017691756349,logit_signal,0,0,down,0.37786600765584477
20260610_201249,517,1781104425309,10,down,-1.6774017691756349,logit_signal,0,0,down,0.2763500722343123
20260610_201249,518,1781104425411,10,down,-1.0645702160672066,logit_signal,0,0,down,0.31704978004910916
20260610_201249,519,1781104425513,10,down,-0.7742553639367156,logit_signal,0,0,down,0.1527932173015967
20260610_201249,520,1781104425615,10,up,0.1129222586704337,logit_signal,1,1,up,0.7521939927150536
20260610_201249,521,1781104425717,10,up,0.1129222586704337,logit_signal,1,1,up,0.7104210075397389
20260610_201249,522,1781104425819,10,up,0.1129222586704337,logit_signal,1,1,up,0.7106693328213557
20260610_201249,523,1781104425921,10,up,0.1129222586704337,logit_signal,1,1,up,0.7109826570675128
20260610_201249,524,1781104426023,10,up,0.1129222586704337,logit_signal,1,1,up,0.8362495690919222
20260610_201249,536,1781104427247,10,down,-0.5646049177088219,logit_signal,0,0,down,0.4586936076616088
20260610_201249,537,1781104427349,10,down,-0.5646049177088219,logit_signal,0,0,down,0.4592260891503129
20260610_201249,538,1781104427451,10,down,-0.5646049177088219,logit_signal,0,0,down,0.4931221978159546
20260610_201249,539,1781104427553,10,down,-0.5646049177088219,logit_signal,0,0,down,0.46613526102848407
20260610_201249,540,1781104427655,10,down,-0.5646049177088219,logit_signal,0,0,down,0.465146254312224
20260610_201249,541,1781104427759,10,down,-0.3064998124702178,logit_signal,0,1,up,0.5407168834603161
20260610_201249,542,1781104427861,10,down,-0.3064998124702178,logit_signal,0,0,down,0.3969062769314203
20260610_201249,543,1781104427963,10,down,-0.3064998124702178,logit_signal,0,0,down,0.3459632440173981
20260610_201249,544,1781104428065,10,down,-0.3064998124702178,logit_signal,0,0,down,0.4839812561374834
20260610_201249,545,1781104428167,10,down,-0.3064998124702178,logit_signal,0,0,down,0.3922767647173683
20260610_201249,546,1781104428269,10,up,0.2581196788020712,logit_signal,1,0,down,0.39989939977694605
20260610_201249,547,1781104428371,10,up,0.2581196788020712,logit_signal,1,0,down,0.4592852806125395
20260610_201249,548,1781104428473,10,up,0.2581196788020712,logit_signal,1,1,up,0.5371010767416787
20260610_201249,549,1781104428575,10,up,0.2581196788020712,logit_signal,1,1,up,0.6106375245951116
20260610_201249,550,1781104428677,10,up,0.2581196788020712,logit_signal,1,1,up,0.8335944515181142
20260610_201428,2,1781104471321,10,down,-0.3390594007857128,logit_signal,0,1,up,0.5138732083294958
20260610_201428,3,1781104471423,10,down,-0.8072842875839203,logit_signal,0,1,up,0.5140257520925432
20260610_201428,4,1781104471525,10,down,-0.8072842875839203,logit_signal,0,0,down,0.44545644171551363
20260610_201428,5,1781104471627,10,down,-1.4531117176508346,logit_signal,0,0,down,0.444684515802942
20260610_201428,6,1781104471729,10,down,-1.6145685751678407,logit_signal,0,0,down,0.44653221213589694
20260610_201428,7,1781104471831,10,down,-1.7437340611814456,logit_signal,0,0,down,0.42569896871021756
20260610_201428,8,1781104471933,10,down,-1.7437340611814456,logit_signal,0,0,down,0.4113315956645899
20260610_201428,9,1781104472035,10,down,-1.7437340611814456,logit_signal,0,0,down,0.4111372804484387
20260610_201428,10,1781104472137,10,down,-1.7437340611814456,logit_signal,0,0,down,0.4110083401996623
20260610_201428,11,1781104472239,10,down,-1.7437340611814456,logit_signal,0,0,down,0.43236682062562865
20260610_201428,12,1781104472341,10,down,-1.4047222888247113,logit_signal,0,0,down,0.15228964970452724
20260610_201428,13,1781104472443,10,down,-0.9365253778192972,logit_signal,0,1,up,0.6097077098927318
20260610_201428,14,1781104472545,10,down,-0.9365253778192972,logit_signal,0,1,up,0.5241903996798883
20260610_201428,15,1781104472647,10,down,-0.2906645803413266,logit_signal,0,0,down,0.16256440102718894
20260610_201428,16,1781104472749,10,down,-0.1291863440344709,logit_signal,0,0,down,0.2862819767314741
20260610_201428,39,1781104475097,10,up,0.8881675891503349,logit_signal,1,1,up,0.5473155085217053
20260610_201428,40,1781104475199,10,up,0.8881675891503349,logit_signal,1,1,up,0.59458597678429
20260610_201428,41,1781104475301,10,up,0.6136430615955035,logit_signal,1,1,up,0.7336576731320218
20260610_201428,42,1781104475403,10,up,0.6136430615955035,logit_signal,1,1,up,0.7376393300727168
20260610_201428,43,1781104475505,10,up,0.1614850162101611,logit_signal,1,1,up,0.7387945174721626
20260610_201428,44,1781104475607,10,up,0.1614850162101611,logit_signal,1,1,up,0.7360218426618534
20260610_201428,45,1781104475709,10,up,0.1614850162101611,logit_signal,1,1,up,0.7384977017463024
20260610_201428,46,1781104475811,10,up,0.1614850162101611,logit_signal,1,1,up,0.7338592440878668
20260610_201428,47,1781104475913,10,up,0.1614850162101611,logit_signal,1,1,up,0.7339304326251875
20260610_201428,48,1781104476015,10,up,0.1614850162101611,logit_signal,1,1,up,0.7317678613822283
20260610_201428,49,1781104476117,10,down,-0.7266180370812947,logit_signal,0,1,up,0.5557962128561335
20260610_201428,50,1781104476219,10,down,-0.7266180370812947,logit_signal,0,1,up,0.5239051377448062
20260610_201428,51,1781104476321,10,down,-0.4521303007232191,logit_signal,0,0,down,0.24624579603231833
20260610_201428,52,1781104476423,10,down,-0.8558180692264106,logit_signal,0,0,down,0.20088808390176494
20260610_201428,53,1781104476525,10,down,-1.3241557497822851,logit_signal,0,0,down,0.1978658799095072
20260610_201428,54,1781104476627,10,down,-1.6955652893557716,logit_signal,0,0,down,0.24522640238631124
20260610_201428,55,1781104476729,10,down,-1.6955652893557716,logit_signal,0,0,down,0.21254746757275245
20260610_201428,56,1781104476831,10,down,-1.6955652893557716,logit_signal,0,0,down,0.2033553526438418
20260610_201428,57,1781104476933,10,down,-1.6955652893557716,logit_signal,0,0,down,0.21210035480561235
20260610_201428,58,1781104477035,10,down,-1.6955652893557716,logit_signal,0,0,down,0.20343315146759167
20260610_201428,59,1781104477137,10,down,-1.6955652893557716,logit_signal,0,0,down,0.20310391795022156
20260610_201428,60,1781104477239,10,down,-1.808602975312823,logit_signal,0,0,down,0.20830644934642187
20260610_201428,61,1781104477341,10,down,-1.808602975312823,logit_signal,0,0,down,0.17145322241937935
20260610_201428,62,1781104477443,10,down,-1.4049536728633072,logit_signal,0,0,down,0.15882271638421472
20260610_201428,63,1781104477545,10,down,-0.484511382383701,logit_signal,0,0,down,0.16143464109603525
20260610_201428,64,1781104477647,10,down,-0.1130568554841282,logit_signal,0,0,down,0.40772383310364646
20260610_201428,65,1781104477749,10,down,-0.1130568554841282,logit_signal,0,0,down,0.4071788296450748
20260610_201428,66,1781104477851,10,down,-0.1130568554841282,logit_signal,0,0,down,0.4028631378860278
20260610_201428,67,1781104477953,10,down,-0.1130568554841282,logit_signal,0,0,down,0.22155307367551486
20260610_201428,68,1781104478055,10,down,-0.1130568554841282,logit_signal,0,0,down,0.22581437257102133
20260610_201428,69,1781104478157,10,down,-0.1130568554841282,logit_signal,0,0,down,0.22640371970507986
20260610_201428,72,1781104478463,10,down,-0.9206162314334688,logit_signal,0,0,down,0.25950044832953156
20260610_201428,73,1781104478565,10,down,-0.9206162314334688,logit_signal,0,0,down,0.25963432153802657
20260610_201428,74,1781104478667,10,down,-0.9206162314334688,logit_signal,0,0,down,0.48223678368136624
20260610_201428,75,1781104478769,10,down,-0.9206162314334688,logit_signal,0,0,down,0.4978994728744475
20260610_201428,76,1781104478871,10,down,-0.9206162314334688,logit_signal,0,1,up,0.7490334416668784
20260610_201428,77,1781104478973,10,down,-0.9206162314334688,logit_signal,0,1,up,0.6632926990744729
20260610_201428,78,1781104479075,10,down,-0.9206162314334688,logit_signal,0,1,up,0.5787394065374902
20260610_201428,79,1781104479177,10,down,-0.9206162314334688,logit_signal,0,1,up,0.5786239595930935
20260610_201428,80,1781104479279,10,down,-0.9206162314334688,logit_signal,0,0,down,0.1754365861654507
20260610_201428,81,1781104479381,10,down,-0.9206162314334688,logit_signal,0,0,down,0.15817735946127384
20260610_201428,96,1781104480911,10,up,0.6784112577506995,logit_signal,1,1,up,0.5985161819432503
20260610_201428,97,1781104481013,10,up,0.6784112577506995,logit_signal,1,1,up,0.5968080558632344
20260610_201428,98,1781104481115,10,up,0.6784112577506995,logit_signal,1,1,up,0.6045231510112794
20260610_201428,99,1781104481217,10,up,0.6784112577506995,logit_signal,1,1,up,0.6038416543504534
20260610_201428,100,1781104481319,10,up,0.6784112577506995,logit_signal,1,1,up,0.6068712288867405
20260610_201428,101,1781104481421,10,up,0.6784112577506995,logit_signal,1,1,up,0.603648622206356
20260610_201428,102,1781104481523,10,up,0.6784112577506995,logit_signal,1,1,up,0.6075826654599417
20260610_201428,103,1781104481625,10,up,0.6784112577506995,logit_signal,1,1,up,0.6258421054967521
20260610_201428,104,1781104481727,10,up,0.6784112577506995,logit_signal,1,1,up,0.7245931758013007
20260610_201428,105,1781104481829,10,up,0.6784112577506995,logit_signal,1,1,up,0.8333471377291218
20260610_201428,114,1781104482747,10,up,0.4522434911247153,logit_signal,1,0,down,0.4146180274521197
20260610_201428,115,1781104482849,10,up,0.4522434911247153,logit_signal,1,0,down,0.4148319990636065
20260610_201428,116,1781104482951,10,up,0.4522434911247153,logit_signal,1,0,down,0.4148319990636065
20260610_201428,117,1781104483053,10,up,0.9367900887591318,logit_signal,1,0,down,0.462259263235992
20260610_201428,118,1781104483155,10,up,2.2450659023731667,logit_signal,1,0,down,0.46236982953755
20260610_201428,119,1781104483257,10,up,2.6650062869926217,logit_signal,1,0,down,0.47710522097728597
20260610_201428,120,1781104483359,10,up,2.6650062869926217,logit_signal,1,0,down,0.47962062572269426
20260610_201428,121,1781104483461,10,up,2.6650062869926217,logit_signal,1,0,down,0.4791705291785581
20260610_201428,122,1781104483563,10,up,2.6650062869926217,logit_signal,1,1,up,0.6926661397421205
20260610_201428,123,1781104483665,10,up,2.6650062869926217,logit_signal,1,1,up,0.6539641012587996
20260610_201428,124,1781104483767,10,up,2.212662729634829,logit_signal,1,1,up,0.7565616211604635
20260610_201428,125,1781104483869,10,up,2.7456398834879714,logit_signal,1,1,up,0.7522465642883005
20260610_201428,126,1781104483971,10,up,2.7456398834879714,logit_signal,1,1,up,0.7268060483257471
20260610_201428,127,1781104484073,10,up,2.2610056468619355,logit_signal,1,1,up,0.8020145037345756
20260610_201428,128,1781104484175,10,up,0.9527277483578622,logit_signal,1,1,up,0.8350862540877375
20260610_201428,129,1781104484277,10,up,0.53285925007307,logit_signal,1,1,up,0.7841795761256733
20260610_201428,130,1781104484379,10,up,0.53285925007307,logit_signal,1,1,up,0.7644739882313796
20260610_201428,131,1781104484481,10,up,1.001129500137754,logit_signal,1,1,up,0.758380138269053
20260610_201428,132,1781104484583,10,up,1.001129500137754,logit_signal,1,1,up,0.7227330226559588
20260610_201428,133,1781104484685,10,up,1.001129500137754,logit_signal,1,1,up,0.743368459543324
20260610_201428,134,1781104484787,10,up,1.001129500137754,logit_signal,1,1,up,0.7872641428843095
20260610_201428,135,1781104484889,10,up,2.0182987033634525,logit_signal,1,1,up,0.8264327058165379
20260610_201428,136,1781104484991,10,up,2.518836781797429,logit_signal,1,1,up,0.8150268305698574
20260610_201428,137,1781104485093,10,up,2.583422340305397,logit_signal,1,1,up,0.8049276950027738
20260610_201428,138,1781104485195,10,up,2.583422340305397,logit_signal,1,1,up,0.7266965591696214
20260610_201428,139,1781104485299,10,up,2.0182987033634525,logit_signal,1,1,up,0.7262154581887712
20260610_201428,140,1781104485401,10,up,2.0182987033634525,logit_signal,1,1,up,0.8372085244656179
20260610_201428,141,1781104485503,10,up,1.54998082706026,logit_signal,1,1,up,0.5269006982460299
20260610_201428,142,1781104485605,10,up,1.54998082706026,logit_signal,1,1,up,0.6685025697547844
20260610_201428,143,1781104485707,10,up,1.54998082706026,logit_signal,1,1,up,0.6215913042087708
20260610_201428,144,1781104485809,10,up,1.54998082706026,logit_signal,1,1,up,0.6496099226528097
20260610_201428,146,1781104486013,10,down,-0.5004120328111483,logit_signal,0,1,up,0.7865596422014158
20260610_201428,147,1781104486115,10,down,-0.5649776793459349,logit_signal,0,1,up,0.5297722978476901
20260610_201428,148,1781104486217,10,down,-0.5649776793459349,logit_signal,0,0,down,0.16504189005746545
20260610_201428,157,1781104487135,10,up,0.6295821269697299,logit_signal,1,0,down,0.22949128649697784
20260610_201428,158,1781104487237,10,up,0.6295821269697299,logit_signal,1,0,down,0.22955979436397073
20260610_201428,159,1781104487339,10,up,0.6295821269697299,logit_signal,1,0,down,0.2321141270813059
20260610_201428,160,1781104487441,10,up,0.6295821269697299,logit_signal,1,0,down,0.23273896135185929
20260610_201428,161,1781104487543,10,up,0.6295821269697299,logit_signal,1,0,down,0.2271053213699315
20260610_201428,162,1781104487645,10,up,0.6295821269697299,logit_signal,1,0,down,0.22706331354977333
20260610_201428,163,1781104487747,10,up,0.6295821269697299,logit_signal,1,1,up,0.6028244610960378
20260610_201428,164,1781104487849,10,up,0.6295821269697299,logit_signal,1,1,up,0.6232265654559379
20260610_201428,165,1781104487951,10,up,0.6295821269697299,logit_signal,1,1,up,0.645785575249184
20260610_201428,166,1781104488053,10,up,0.6295821269697299,logit_signal,1,1,up,0.6455764651259935
20260610_201428,167,1781104488155,10,up,0.920100565378057,logit_signal,1,1,up,0.7522938991882987
20260610_201428,168,1781104488257,10,up,0.920100565378057,logit_signal,1,1,up,0.7560437686818533
20260610_201428,169,1781104488359,10,up,0.920100565378057,logit_signal,1,1,up,0.7556083520988166
20260610_201428,170,1781104488461,10,up,0.920100565378057,logit_signal,1,1,up,0.7870219782911002
20260610_201428,171,1781104488563,10,up,0.920100565378057,logit_signal,1,1,up,0.8085284841540124
20260610_201428,172,1781104488665,10,up,0.920100565378057,logit_signal,1,1,up,0.8077443457477038
20260610_201428,173,1781104488767,10,up,1.5012167119321518,logit_signal,1,1,up,0.8072648267896935
20260610_201428,174,1781104488869,10,up,1.5012167119321518,logit_signal,1,1,up,0.8098115621407824
20260610_201428,175,1781104488971,10,up,1.5012167119321518,logit_signal,1,1,up,0.8052842227869247
20260610_201428,176,1781104489073,10,up,1.5012167119321518,logit_signal,1,1,up,0.8052917875090841
20260610_201428,177,1781104489175,10,up,0.5810626829449994,logit_signal,1,1,up,0.8301463633431176
20260610_201428,178,1781104489277,10,up,0.5810626829449994,logit_signal,1,1,up,0.6756734689837476
20260610_201428,179,1781104489379,10,up,0.5810626829449994,logit_signal,1,1,up,0.6756924360909949
20260610_201428,180,1781104489481,10,up,0.5810626829449994,logit_signal,1,1,up,0.7883355661114999
20260610_201428,181,1781104489583,10,up,0.5810626829449994,logit_signal,1,1,up,0.7887006431583048
20260610_201428,182,1781104489685,10,up,0.5810626829449994,logit_signal,1,1,up,0.7868486754416079
20260610_201428,211,1781104492645,10,down,-2.437093531938439,logit_signal,0,1,up,0.7450020574864235
20260610_201428,212,1781104492747,10,down,-3.227938452897705,logit_signal,0,1,up,0.7005063051411655
20260610_201428,213,1781104492849,10,down,-3.792827682154165,logit_signal,0,1,up,0.7004320093974158
20260610_201428,214,1781104492951,10,down,-4.422275680470156,logit_signal,0,1,up,0.7411160943980257
20260610_201428,215,1781104493053,10,down,-4.422275680470156,logit_signal,0,1,up,0.7410356414240508
20260610_201428,216,1781104493155,10,down,-4.422275680470156,logit_signal,0,1,up,0.7503406175582578
20260610_201428,217,1781104493257,10,down,-4.422275680470156,logit_signal,0,1,up,0.7517031193720407
20260610_201428,218,1781104493359,10,down,-4.422275680470156,logit_signal,0,1,up,0.75523080300678
20260610_201428,219,1781104493461,10,down,-4.422275680470156,logit_signal,0,1,up,0.7545782775363221
20260610_201428,220,1781104493563,10,down,-4.422275680470156,logit_signal,0,1,up,0.8153429548666655
20260610_201428,221,1781104493665,10,down,-1.985666073925918,logit_signal,0,0,down,0.19270901893454637
20260610_201428,222,1781104493767,10,down,-1.1947228767639206,logit_signal,0,0,down,0.20185675370967993
20260610_201428,223,1781104493869,10,down,-0.6296868276778333,logit_signal,0,0,down,0.1521056029670585
20260610_201428,237,1781104495301,10,down,-0.7266074777600995,logit_signal,0,1,up,0.5510359736756417
20260610_201428,238,1781104495403,10,down,-0.7266074777600995,logit_signal,0,1,up,0.5511812864252633
20260610_201428,239,1781104495505,10,down,-0.7266074777600995,logit_signal,0,1,up,0.5511812864252633
20260610_201428,240,1781104495607,10,down,-0.7266074777600995,logit_signal,0,1,up,0.5504318840897904
20260610_201428,241,1781104495709,10,down,-0.7266074777600995,logit_signal,0,0,down,0.43525254550678166
20260610_201428,242,1781104495811,10,down,-0.7266074777600995,logit_signal,0,0,down,0.35562003740781695
20260610_201428,243,1781104495913,10,down,-0.7266074777600995,logit_signal,0,0,down,0.40488430070872655
20260610_201428,244,1781104496015,10,down,-0.7266074777600995,logit_signal,0,0,down,0.3265603016651205
20260610_201428,245,1781104496117,10,down,-1.388627624162586,logit_signal,0,0,down,0.2328713858497202
20260610_201428,246,1781104496219,10,down,-1.388627624162586,logit_signal,0,0,down,0.16178701210515178
20260610_201428,247,1781104496321,10,down,-1.1303604315715532,logit_signal,0,0,down,0.23925241175781142
20260610_201428,248,1781104496423,10,down,-1.1303604315715532,logit_signal,0,0,down,0.2186883958940069
20260610_201428,249,1781104496525,10,down,-1.1303604315715532,logit_signal,0,0,down,0.2588559465525638
20260610_201428,250,1781104496627,10,down,-1.1303604315715532,logit_signal,0,0,down,0.23163396352402799
20260610_201428,251,1781104496729,10,down,-1.1303604315715532,logit_signal,0,0,down,0.2573558422002048
20260610_201428,252,1781104496831,10,down,-1.1465084377371149,logit_signal,0,0,down,0.22029366162123104
20260610_201428,253,1781104496933,10,down,-1.1465084377371149,logit_signal,0,0,down,0.16106118246277393
20260610_201428,254,1781104497035,10,down,-1.1465084377371149,logit_signal,0,0,down,0.1550328153013669
20260610_201428,255,1781104497137,10,down,-0.4844722603292162,logit_signal,0,0,down,0.16164776987411114
20260610_201428,256,1781104497239,10,down,-0.4844722603292162,logit_signal,0,0,down,0.16178683069899838
20260610_201428,257,1781104497341,10,down,-0.0161498316786357,logit_signal,0,0,down,0.20865510852259211
20260610_201428,258,1781104497443,10,down,-0.0161498316786357,logit_signal,0,0,down,0.18395018782128322
20260610_201428,259,1781104497545,10,down,-0.0161498316786357,logit_signal,0,0,down,0.183873000215267
20260610_201428,260,1781104497647,10,down,-0.0161498316786357,logit_signal,0,0,down,0.2099308941333399
20260610_201428,261,1781104497749,10,down,-0.6944427621702332,logit_signal,0,0,down,0.18167212332460506
20260610_201428,262,1781104497851,10,down,-0.6782940259264514,logit_signal,0,0,down,0.16192839724318078
20260610_201428,263,1781104497953,10,down,-0.9043920345686018,logit_signal,0,0,down,0.1617762860842559
20260610_201428,264,1781104498055,10,down,-1.1143401854485369,logit_signal,0,0,down,0.18241245284967322
20260610_201428,265,1781104498157,10,down,-1.3565880518506823,logit_signal,0,0,down,0.18919290633240732
20260610_201428,266,1781104498259,10,down,-1.3565880518506823,logit_signal,0,0,down,0.20718737506251142
20260610_201428,267,1781104498361,10,down,-1.3565880518506823,logit_signal,0,0,down,0.20730976715856683
20260610_201428,268,1781104498463,10,down,-1.3565880518506823,logit_signal,0,0,down,0.20795989392689876
20260610_201428,269,1781104498565,10,down,-1.3565880518506823,logit_signal,0,0,down,0.20857452156946626
20260610_201428,270,1781104498667,10,down,-1.3565880518506823,logit_signal,0,0,down,0.188149700563961
20260610_201428,271,1781104498769,10,down,-0.6783400373244763,logit_signal,0,0,down,0.21727815801974565
20260610_201428,272,1781104498871,10,down,-0.6783400373244763,logit_signal,0,0,down,0.1827154721035426
20260610_201428,273,1781104498973,10,down,-1.033684382238942,logit_signal,0,0,down,0.20417818115074018
20260610_201428,274,1781104499075,10,down,-1.2436776355273516,logit_signal,0,0,down,0.15398165568130054
20260610_201428,275,1781104499177,10,down,-1.8736376756234296,logit_signal,0,0,down,0.24892330429863865
20260610_201428,276,1781104499279,10,down,-1.8736376756234296,logit_signal,0,0,down,0.2557184979682234
20260610_201428,277,1781104499381,10,down,-1.8736376756234296,logit_signal,0,0,down,0.2527669268954254
20260610_201428,278,1781104499483,10,down,-1.8736376756234296,logit_signal,0,0,down,0.3178371050321242
20260610_201428,279,1781104499585,10,down,-1.8736376756234296,logit_signal,0,0,down,0.3560903416321163
20260610_201428,280,1781104499687,10,down,-1.8736376756234296,logit_signal,0,0,down,0.272097939362593
20260610_201428,281,1781104499789,10,down,-2.471263485951392,logit_signal,0,0,down,0.23359803876779292
20260610_201428,282,1781104499891,10,down,-2.471263485951392,logit_signal,0,0,down,0.17051559930244906
20260610_201428,283,1781104499993,10,down,-1.889899617255608,logit_signal,0,0,down,0.3557596837158691
20260610_201428,284,1781104500095,10,down,-1.4699836605658323,logit_signal,0,0,down,0.1531756374321649
20260610_201428,289,1781104500605,10,down,-0.4684971983059949,logit_signal,0,0,down,0.4369232948195958
20260610_201428,290,1781104500707,10,down,-0.5331175015210743,logit_signal,0,0,down,0.32255499463331117
20260610_201428,291,1781104500809,10,up,0.0646241660451352,logit_signal,1,0,down,0.19147999404487218
20260610_201428,292,1781104500911,10,up,0.0646241660451352,logit_signal,1,0,down,0.17620384320028926
20260610_201428,293,1781104501013,10,up,0.0646241660451352,logit_signal,1,0,down,0.24013588026514482
20260610_201428,294,1781104501115,10,up,0.0646241660451352,logit_signal,1,1,up,0.5846458346067781
20260610_201428,295,1781104501217,10,down,-0.5331175015210743,logit_signal,0,1,up,0.6056931811919792
20260610_201428,296,1781104501319,10,down,-0.5331175015210743,logit_signal,0,1,up,0.640390133847611
20260610_201428,297,1781104501421,10,down,-0.5331175015210743,logit_signal,0,1,up,0.5582667673016048
20260610_201428,298,1781104501523,10,down,-0.5331175015210743,logit_signal,0,0,down,0.22313487349210087
20260610_201428,299,1781104501625,10,down,-0.0646233307999288,logit_signal,0,0,down,0.25952139730190843
20260610_201428,315,1781104503257,10,down,-0.1292474968395129,logit_signal,0,0,down,0.3571236947887703
20260610_201428,316,1781104503359,10,down,-0.5493018615676526,logit_signal,0,0,down,0.41978514409209283
20260610_201428,317,1781104503461,10,down,-0.5493018615676526,logit_signal,0,0,down,0.3916077757068673
20260610_201428,318,1781104503563,10,down,-0.5493018615676526,logit_signal,0,0,down,0.3707430462365924
20260610_201428,319,1781104503665,10,down,-0.5493018615676526,logit_signal,0,0,down,0.3778056517668999
20260610_201428,320,1781104503767,10,down,-0.5493018615676526,logit_signal,0,0,down,0.2904271071202639
20260610_201428,321,1781104503869,10,down,-0.5493018615676526,logit_signal,0,0,down,0.3638842158165694
20260610_201428,322,1781104503971,10,down,-0.5493018615676526,logit_signal,0,0,down,0.2689848625352257
20260610_201428,323,1781104504073,10,down,-0.5493018615676526,logit_signal,0,0,down,0.16364037419640273
20260610_201428,324,1781104504175,10,down,-0.5493018615676526,logit_signal,0,0,down,0.16381671680579188
20260610_201428,325,1781104504277,10,down,-0.4200597938963657,logit_signal,0,0,down,0.1519845248966951
20260610_201428,336,1781104505399,10,up,0.5331752118764577,logit_signal,1,0,down,0.20078056595982507
20260610_201428,337,1781104505501,10,up,0.5331752118764577,logit_signal,1,0,down,0.2391917402912585
20260610_201428,338,1781104505603,10,up,0.5331752118764577,logit_signal,1,0,down,0.44701252976915473
20260610_201428,339,1781104505705,10,up,0.5331752118764577,logit_signal,1,0,down,0.43903098906376165
20260610_201428,340,1781104505807,10,up,0.5331752118764577,logit_signal,1,0,down,0.43956582598713073
20260610_201428,341,1781104505911,10,up,0.5331752118764577,logit_signal,1,0,down,0.43875208404243293
20260610_201428,342,1781104506013,10,up,0.5331752118764577,logit_signal,1,0,down,0.4471587856747964
20260610_201428,343,1781104506115,10,up,0.5331752118764577,logit_signal,1,0,down,0.3906448743699094
20260610_201428,344,1781104506217,10,up,0.5331752118764577,logit_signal,1,0,down,0.39070854560990204
20260610_201428,345,1781104506319,10,up,0.5331752118764577,logit_signal,1,0,down,0.44454729742113624
20260610_201428,353,1781104507135,10,down,-0.5654587122239096,logit_signal,0,0,down,0.3582830452940188
20260610_201428,354,1781104507237,10,down,-0.5654587122239096,logit_signal,0,0,down,0.2980524985755643
20260610_201428,355,1781104507339,10,down,-0.5654587122239096,logit_signal,0,0,down,0.30440513707688704
20260610_201428,356,1781104507441,10,down,-0.5654587122239096,logit_signal,0,0,down,0.31592793789108714
20260610_201428,357,1781104507543,10,down,-0.5654587122239096,logit_signal,0,0,down,0.3552195078360626
20260610_201428,358,1781104507645,10,down,-0.5654587122239096,logit_signal,0,0,down,0.3550307758842082
20260610_201428,359,1781104507747,10,down,-0.5654587122239096,logit_signal,0,0,down,0.17129985832358333
20260610_201428,360,1781104507849,10,down,-0.5654587122239096,logit_signal,0,0,down,0.19798092058217565
20260610_201428,361,1781104507951,10,down,-0.5654587122239096,logit_signal,0,0,down,0.2091636899508087
20260610_201428,362,1781104508053,10,down,-0.5654587122239096,logit_signal,0,0,down,0.19790386932626783
20260610_201428,383,1781104510195,10,up,0.5493338115769575,logit_signal,1,0,down,0.4459484281285928
20260610_201428,384,1781104510297,10,up,0.5493338115769575,logit_signal,1,0,down,0.45533840892385974
20260610_201428,385,1781104510399,10,up,0.5493338115769575,logit_signal,1,1,up,0.7914785202987927
20260610_201428,386,1781104510501,10,up,0.5493338115769575,logit_signal,1,1,up,0.7118726785383679
20260610_201428,387,1781104510603,10,up,0.4523925507093906,logit_signal,1,1,up,0.7119105028662709
20260610_201428,388,1781104510705,10,up,0.3069806594102608,logit_signal,1,1,up,0.7244806896250712
20260610_201428,389,1781104510807,10,up,0.3069806594102608,logit_signal,1,1,up,0.7201758532120628
20260610_201428,390,1781104510909,10,up,0.0161568768097808,logit_signal,1,1,up,0.8307272685095526
20260610_201428,391,1781104511011,10,down,-0.0646275072446744,logit_signal,0,1,up,0.8261334063054314
20260610_201428,392,1781104511113,10,down,-0.5008631811431741,logit_signal,0,1,up,0.8259096106195571
20260610_201428,393,1781104511215,10,down,-1.37325909117747,logit_signal,0,1,up,0.826959318965568
20260610_201428,394,1781104511317,10,down,-1.37325909117747,logit_signal,0,1,up,0.6457526086364184
20260610_201428,395,1781104511419,10,down,-2.124512593997263,logit_signal,0,1,up,0.6274112318445255
20260610_201428,396,1781104511521,10,down,-3.053481979206074,logit_signal,0,0,down,0.41075076087927104
20260610_201428,397,1781104511623,10,down,-2.956574703191217,logit_signal,0,0,down,0.21741659025847737
20260610_201428,398,1781104511725,10,down,-2.8112102664112903,logit_signal,0,0,down,0.3115466976663809
20260610_201428,399,1781104511827,10,down,-2.8112102664112903,logit_signal,0,0,down,0.25846690470043737
20260610_201428,400,1781104511929,10,down,-2.520468710238699,logit_signal,0,0,down,0.21139869976836864
20260610_201428,401,1781104512031,10,down,-2.4397041656731844,logit_signal,0,0,down,0.15747059005433034
20260610_201428,402,1781104512133,10,down,-2.003553075171638,logit_signal,0,0,down,0.1534201894838783
20260610_201428,403,1781104512235,10,down,-1.276498451640018,logit_signal,0,0,down,0.16661497923233234
20260610_201428,404,1781104512337,10,down,-1.276498451640018,logit_signal,0,0,down,0.16489413211946602
20260610_201428,405,1781104512439,10,down,-0.5251812279216672,logit_signal,0,0,down,0.12398278295755438
20260610_201428,406,1781104512541,10,up,0.4040231004243111,logit_signal,1,0,down,0.26391531780421296
20260610_201428,407,1781104512643,10,up,0.4040231004243111,logit_signal,1,0,down,0.2737820370369433
20260610_201428,408,1781104512745,10,up,0.4040231004243111,logit_signal,1,1,up,0.6857475830142391
20260610_201428,409,1781104512847,10,up,0.4040231004243111,logit_signal,1,1,up,0.6823278765469832
20260610_201428,410,1781104512949,10,up,0.4040231004243111,logit_signal,1,1,up,0.6954713732473652
20260610_201428,411,1781104513051,10,up,0.0323218480335896,logit_signal,1,1,up,0.7258853615879298
20260610_201428,412,1781104513153,10,up,0.0323218480335896,logit_signal,1,0,down,0.3825181925421587
20260610_201428,413,1781104513255,10,down,-1.1312189773293737,logit_signal,0,1,up,0.8140699625069648
20260610_201428,414,1781104513357,10,down,-2.0846749725078606,logit_signal,0,1,up,0.8278144671604694
20260610_201428,415,1781104513459,10,down,-2.0846749725078606,logit_signal,0,1,up,0.7220991896058429
20260610_201428,416,1781104513561,10,down,-2.1169955147160024,logit_signal,0,1,up,0.6555286351095845
20260610_201428,417,1781104513663,10,down,-2.1169955147160024,logit_signal,0,1,up,0.6546204198428301
20260610_201428,418,1781104513765,10,down,-2.1169955147160024,logit_signal,0,1,up,0.756420781515934
20260610_201428,419,1781104513867,10,down,-2.1169955147160024,logit_signal,0,1,up,0.678793403592381
20260610_201428,420,1781104513969,10,down,-2.1169955147160024,logit_signal,0,0,down,0.16337044284484245
20260610_201428,421,1781104514071,10,down,-1.7453741524631194,logit_signal,0,0,down,0.23052677037596606
20260610_201428,422,1781104514173,10,down,-1.7453741524631194,logit_signal,0,0,down,0.1660148805064517
20260610_201428,423,1781104514275,10,down,-1.9556140264398447,logit_signal,0,0,down,0.15249423716686866
20260610_201428,424,1781104514377,10,down,-1.0829639267939672,logit_signal,0,0,down,0.16240413508886775
20260610_201428,425,1781104514479,10,down,-1.0829639267939672,logit_signal,0,0,down,0.1578973009845239
20260610_201428,426,1781104514581,10,down,-1.050640041831974,logit_signal,0,0,down,0.26489496256781964
20260610_201428,427,1781104514683,10,down,-1.050640041831974,logit_signal,0,1,up,0.8145474371004388
20260610_201428,428,1781104514785,10,down,-1.050640041831974,logit_signal,0,1,up,0.7823967874354353
20260610_201428,429,1781104514887,10,down,-1.050640041831974,logit_signal,0,1,up,0.7435794305763471
20260610_201428,430,1781104514989,10,down,-0.2747827801719005,logit_signal,0,1,up,0.7337122699747894
20260610_201428,431,1781104515091,10,down,-0.2747827801719005,logit_signal,0,1,up,0.6454060850381524
20260610_201428,432,1781104515193,10,down,-0.2747827801719005,logit_signal,0,0,down,0.19462757732242134
20260610_201428,433,1781104515295,10,up,0.6951062098026206,logit_signal,1,0,down,0.15448065915088724
20260610_201428,434,1781104515397,10,up,0.7759387848960131,logit_signal,1,0,down,0.2977684766135684
20260610_201428,435,1781104515499,10,up,0.7759387848960131,logit_signal,1,0,down,0.39375679144287323
20260610_201428,436,1781104515601,10,up,0.7759387848960131,logit_signal,1,0,down,0.3901319595331139
20260610_201428,437,1781104515703,10,up,0.7759387848960131,logit_signal,1,0,down,0.3979885236200927
20260610_201428,438,1781104515805,10,up,0.7759387848960131,logit_signal,1,0,down,0.41125789680989283
20260610_201428,439,1781104515907,10,up,0.7759387848960131,logit_signal,1,1,up,0.8329667323117973
20260610_201428,447,1781104516725,10,up,1.163817872202877,logit_signal,1,0,down,0.3570655442229802
20260610_201428,448,1781104516827,10,up,1.163817872202877,logit_signal,1,0,down,0.46674377822485386
20260610_201428,449,1781104516929,10,up,1.163817872202877,logit_signal,1,0,down,0.47256521026812465
20260610_201428,450,1781104517031,10,up,1.163817872202877,logit_signal,1,0,down,0.49592663643762397
20260610_201428,451,1781104517133,10,up,1.163817872202877,logit_signal,1,0,down,0.2792373106603953
20260610_201428,452,1781104517235,10,up,1.163817872202877,logit_signal,1,0,down,0.3106400037119326
20260610_201428,453,1781104517337,10,up,1.6487419856203722,logit_signal,1,0,down,0.47692224508573133
20260610_201428,454,1781104517439,10,up,1.6487419856203722,logit_signal,1,1,up,0.7031637323842264
20260610_201428,455,1781104517541,10,up,1.6487419856203722,logit_signal,1,1,up,0.5924756971003305
20260610_201428,456,1781104517643,10,up,2.7963957207077783,logit_signal,1,1,up,0.8099668916814854
20260610_201428,457,1781104517745,10,up,2.2627158570309724,logit_signal,1,1,up,0.5037925567472181
20260610_201428,458,1781104517847,10,up,2.2627158570309724,logit_signal,1,0,down,0.35208370360148267
20260610_201428,459,1781104517949,10,up,2.2627158570309724,logit_signal,1,0,down,0.23552403932524082
20260610_201428,460,1781104518051,10,up,2.2627158570309724,logit_signal,1,0,down,0.27653012873364347
20260610_201428,461,1781104518153,10,up,1.389954026462803,logit_signal,1,0,down,0.43811027324511764
20260610_201428,462,1781104518255,10,up,0.339407378555645,logit_signal,1,0,down,0.4451520787376407
20260610_201428,463,1781104518357,10,down,-0.1454532525368979,logit_signal,0,1,up,0.8351248850897905
20260610_201428,464,1781104518459,10,down,-0.1454532525368979,logit_signal,0,1,up,0.7512214263985155
20260610_201428,465,1781104518561,10,down,-0.1454532525368979,logit_signal,0,1,up,0.8269697903446172
20260610_201428,466,1781104518663,10,down,-1.292769459614318,logit_signal,0,1,up,0.8363802237118309
20260610_201428,467,1781104518765,10,down,-1.92287338686703,logit_signal,0,1,up,0.6134206306713414
20260610_201428,468,1781104518867,10,down,-1.92287338686703,logit_signal,0,1,up,0.7973738588979108
20260610_201428,469,1781104518969,10,down,-1.92287338686703,logit_signal,0,1,up,0.5392893242239962
20260610_201428,470,1781104519071,10,down,-1.92287338686703,logit_signal,0,0,down,0.17056530152248534
20260610_201428,471,1781104519173,10,down,-1.0504006470468674,logit_signal,0,0,down,0.15729198818731013
20260610_201428,479,1781104519989,10,down,-0.4848512274413519,logit_signal,0,1,up,0.5329796178732914
20260610_201428,480,1781104520091,10,down,-0.7434385487425921,logit_signal,0,1,up,0.5327118136561657
20260610_201428,481,1781104520193,10,down,-0.7434385487425921,logit_signal,0,1,up,0.5337335320156628
20260610_201428,482,1781104520295,10,down,-0.7434385487425921,logit_signal,0,1,up,0.541317797670313
20260610_201428,483,1781104520397,10,down,-0.7434385487425921,logit_signal,0,1,up,0.5399045506168273
20260610_201428,484,1781104520499,10,down,-0.7434385487425921,logit_signal,0,1,up,0.534916430334653
20260610_201428,485,1781104520601,10,down,-0.7434385487425921,logit_signal,0,1,up,0.531788287229692
20260610_201428,486,1781104520703,10,down,-0.7434385487425921,logit_signal,0,1,up,0.5342594614887018
20260610_201428,487,1781104520805,10,down,-0.7434385487425921,logit_signal,0,0,down,0.4981088857762295
20260610_201428,488,1781104520907,10,down,-0.7434385487425921,logit_signal,0,0,down,0.18012866430935348
20260610_201428,489,1781104521009,10,down,-0.2585998595472372,logit_signal,0,0,down,0.16071605164751868
20260610_201428,493,1781104521417,10,down,-0.0161629091954829,logit_signal,0,0,down,0.4865108568747111
20260610_201428,494,1781104521519,10,down,-0.7434938229411436,logit_signal,0,0,down,0.4497531196990634
20260610_201428,495,1781104521621,10,down,-0.7434938229411436,logit_signal,0,0,down,0.2977791476926792
20260610_201428,496,1781104521723,10,down,-0.7434938229411436,logit_signal,0,0,down,0.46024826513085826
20260610_201428,497,1781104521825,10,down,-0.7434938229411436,logit_signal,0,0,down,0.44803180740357446
20260610_201428,498,1781104521927,10,down,-0.7434938229411436,logit_signal,0,0,down,0.4468899446130755
20260610_201428,499,1781104522029,10,down,-1.0990778252162323,logit_signal,0,0,down,0.4708327862170479
20260610_201428,500,1781104522131,10,down,-1.0990778252162323,logit_signal,0,0,down,0.2491034301367328
20260610_201428,501,1781104522233,10,down,-1.131403643604978,logit_signal,0,0,down,0.18242918543297576
20260610_201428,502,1781104522335,10,down,-1.131403643604978,logit_signal,0,0,down,0.1825481629289544
20260610_201428,503,1781104522437,10,down,-1.1152425369653771,logit_signal,0,0,down,0.15206731170974722
20260610_201428,504,1781104522539,10,down,-0.3879386636640447,logit_signal,0,0,down,0.1593303930989279
20260610_201428,505,1781104522641,10,down,-0.3879386636640447,logit_signal,0,0,down,0.16157425218846624
20260610_201428,506,1781104522743,10,down,-0.3879386636640447,logit_signal,0,0,down,0.16100718239695327
20260610_201428,507,1781104522845,10,down,-0.3879386636640447,logit_signal,0,0,down,0.1617545547163226
20260610_201428,508,1781104522947,10,down,-0.8243696602872053,logit_signal,0,0,down,0.16162663820082415
20260610_201428,509,1781104523049,10,down,-0.4687758887544913,logit_signal,0,0,down,0.17021480643713183
20260610_201428,510,1781104523151,10,down,-0.4687758887544913,logit_signal,0,0,down,0.17051319906023044
20260610_201428,511,1781104523253,10,down,-0.8728958562509437,logit_signal,0,0,down,0.15781812851250365
20260610_201428,512,1781104523355,10,down,-0.8728958562509437,logit_signal,0,0,down,0.15821893660326755
20260610_201428,513,1781104523457,10,down,-0.8728958562509437,logit_signal,0,0,down,0.16311952819425407
20260610_201428,514,1781104523559,10,down,-0.8728958562509437,logit_signal,0,0,down,0.16327871898770574
20260610_201428,515,1781104523661,10,down,-0.8728958562509437,logit_signal,0,0,down,0.1802923330467144
20260610_201428,516,1781104523763,10,down,-0.8728958562509437,logit_signal,0,0,down,0.15846267351794213
20260610_201428,517,1781104523865,10,down,-0.8728958562509437,logit_signal,0,0,down,0.1587412620748044
20260610_201428,518,1781104523967,10,down,-0.4364669776357743,logit_signal,0,0,down,0.40886272482934605
20260610_201428,519,1781104524069,10,down,-0.4364669776357743,logit_signal,0,0,down,0.3389013783241618
20260610_201428,520,1781104524171,10,down,-0.4364669776357743,logit_signal,0,0,down,0.28803264750254765
20260610_201428,553,1781104527539,10,up,0.7436428638984971,logit_signal,1,0,down,0.30267557789513316
20260610_201428,554,1781104527641,10,up,0.7436428638984971,logit_signal,1,0,down,0.3306762300527208
20260610_201428,555,1781104527743,10,up,0.7436428638984971,logit_signal,1,0,down,0.33752023176024676
20260610_201428,556,1781104527845,10,up,0.7436428638984971,logit_signal,1,0,down,0.33717102821564615
20260610_201428,557,1781104527947,10,up,0.7436428638984971,logit_signal,1,0,down,0.33159361366828094
20260610_201428,558,1781104528049,10,up,0.7436428638984971,logit_signal,1,0,down,0.29692431152307575
20260610_201428,559,1781104528151,10,up,0.7436428638984971,logit_signal,1,0,down,0.2974671930795378
20260610_201428,560,1781104528253,10,up,0.7436428638984971,logit_signal,1,0,down,0.3008554521804663
20260610_201605,0,1781104567733,10,down,-1.4071556289863008,logit_signal,0,0,down,0.2404214894422454
20260610_201605,1,1781104567835,10,down,-1.4071556289863008,logit_signal,0,0,down,0.15708247153402444
20260610_201605,2,1781104567937,10,down,-1.11605247387625,logit_signal,0,0,down,0.2275903872143196
20260610_201605,3,1781104568039,10,down,-1.11605247387625,logit_signal,0,0,down,0.19786516595077316
20260610_201605,4,1781104568141,10,up,0.4448081987051822,logit_signal,1,0,down,0.13514988551048046
20260610_201605,5,1781104568243,10,up,0.9543643973564108,logit_signal,1,0,down,0.25632061212352214
20260610_201605,6,1781104568345,10,up,1.1727359120050629,logit_signal,1,0,down,0.23390224238048318
20260610_201605,7,1781104568447,10,up,1.714620781689824,logit_signal,1,0,down,0.2154331126371385
20260610_201605,8,1781104568549,10,up,1.9168538362546168,logit_signal,1,0,down,0.19551519777192894
20260610_201605,9,1781104568651,10,up,3.251656363014721,logit_signal,1,0,down,0.1671294218188817
20260610_201605,10,1781104568753,10,up,2.68529549978469,logit_signal,1,1,up,0.6788306326685815
20260610_201605,11,1781104568855,10,up,2.68529549978469,logit_signal,1,1,up,0.6622852160260295
20260610_201605,12,1781104568957,10,up,2.68529549978469,logit_signal,1,1,up,0.6624187923480716
20260610_201605,13,1781104569059,10,up,3.057354514814925,logit_signal,1,1,up,0.6549639783805496
20260610_201605,14,1781104569161,10,up,1.6012382909447176,logit_signal,1,1,up,0.8206592393782204
20260610_201605,15,1781104569263,10,up,1.6012382909447176,logit_signal,1,1,up,0.7861971652156705
20260610_201605,16,1781104569365,10,up,1.382857420122452,logit_signal,1,1,up,0.8466080455865247
20260610_201605,17,1781104569467,10,up,0.8409905251105521,logit_signal,1,1,up,0.692401848439834
20260610_201605,18,1781104569569,10,up,0.8329034042309225,logit_signal,1,1,up,0.8448324943756371
20260610_201605,19,1781104569671,10,up,0.3719591330120231,logit_signal,1,1,up,0.8110384826309931
20260610_201605,20,1781104569773,10,up,0.3719591330120231,logit_signal,1,1,up,0.8150860878751226
20260610_201605,21,1781104569875,10,up,0.3719591330120231,logit_signal,1,1,up,0.7441723212750556
20260610_201605,22,1781104569977,10,up,1.229082352560695,logit_signal,1,1,up,0.7343397563970142
20260610_201605,23,1781104570079,10,up,0.8570913392524915,logit_signal,1,1,up,0.6171743958318218
20260610_201605,24,1781104570181,10,up,0.8570913392524915,logit_signal,1,1,up,0.7722048552134833
20260610_201605,25,1781104570283,10,up,2.3448725319208386,logit_signal,1,1,up,0.7525118260768086
20260610_201605,26,1781104570385,10,up,3.8407394919381934,logit_signal,1,1,up,0.7518012496623223
20260610_201605,27,1781104570487,10,up,5.182976872279976,logit_signal,1,1,up,0.8127576717522093
20260610_201605,28,1781104570589,10,up,5.595351007203764,logit_signal,1,1,up,0.8154746772439615
20260610_201605,29,1781104570691,10,up,5.934953235964269,logit_signal,1,1,up,0.8133039642812558
20260610_201605,30,1781104570793,10,up,5.934953235964269,logit_signal,1,1,up,0.8134868522250239
20260610_201605,31,1781104570895,10,up,5.934953235964269,logit_signal,1,1,up,0.802916857453058
20260610_201605,32,1781104570997,10,up,5.077426714865663,logit_signal,1,1,up,0.6400875974786207
20260610_201605,33,1781104571099,10,up,5.077426714865663,logit_signal,1,1,up,0.6466764229386669
20260610_201605,34,1781104571201,10,up,5.077426714865663,logit_signal,1,1,up,0.8327885725389349
20260610_201605,35,1781104571303,10,up,3.5892390732317203,logit_signal,1,1,up,0.8395550453592143
20260610_201605,36,1781104571405,10,up,2.0934097198876955,logit_signal,1,1,up,0.9737815215324344
20260610_201605,37,1781104571507,10,up,0.7515868179752694,logit_signal,1,1,up,0.8807130554382001
20260610_201605,38,1781104571609,10,up,0.3394123156574835,logit_signal,1,1,up,0.8358556283747651
20260610_201605,43,1781104572119,10,up,0.8727449039369617,logit_signal,1,1,up,0.748811448777376
20260610_201605,44,1781104572221,10,up,1.5030606678934078,logit_signal,1,1,up,0.7461154180741244
20260610_201605,45,1781104572323,10,up,1.5030606678934078,logit_signal,1,1,up,0.7123337012741575
20260610_201605,46,1781104572425,10,up,1.5030606678934078,logit_signal,1,1,up,0.5730107682693322
20260610_201605,47,1781104572527,10,up,1.5030606678934078,logit_signal,1,0,down,0.3669774197032187
20260610_201605,48,1781104572629,10,up,1.5030606678934078,logit_signal,1,0,down,0.3637078509029018
20260610_201605,49,1781104572731,10,up,1.2767934705748551,logit_signal,1,0,down,0.46084850002787725
20260610_201605,50,1781104572833,10,up,1.1313359865861017,logit_signal,1,0,down,0.34642900807589055
20260610_201605,51,1781104572935,10,up,1.1313359865861017,logit_signal,1,0,down,0.4213417468676412
20260610_201605,52,1781104573037,10,up,1.1313359865861017,logit_signal,1,1,up,0.5952655257333265
20260610_201605,53,1781104573139,10,up,0.2585685162115325,logit_signal,1,1,up,0.836834421632021
20260610_201605,54,1781104573241,10,down,-0.3716688172294979,logit_signal,0,1,up,0.8362943072840895
20260610_201605,55,1781104573343,10,down,-0.3716688172294979,logit_signal,0,1,up,0.8343376856355111
20260610_201605,56,1781104573445,10,down,-0.3716688172294979,logit_signal,0,1,up,0.687759465325996
20260610_201605,57,1781104573547,10,down,-0.3716688172294979,logit_signal,0,0,down,0.25152793594450634
20260610_201605,58,1781104573649,10,down,-0.3716688172294979,logit_signal,0,0,down,0.26177631881778124
20260610_201605,59,1781104573751,10,down,-0.1454389144439627,logit_signal,0,0,down,0.19990055256991004
20260610_201605,63,1781104574159,10,up,0.597924233303182,logit_signal,1,1,up,0.5647389829007784
20260610_201605,64,1781104574261,10,up,1.2928091530883812,logit_signal,1,1,up,0.5672045315175188
20260610_201605,65,1781104574363,10,up,1.2928091530883812,logit_signal,1,1,up,0.5672045315175188
20260610_201605,66,1781104574465,10,up,1.2928091530883812,logit_signal,1,1,up,0.6145523006334297
20260610_201605,67,1781104574567,10,up,1.2928091530883812,logit_signal,1,1,up,0.7848156861613629
20260610_201605,68,1781104574669,10,up,1.2928091530883812,logit_signal,1,1,up,0.7386093283275821
20260610_201605,69,1781104574771,10,up,1.2928091530883812,logit_signal,1,1,up,0.6972534330037079
20260610_201605,70,1781104574873,10,up,1.2928091530883812,logit_signal,1,1,up,0.7524260491861433
20260610_201605,71,1781104574975,10,up,1.2928091530883812,logit_signal,1,1,up,0.705342182680476
20260610_201605,72,1781104575077,10,up,1.2928091530883812,logit_signal,1,1,up,0.7860240464080244
20260610_201605,73,1781104575179,10,up,0.6948433734166315,logit_signal,1,1,up,0.8397825325218266
20260610_201605,96,1781104577525,10,down,-1.1795358607180615,logit_signal,0,1,up,0.8289378990871524
20260610_201605,97,1781104577627,10,down,-1.1795358607180615,logit_signal,0,1,up,0.758816588752843
20260610_201605,98,1781104577729,10,down,-1.1795358607180615,logit_signal,0,1,up,0.8231184254827781
20260610_201605,99,1781104577831,10,down,-1.1795358607180615,logit_signal,0,1,up,0.7530159405611526
20260610_201605,100,1781104577933,10,down,-1.1795358607180615,logit_signal,0,1,up,0.7479255756770512
20260610_201605,101,1781104578035,10,down,-1.1795358607180615,logit_signal,0,1,up,0.6252487400226351
20260610_201605,102,1781104578137,10,down,-1.1795358607180615,logit_signal,0,0,down,0.48439329852243296
20260610_201605,103,1781104578239,10,down,-1.1795358607180615,logit_signal,0,0,down,0.4637397764209364
20260610_201605,104,1781104578341,10,down,-1.1795358607180615,logit_signal,0,0,down,0.3707730799489556
20260610_201605,105,1781104578443,10,down,-1.1795358607180615,logit_signal,0,0,down,0.18277404339852832
20260610_201605,107,1781104578647,10,down,-1.0342356231141103,logit_signal,0,0,down,0.3825385589943753
20260610_201605,108,1781104578749,10,down,-1.632153092727684,logit_signal,0,0,down,0.27095091282151434
20260610_201605,109,1781104578851,10,down,-1.632153092727684,logit_signal,0,0,down,0.22716321247224164
20260610_201605,110,1781104578953,10,down,-1.632153092727684,logit_signal,0,0,down,0.2276221683099392
20260610_201605,111,1781104579055,10,down,-1.632153092727684,logit_signal,0,0,down,0.25235648160861357
20260610_201605,112,1781104579157,10,down,-2.246230493951895,logit_signal,0,0,down,0.30909364816760876
20260610_201605,113,1781104579259,10,down,-2.391669878452074,logit_signal,0,0,down,0.2443985654891106
20260610_201605,114,1781104579361,10,down,-2.391669878452074,logit_signal,0,0,down,0.2382197792497191
20260610_201605,115,1781104579463,10,down,-2.391669878452074,logit_signal,0,0,down,0.23816126586879902
20260610_201605,116,1781104579565,10,down,-2.391669878452074,logit_signal,0,0,down,0.2941353022604824
20260610_201605,117,1781104579667,10,down,-1.842422753598472,logit_signal,0,0,down,0.45415431595080186
20260610_201605,118,1781104579769,10,down,-1.244517858426386,logit_signal,0,0,down,0.2305855016760378
20260610_201605,119,1781104579871,10,down,-1.244517858426386,logit_signal,0,0,down,0.47542154294322014
20260610_201605,120,1781104579973,10,down,-0.2909262526185063,logit_signal,0,1,up,0.7421078053572175
20260610_201605,121,1781104580075,10,down,-0.2909262526185063,logit_signal,0,1,up,0.7230053823778297
20260610_201605,122,1781104580177,10,up,1.002140863828327,logit_signal,1,0,down,0.15220624783373124
20260610_201605,123,1781104580279,10,up,1.1476296195112037,logit_signal,1,0,down,0.19512655204361862
20260610_201605,124,1781104580381,10,up,1.1476296195112037,logit_signal,1,0,down,0.19483243321476776
20260610_201605,125,1781104580483,10,up,0.7596984805213758,logit_signal,1,0,down,0.24640146709434668
20260610_201605,126,1781104580585,10,up,0.7596984805213758,logit_signal,1,0,down,0.15496088914804618
20260610_201605,127,1781104580687,10,up,1.2446727601744811,logit_signal,1,0,down,0.3094951648109157
20260610_201605,128,1781104580789,10,up,1.2446727601744811,logit_signal,1,0,down,0.31003062813767474
20260610_201605,129,1781104580891,10,up,1.2446727601744811,logit_signal,1,0,down,0.3086018368457728
20260610_201605,130,1781104580993,10,up,0.2909347166735188,logit_signal,1,1,up,0.766361379669492
20260610_201605,131,1781104581095,10,up,0.2909347166735188,logit_signal,1,1,up,0.8350432758413976
20260610_201605,132,1781104581197,10,down,-0.3878866239725997,logit_signal,0,1,up,0.5614222455635388
20260610_201605,133,1781104581299,10,down,-0.3878866239725997,logit_signal,0,0,down,0.47234915565178426
20260610_201605,134,1781104581401,10,up,0.8161781046078787,logit_signal,1,0,down,0.37021381536172127
20260610_201605,135,1781104581503,10,up,1.212192719246552,logit_signal,1,0,down,0.2397285288867142
20260610_201605,136,1781104581605,10,up,1.212192719246552,logit_signal,1,0,down,0.3292267928577892
20260610_201605,137,1781104581707,10,up,1.212192719246552,logit_signal,1,0,down,0.3340273512336132
20260610_201605,138,1781104581809,10,up,1.212192719246552,logit_signal,1,0,down,0.2785611335990623
20260610_201605,139,1781104581911,10,up,1.212192719246552,logit_signal,1,0,down,0.15707764415526937
20260610_201605,140,1781104582013,10,up,1.212192719246552,logit_signal,1,1,up,0.758670792158659
20260610_201605,141,1781104582115,10,up,1.212192719246552,logit_signal,1,1,up,0.7476401436310764
20260610_201605,142,1781104582217,10,up,2.06880890751604,logit_signal,1,1,up,0.746660020350544
20260610_201605,143,1781104582319,10,up,2.06880890751604,logit_signal,1,1,up,0.6723368519744026
20260610_201605,144,1781104582421,10,up,0.864593366387556,logit_signal,1,1,up,0.825894516739185
20260610_201605,145,1781104582523,10,up,0.8565123624637572,logit_signal,1,1,up,0.6235570080460403
20260610_201605,146,1781104582625,10,up,1.5999004506395131,logit_signal,1,0,down,0.43204428020244456
20260610_201605,147,1781104582727,10,up,1.7938277779894207,logit_signal,1,0,down,0.3869518537011665
20260610_201605,148,1781104582829,10,up,2.246324875139205,logit_signal,1,0,down,0.4872020035788006
20260610_201605,149,1781104582931,10,up,2.246324875139205,logit_signal,1,0,down,0.49378901292385796
20260610_201605,150,1781104583033,10,up,2.246324875139205,logit_signal,1,0,down,0.4819893041346159
20260610_201605,151,1781104583135,10,up,2.246324875139205,logit_signal,1,1,up,0.7783286940560552
20260610_201605,152,1781104583237,10,up,1.3896934837109851,logit_signal,1,1,up,0.573803048191064
20260610_201605,153,1781104583339,10,up,1.3896934837109851,logit_signal,1,1,up,0.5734644705377666
20260610_201605,154,1781104583441,10,up,1.3896934837109851,logit_signal,1,1,up,0.5778077206548722
20260610_201605,155,1781104583543,10,up,1.7451964679149334,logit_signal,1,1,up,0.8145083279133825
20260610_201605,156,1781104583645,10,up,1.001797580335584,logit_signal,1,1,up,0.8136490340272686
20260610_201605,157,1781104583747,10,up,0.8078856098614473,logit_signal,1,1,up,0.8377814581558203
20260610_201605,158,1781104583849,10,up,0.3554535870509134,logit_signal,1,1,up,0.749238004598396
20260610_201605,159,1781104583951,10,up,0.3554535870509134,logit_signal,1,1,up,0.7150292404778461
20260610_201605,160,1781104584053,10,up,0.3554535870509134,logit_signal,1,1,up,0.7463650481973773
20260610_201605,161,1781104584155,10,up,0.3554535870509134,logit_signal,1,1,up,0.7523840697110389
20260610_201605,162,1781104584257,10,up,0.3554535870509134,logit_signal,1,1,up,0.7559034860232899
20260610_201605,163,1781104584359,10,up,0.3554535870509134,logit_signal,1,1,up,0.7517732938128221
20260610_201605,164,1781104584461,10,up,0.3554535870509134,logit_signal,1,1,up,0.8244010416337233
20260610_201605,165,1781104584563,10,up,0.4846922083312499,logit_signal,1,1,up,0.8008408261460861
20260610_201605,166,1781104584665,10,up,0.4846922083312499,logit_signal,1,1,up,0.8071879575342553
20260610_201605,167,1781104584767,10,up,0.9047587888844076,logit_signal,1,1,up,0.8140426453832629
20260610_201605,168,1781104584869,10,up,0.9047587888844076,logit_signal,1,1,up,0.7932911011088901
20260610_201605,169,1781104584971,10,up,0.9047587888844076,logit_signal,1,1,up,0.8023188248664628
20260610_201605,170,1781104585073,10,up,0.9047587888844076,logit_signal,1,1,up,0.8043568462651685
20260610_201605,171,1781104585175,10,up,0.9047587888844076,logit_signal,1,1,up,0.8077170078294927
20260610_201605,172,1781104585277,10,up,0.9047587888844076,logit_signal,1,1,up,0.5789791781834571
20260610_201605,173,1781104585379,10,up,0.9047587888844076,logit_signal,1,1,up,0.5990448429790964
20260610_201605,174,1781104585481,10,up,0.9047587888844076,logit_signal,1,1,up,0.5709235962920262
20260610_201605,175,1781104585583,10,up,0.4200462212411437,logit_signal,1,1,up,0.7259500105480416
20260610_201605,176,1781104585685,10,up,0.4200462212411437,logit_signal,1,1,up,0.6899626200926852
20260610_201605,187,1781104586807,10,down,-0.5654230859020171,logit_signal,0,1,up,0.7694509890028756
20260610_201605,188,1781104586909,10,down,-1.4862549686556203,logit_signal,0,1,up,0.7773202896832568
20260610_201605,189,1781104587011,10,down,-1.4862549686556203,logit_signal,0,1,up,0.7818164659851189
20260610_201605,190,1781104587113,10,down,-1.4862549686556203,logit_signal,0,1,up,0.779386023048262
20260610_201605,191,1781104587215,10,down,-1.4862549686556203,logit_signal,0,1,up,0.7322049751887092
20260610_201605,192,1781104587317,10,down,-1.0177615546236307,logit_signal,0,1,up,0.7322049751887092
20260610_201605,193,1781104587419,10,down,-1.0177615546236307,logit_signal,0,1,up,0.780897664332916
20260610_201605,194,1781104587521,10,down,-1.0177615546236307,logit_signal,0,1,up,0.7256469385303136
20260610_201605,195,1781104587623,10,down,-1.0177615546236307,logit_signal,0,1,up,0.6925277141244177
20260610_201605,196,1781104587725,10,down,-1.0177615546236307,logit_signal,0,1,up,0.6037637317269554
20260610_201605,197,1781104587827,10,down,-0.4523640464293432,logit_signal,0,0,down,0.19020005459851919
20260610_201605,198,1781104587929,10,up,0.4685630544498664,logit_signal,1,0,down,0.32533888493460605
20260610_201605,199,1781104588031,10,up,0.4685630544498664,logit_signal,1,0,down,0.3986420007675134
20260610_201605,200,1781104588133,10,up,0.4685630544498664,logit_signal,1,1,up,0.6259860736122307
20260610_201605,201,1781104588235,10,up,0.4685630544498664,logit_signal,1,1,up,0.6114809415897343
20260610_201605,213,1781104589459,10,up,1.017865149024466,logit_signal,1,1,up,0.7372225346313829
20260610_201605,214,1781104589561,10,up,1.51871942870363,logit_signal,1,1,up,0.8020578111507454
20260610_201605,215,1781104589663,10,up,1.51871942870363,logit_signal,1,1,up,0.7995845769681922
20260610_201605,216,1781104589765,10,up,1.7610682737090322,logit_signal,1,1,up,0.8000933373094675
20260610_201605,217,1781104589867,10,up,1.825694632378028,logit_signal,1,1,up,0.8175803948617976
20260610_201605,218,1781104589969,10,up,1.825694632378028,logit_signal,1,1,up,0.8165840113003042
20260610_201605,219,1781104590071,10,up,1.3086837630305048,logit_signal,1,1,up,0.7885049526783577
20260610_201605,220,1781104590173,10,up,0.3554449726750341,logit_signal,1,1,up,0.7900667769389914
20260610_201605,221,1781104590275,10,up,0.3554449726750341,logit_signal,1,1,up,0.7926696777359099
20260610_201605,222,1781104590377,10,up,0.3554449726750341,logit_signal,1,1,up,0.8011987538382951
20260610_201605,223,1781104590479,10,down,-0.6623527577709343,logit_signal,0,1,up,0.8375923252619986
20260610_201605,224,1781104590581,10,down,-1.4538722676282756,logit_signal,0,1,up,0.8303671723568362
20260610_201605,225,1781104590683,10,down,-1.4538722676282756,logit_signal,0,1,up,0.6028135310307411
20260610_201605,226,1781104590785,10,down,-1.6961432126405551,logit_signal,0,1,up,0.8377471772795738
20260610_201605,227,1781104590887,10,down,-1.7607468151081829,logit_signal,0,1,up,0.7054325796234967
20260610_201605,228,1781104590989,10,down,-1.7607468151081829,logit_signal,0,1,up,0.5168781928599439
20260610_201605,229,1781104591091,10,down,-1.2438946178938703,logit_signal,0,0,down,0.15205928198017918
20260610_201605,230,1781104591193,10,down,-0.2908082773722675,logit_signal,0,0,down,0.40032333481339494
20260610_201605,231,1781104591295,10,down,-0.2908082773722675,logit_signal,0,0,down,0.40032630788756074
20260610_201605,232,1781104591397,10,down,-0.2908082773722675,logit_signal,0,0,down,0.3965403595448653
20260610_201605,233,1781104591499,10,down,-0.2908082773722675,logit_signal,0,0,down,0.24540473159608187
20260610_201605,242,1781104592417,10,down,-0.7270418364102582,logit_signal,0,1,up,0.78539057049013
20260610_201605,243,1781104592519,10,down,-0.7270418364102582,logit_signal,0,1,up,0.7660636130038573
20260610_201605,244,1781104592621,10,down,-0.7270418364102582,logit_signal,0,1,up,0.6765787143761295
20260610_201605,245,1781104592723,10,down,-0.7270418364102582,logit_signal,0,0,down,0.2877756902136948
20260610_201605,246,1781104592825,10,down,-0.7270418364102582,logit_signal,0,0,down,0.43143904398674116
20260610_201605,247,1781104592927,10,down,-0.7270418364102582,logit_signal,0,0,down,0.4291872162052077
20260610_201605,248,1781104593029,10,down,-0.7270418364102582,logit_signal,0,0,down,0.3920995257868775
20260610_201605,249,1781104593131,10,down,-0.7270418364102582,logit_signal,0,1,up,0.5343362756110956
20260610_201605,250,1781104593233,10,up,0.1130953967742876,logit_signal,1,1,up,0.5660966031890632
20260610_201605,251,1781104593335,10,up,0.1130953967742876,logit_signal,1,1,up,0.7238512348319696
20260610_201605,252,1781104593437,10,up,0.8401983191186346,logit_signal,1,0,down,0.39695213816793196
20260610_201605,253,1781104593539,10,up,0.7432523592210138,logit_signal,1,1,up,0.6492034805805326
20260610_201605,254,1781104593641,10,up,0.7432523592210138,logit_signal,1,1,up,0.6549248393688616
20260610_201605,255,1781104593743,10,up,0.7432523592210138,logit_signal,1,1,up,0.6172689965120021
20260610_201605,256,1781104593845,10,up,0.7432523592210138,logit_signal,1,1,up,0.6199595875602545
20260610_201605,257,1781104593947,10,up,0.7432523592210138,logit_signal,1,1,up,0.6139047584598851
20260610_201605,258,1781104594049,10,up,0.7432523592210138,logit_signal,1,1,up,0.8169206801455468
20260610_201605,259,1781104594151,10,up,0.7432523592210138,logit_signal,1,1,up,0.8177985739750159
20260610_201605,260,1781104594253,10,down,-0.0969378151993716,logit_signal,0,1,up,0.8349172174388386
20260610_201605,261,1781104594355,10,down,-0.0969378151993716,logit_signal,0,1,up,0.7742238538635933
20260610_201605,262,1781104594457,10,down,-0.0969378151993716,logit_signal,0,1,up,0.7249131059393564
20260610_201605,264,1781104594661,10,up,0.840135875821435,logit_signal,1,0,down,0.22864149442627493
20260610_201605,265,1781104594763,10,up,0.840135875821435,logit_signal,1,0,down,0.23969315232749033
20260610_201605,266,1781104594865,10,up,0.840135875821435,logit_signal,1,0,down,0.3473126778232535
20260610_201605,267,1781104594967,10,up,0.840135875821435,logit_signal,1,0,down,0.3712290030577085
20260610_201605,268,1781104595069,10,up,0.840135875821435,logit_signal,1,0,down,0.35197611348010066
20260610_201605,269,1781104595171,10,up,0.840135875821435,logit_signal,1,0,down,0.35712332675339536
20260610_201605,270,1781104595273,10,up,0.840135875821435,logit_signal,1,0,down,0.3575536465334405
20260610_201605,271,1781104595375,10,up,0.840135875821435,logit_signal,1,0,down,0.35730671054498164
20260610_201605,272,1781104595477,10,up,0.840135875821435,logit_signal,1,0,down,0.2775692959147598
20260610_201605,273,1781104595579,10,up,0.840135875821435,logit_signal,1,1,up,0.674069338726886
20260610_201605,288,1781104597109,10,up,2.3586448777424,logit_signal,1,0,down,0.2728981105529596
20260610_201605,289,1781104597211,10,up,2.988693851933011,logit_signal,1,0,down,0.27189012856040295
20260610_201605,290,1781104597313,10,up,2.988693851933011,logit_signal,1,0,down,0.3044391590379387
20260610_201605,291,1781104597415,10,up,3.344106093785548,logit_signal,1,0,down,0.30354122579213993
20260610_201605,292,1781104597517,10,up,3.344106093785548,logit_signal,1,0,down,0.3026003083724621
20260610_201605,293,1781104597619,10,up,4.6688244497783415,logit_signal,1,0,down,0.4190721770534939
20260610_201605,294,1781104597721,10,up,4.6688244497783415,logit_signal,1,0,down,0.4735073727912786
20260610_201605,295,1781104597823,10,up,4.6688244497783415,logit_signal,1,0,down,0.48294393234624905
20260610_201605,296,1781104597925,10,up,4.6688244497783415,logit_signal,1,1,up,0.7999654935342073
20260610_201605,297,1781104598027,10,up,4.6688244497783415,logit_signal,1,1,up,0.8075713455363152
20260610_201605,298,1781104598129,10,up,2.3096348112017218,logit_signal,1,1,up,0.8384881185560599
20260610_201605,299,1781104598231,10,up,1.6796286082754186,logit_signal,1,1,up,0.7942509898532155
20260610_201605,300,1781104598333,10,up,1.6796286082754186,logit_signal,1,1,up,0.8380824241167232
20260610_201605,301,1781104598435,10,up,1.3242755042131016,logit_signal,1,1,up,0.8328024060364724
20260610_201605,302,1781104598537,10,up,1.3242755042131016,logit_signal,1,1,up,0.8330388148444443
20260610_201605,303,1781104598639,10,down,-0.694345204212965,logit_signal,0,1,up,0.5551788474945134
20260610_201605,304,1781104598741,10,down,-1.2918050310961604,logit_signal,0,0,down,0.4042298568942324
20260610_201605,305,1781104598843,10,down,-1.4209855342051103,logit_signal,0,1,up,0.6099696614817861
20260610_201605,306,1781104598945,10,down,-2.0184453610883057,logit_signal,0,1,up,0.6769626187740628
20260610_201605,307,1781104599047,10,down,-2.502872247749366,logit_signal,0,1,up,0.6750311103837571
20260610_201605,308,1781104599149,10,down,-2.502872247749366,logit_signal,0,1,up,0.5985379536772304
20260610_201605,309,1781104599251,10,down,-2.502872247749366,logit_signal,0,1,up,0.6686884871165245
20260610_201605,310,1781104599353,10,down,-2.502872247749366,logit_signal,0,1,up,0.6678044850362015
20260610_201605,311,1781104599455,10,down,-2.502872247749366,logit_signal,0,1,up,0.6761905615135806
20260610_201605,312,1781104599557,10,down,-2.502872247749366,logit_signal,0,1,up,0.6741506404712123
20260610_201605,313,1781104599659,10,down,-1.8086526264626808,logit_signal,0,0,down,0.32795014405692124
20260610_201605,314,1781104599761,10,down,-1.211223683137419,logit_signal,0,0,down,0.20976299147780247
20260610_201605,315,1781104599863,10,down,-1.082040469929657,logit_signal,0,0,down,0.15498545217087545
20260610_201605,316,1781104599965,10,down,-0.4845246853213414,logit_signal,0,0,down,0.2707006187954047
20260610_201605,320,1781104600373,10,up,0.0323032108595633,logit_signal,1,1,up,0.7315403112423629
20260610_201605,321,1781104600475,10,up,0.6460642171690623,logit_signal,1,1,up,0.6735886902239289
20260610_201605,322,1781104600577,10,up,0.6460642171690623,logit_signal,1,1,up,0.701957691838017
20260610_201605,323,1781104600679,10,up,0.6460642171690623,logit_signal,1,1,up,0.6979050839482795
20260610_201605,324,1781104600781,10,up,0.6460642171690623,logit_signal,1,1,up,0.7255947498330739
20260610_201605,325,1781104600883,10,up,0.4522449520183436,logit_signal,1,1,up,0.7142300888050852
20260610_201605,326,1781104600985,10,up,0.4522449520183436,logit_signal,1,1,up,0.5718627148500033
20260610_201605,327,1781104601087,10,up,0.4522449520183436,logit_signal,1,0,down,0.32620408506450516
20260610_201605,328,1781104601189,10,up,0.4522449520183436,logit_signal,1,0,down,0.3558533370703407
20260610_201605,329,1781104601291,10,up,0.4522449520183436,logit_signal,1,1,up,0.8301117901596152
20260610_201605,330,1781104601393,10,up,0.4199403846172345,logit_signal,1,1,up,0.8397594054139532
20260610_201605,331,1781104601495,10,down,-0.1938067439899438,logit_signal,0,1,up,0.8153798718617186
20260610_201605,332,1781104601597,10,down,-0.1938067439899438,logit_signal,0,1,up,0.6662128824575031
20260610_201605,333,1781104601699,10,down,-0.1938067439899438,logit_signal,0,1,up,0.633220633570448
20260610_201605,334,1781104601801,10,down,-0.1938067439899438,logit_signal,0,1,up,0.6011758357368704
20260610_201605,352,1781104603637,10,up,0.468375375406449,logit_signal,1,1,up,0.7868943895156537
20260610_201605,353,1781104603739,10,up,0.468375375406449,logit_signal,1,1,up,0.7869221613075689
20260610_201605,354,1781104603841,10,up,0.468375375406449,logit_signal,1,1,up,0.7080653590368263
20260610_201605,355,1781104603943,10,up,0.7106385006183658,logit_signal,1,1,up,0.7078868741514976
20260610_201605,356,1781104604045,10,up,0.7106385006183658,logit_signal,1,1,up,0.7077849769370818
20260610_201605,357,1781104604147,10,up,0.7106385006183658,logit_signal,1,1,up,0.7673404809420994
20260610_201605,358,1781104604249,10,up,0.7106385006183658,logit_signal,1,1,up,0.7683633366867242
20260610_201605,359,1781104604351,10,up,0.7106385006183658,logit_signal,1,1,up,0.8004437726815193
20260610_201605,360,1781104604453,10,up,0.7106385006183658,logit_signal,1,1,up,0.8180564684791212
20260610_201605,361,1781104604555,10,up,0.7106385006183658,logit_signal,1,1,up,0.6874800526544552
20260610_201605,362,1781104604657,10,up,0.242251778732605,logit_signal,1,1,up,0.6778112624208904
20260610_201605,363,1781104604759,10,up,0.242251778732605,logit_signal,1,1,up,0.7133173411520028
20260610_201605,364,1781104604861,10,up,0.242251778732605,logit_signal,1,1,up,0.7133923339943653
20260610_201605,368,1781104605269,10,down,-0.5006415479202886,logit_signal,0,1,up,0.5383350138403453
20260610_201605,369,1781104605371,10,down,-0.5006415479202886,logit_signal,0,1,up,0.5145449016628078
20260610_201605,370,1781104605473,10,down,-0.5006415479202886,logit_signal,0,1,up,0.5945533698401543
20260610_201605,371,1781104605575,10,down,-0.5006415479202886,logit_signal,0,1,up,0.5935533502222519
20260610_201605,372,1781104605677,10,down,-0.5006415479202886,logit_signal,0,1,up,0.5681083343357682
20260610_201605,373,1781104605779,10,down,-0.5006415479202886,logit_signal,0,0,down,0.3619073850382166
20260610_201605,374,1781104605881,10,down,-0.5006415479202886,logit_signal,0,0,down,0.405313379798111
20260610_201605,375,1781104605983,10,down,-1.6634219172795284,logit_signal,0,0,down,0.4581536622099132
20260610_201605,376,1781104606085,10,down,-1.93796728226725,logit_signal,0,0,down,0.2042916385709446
20260610_201605,377,1781104606187,10,down,-1.93796728226725,logit_signal,0,0,down,0.20202631256636125
20260610_201605,378,1781104606291,10,down,-1.4373976964476842,logit_signal,0,0,down,0.299535783962352
20260610_201605,379,1781104606393,10,down,-2.1480212767155398,logit_signal,0,0,down,0.28732744644136593
20260610_201605,380,1781104606495,10,down,-2.1480212767155398,logit_signal,0,0,down,0.2057171670046255
20260610_201605,381,1781104606599,10,down,-2.1480212767155398,logit_signal,0,0,down,0.2376337370649543
20260610_201605,382,1781104606701,10,down,-2.1480212767155398,logit_signal,0,0,down,0.20688044917903228
20260610_201605,383,1781104606803,10,down,-2.1480212767155398,logit_signal,0,0,down,0.23918518761267735
20260610_201605,384,1781104606907,10,down,-2.1480212767155398,logit_signal,0,0,down,0.20688504126740706
20260610_201605,385,1781104607009,10,down,-0.985297264992635,logit_signal,0,0,down,0.15494447767132047
20260610_201605,386,1781104607111,10,down,-0.7107257398208944,logit_signal,0,0,down,0.32901564617213885
20260610_201605,387,1781104607213,10,down,-0.7107257398208944,logit_signal,0,0,down,0.2902020239246553
20260610_201605,388,1781104607315,10,down,-0.7107257398208944,logit_signal,0,0,down,0.18445417619145565
20260610_201605,391,1781104607621,10,down,-0.4684661690701475,logit_signal,0,0,down,0.37006651861057643
20260610_201605,392,1781104607723,10,down,-0.4684661690701475,logit_signal,0,0,down,0.369879016248184
20260610_201605,393,1781104607825,10,down,-0.5976982157096522,logit_signal,0,0,down,0.269468277719751
20260610_201605,394,1781104607927,10,down,-0.5976982157096522,logit_signal,0,0,down,0.26933208240947204
20260610_201605,395,1781104608029,10,down,-0.5976982157096522,logit_signal,0,0,down,0.27567981050176416
20260610_201605,396,1781104608131,10,down,-0.5976982157096522,logit_signal,0,0,down,0.2693036920872114
20260610_201605,397,1781104608233,10,down,-1.211550437248965,logit_signal,0,0,down,0.25082490884283304
20260610_201605,398,1781104608335,10,down,-1.211550437248965,logit_signal,0,0,down,0.15846800945768144
20260610_201605,399,1781104608437,10,down,-1.211550437248965,logit_signal,0,0,down,0.1928376342700261
20260610_201605,400,1781104608539,10,down,-1.211550437248965,logit_signal,0,0,down,0.15761954183748603
20260610_201605,401,1781104608641,10,down,-0.7431190807938304,logit_signal,0,0,down,0.1545866673221706
20260610_201605,402,1781104608743,10,down,-0.7431190807938304,logit_signal,0,0,down,0.17805755233563209
20260610_201605,403,1781104608845,10,down,-0.6138889135698378,logit_signal,0,1,up,0.5057578199868769
20260610_201605,404,1781104608947,10,down,-0.6138889135698378,logit_signal,0,0,down,0.22024208388877875
20260610_201605,405,1781104609049,10,down,-0.6138889135698378,logit_signal,0,0,down,0.22099914700636322
20260610_201605,406,1781104609151,10,down,-0.6138889135698378,logit_signal,0,0,down,0.21518026173290464
20260610_201605,420,1781104610579,10,down,-0.2746513745099932,logit_signal,0,0,down,0.284183231311078
20260610_201605,421,1781104610681,10,down,-0.3069633009222805,logit_signal,0,0,down,0.35413384229394423
20260610_201605,422,1781104610783,10,down,-0.7108623810825332,logit_signal,0,0,down,0.43880825422610903
20260610_201605,423,1781104610885,10,down,-0.7108623810825332,logit_signal,0,0,down,0.3791615250067468
20260610_201605,424,1781104610987,10,down,-0.7108623810825332,logit_signal,0,0,down,0.3466285487241258
20260610_201605,425,1781104611089,10,down,-0.7108623810825332,logit_signal,0,0,down,0.37775596581210535
20260610_201605,426,1781104611191,10,down,-0.7108623810825332,logit_signal,0,0,down,0.3792444182374646
20260610_201605,427,1781104611295,10,down,-0.7108623810825332,logit_signal,0,0,down,0.3792444182374646
20260610_201605,428,1781104611397,10,down,-0.7108623810825332,logit_signal,0,0,down,0.3898299340996491
20260610_201605,429,1781104611499,10,down,-0.7108623810825332,logit_signal,0,0,down,0.3863633258121607
20260610_201605,430,1781104611601,10,down,-0.4362229874965706,logit_signal,0,0,down,0.2309734313851683
20260610_201605,431,1781104611703,10,down,-0.4039114787601772,logit_signal,0,0,down,0.16412363899498142
20260610_201605,448,1781104613437,10,up,0.597813134923797,logit_signal,1,1,up,0.5567397478681698
20260610_201605,449,1781104613539,10,up,1.3733544991501034,logit_signal,1,1,up,0.5299152186282646
20260610_201605,450,1781104613641,10,up,1.5510827284503923,logit_signal,1,1,up,0.530701849284865
20260610_201605,451,1781104613743,10,up,1.5510827284503923,logit_signal,1,1,up,0.5313093204103178
20260610_201605,452,1781104613845,10,up,1.4056687226582376,logit_signal,1,0,down,0.49748299495582643
20260610_201605,453,1781104613947,10,up,1.195626269847594,logit_signal,1,0,down,0.4976446640198043
20260610_201605,454,1781104614049,10,up,1.195626269847594,logit_signal,1,0,down,0.494905751772815
20260610_201605,455,1781104614151,10,up,1.195626269847594,logit_signal,1,1,up,0.644141404465856
20260610_201605,456,1781104614253,10,up,1.195626269847594,logit_signal,1,1,up,0.5702922298530125
20260610_201605,457,1781104614355,10,up,1.195626269847594,logit_signal,1,1,up,0.5584940425253951
20260610_201605,458,1781104614457,10,up,0.5977773990073487,logit_signal,1,1,up,0.7760287923060457
20260610_201605,459,1781104614559,10,down,-0.1777038242667394,logit_signal,0,1,up,0.716426488117614
20260610_201605,460,1781104614661,10,down,-0.3554013329165606,logit_signal,0,0,down,0.3504571031790345
20260610_201605,461,1781104614763,10,down,-0.3554013329165606,logit_signal,0,0,down,0.3164772120051875
20260610_201605,462,1781104614865,10,down,-0.2100129319493326,logit_signal,0,0,down,0.15316746797764813
20260610_201605,465,1781104615171,10,up,0.678517568353243,logit_signal,1,0,down,0.4015966117760999
20260610_201605,466,1781104615273,10,up,0.678517568353243,logit_signal,1,0,down,0.3566311895367146
20260610_201605,467,1781104615375,10,up,0.9854659921337828,logit_signal,1,0,down,0.34939200948792565
20260610_201605,468,1781104615477,10,up,1.243948875315759,logit_signal,1,0,down,0.31772260519652484
20260610_201605,469,1781104615579,10,up,1.631673200090944,logit_signal,1,0,down,0.24195013453374567
20260610_201605,470,1781104615681,10,up,1.631673200090944,logit_signal,1,0,down,0.24195013453374567
20260610_201605,471,1781104615783,10,up,1.631673200090944,logit_signal,1,0,down,0.24275750331421064
20260610_201605,472,1781104615885,10,up,1.631673200090944,logit_signal,1,0,down,0.23605982540604817
20260610_201605,473,1781104615987,10,up,1.631673200090944,logit_signal,1,0,down,0.2846166993103994
20260610_201605,474,1781104616089,10,up,1.631673200090944,logit_signal,1,0,down,0.333311962232258
20260610_201605,475,1781104616191,10,up,0.9530909628407968,logit_signal,1,1,up,0.515791551286072
20260610_201605,476,1781104616293,10,up,0.9530909628407968,logit_signal,1,1,up,0.6820561441841577
20260610_201605,477,1781104616395,10,up,0.6461435327098641,logit_signal,1,1,up,0.8378709636943189
20260610_201605,478,1781104616497,10,up,1.696082936839538,logit_signal,1,1,up,0.8362023848372523
20260610_201605,479,1781104616599,10,up,1.486034106097378,logit_signal,1,1,up,0.8270560519793224
20260610_201605,480,1781104616701,10,up,1.9706104450434303,logit_signal,1,1,up,0.6469881781522969
20260610_201605,481,1781104616803,10,up,1.9706104450434303,logit_signal,1,1,up,0.7275298953260464
20260610_201605,482,1781104616905,10,up,1.9706104450434303,logit_signal,1,1,up,0.7184678816393523
20260610_201605,483,1781104617007,10,up,1.9706104450434303,logit_signal,1,1,up,0.7136543857951361
20260610_201605,484,1781104617109,10,up,1.9706104450434303,logit_signal,1,1,up,0.7109826944487754
20260610_201605,485,1781104617211,10,up,1.6798646416771312,logit_signal,1,1,up,0.7035763066768643
20260610_201605,486,1781104617313,10,up,1.1145255795730336,logit_signal,1,1,up,0.8272793599939549
20260610_201605,487,1781104617415,10,up,1.1145255795730336,logit_signal,1,1,up,0.7752580453352359
20260610_201605,488,1781104617517,10,down,-0.193805178958506,logit_signal,0,1,up,0.8256203487957021
20260610_201605,489,1781104617619,10,down,-0.3714533272924925,logit_signal,0,1,up,0.6970773212476776
20260610_201605,490,1781104617721,10,down,-0.8559161977284013,logit_signal,0,1,up,0.6218795494144035
20260610_201605,491,1781104617823,10,down,-0.8559161977284013,logit_signal,0,1,up,0.6348153577559211
20260610_201605,492,1781104617925,10,down,-0.8559161977284013,logit_signal,0,1,up,0.6279587332440084
20260610_201605,493,1781104618027,10,down,-0.8559161977284013,logit_signal,0,0,down,0.47711638496809405
20260610_201605,494,1781104618129,10,down,-0.8559161977284013,logit_signal,0,0,down,0.32154598421952496
20260610_201605,495,1781104618231,10,down,-0.565244108743368,logit_signal,0,0,down,0.2844727882062581
20260610_201605,500,1781104618741,10,up,3.0040384936835807,logit_signal,1,0,down,0.2549941321163673
20260610_201605,501,1781104618843,10,up,3.8438772123483567,logit_signal,1,0,down,0.25518024457450306
20260610_201605,502,1781104618945,10,up,3.924630935296936,logit_signal,1,0,down,0.25513297979854976
20260610_201605,503,1781104619047,10,up,3.924630935296936,logit_signal,1,0,down,0.2549911683542015
20260610_201605,504,1781104619149,10,up,3.924630935296936,logit_signal,1,0,down,0.26319098457636764
20260610_201605,505,1781104619251,10,up,3.036339982862568,logit_signal,1,0,down,0.25880380880314846
20260610_201605,506,1781104619353,10,up,2.5679683897639194,logit_signal,1,0,down,0.2573503128888159
20260610_201605,507,1781104619455,10,up,2.5679683897639194,logit_signal,1,0,down,0.2572085806547643
20260610_201605,508,1781104619557,10,up,2.5679683897639194,logit_signal,1,0,down,0.34471956289125705
20260610_201605,509,1781104619659,10,up,2.5679683897639194,logit_signal,1,0,down,0.2572465681863282
20260610_201605,510,1781104619761,10,down,-1.06562902385976,logit_signal,0,1,up,0.8845259332370303
20260610_201605,511,1781104619863,10,down,-3.503364925504515,logit_signal,0,1,up,0.8391957068553813
20260610_201605,512,1781104619965,10,down,-3.584058688153036,logit_signal,0,1,up,0.7802179443832695
20260610_201605,513,1781104620067,10,down,-3.584058688153036,logit_signal,0,1,up,0.6473819328179921
20260610_201605,514,1781104620169,10,down,-3.584058688153036,logit_signal,0,1,up,0.6363936398050487
20260610_201605,515,1781104620271,10,down,-2.69635564123516,logit_signal,0,0,down,0.15482612265134935
20260610_201605,516,1781104620373,10,down,-2.228230550817001,logit_signal,0,0,down,0.3557166403416519
20260610_201605,517,1781104620475,10,down,-2.228230550817001,logit_signal,0,0,down,0.23971744106571252
20260610_201605,518,1781104620577,10,down,-2.228230550817001,logit_signal,0,0,down,0.41595230703780717
20260610_201605,519,1781104620679,10,down,-2.228230550817001,logit_signal,0,0,down,0.3785297503954965
20260610_201605,520,1781104620781,10,down,-1.5986138887258416,logit_signal,0,0,down,0.16756636085849447
20260610_201605,524,1781104621189,10,up,0.0484505904929655,logit_signal,1,0,down,0.29436071172337835
20260610_201605,525,1781104621291,10,up,0.9690118098304444,logit_signal,1,0,down,0.3151926226462641
20260610_201605,526,1781104621393,10,up,1.2112647622886108,logit_signal,1,0,down,0.3029459280869885
20260610_201605,527,1781104621495,10,up,1.889573029170144,logit_signal,1,0,down,0.325565336349761
20260610_201605,528,1781104621597,10,up,2.4548299182391986,logit_signal,1,0,down,0.49169802374095484
20260610_201605,529,1781104621699,10,up,2.4548299182391986,logit_signal,1,0,down,0.31753486502947137
20260610_201605,530,1781104621801,10,up,2.4548299182391986,logit_signal,1,0,down,0.41385415701814693
20260610_201605,531,1781104621903,10,up,2.4548299182391986,logit_signal,1,0,down,0.3161698484224476
20260610_201605,532,1781104622005,10,up,2.4548299182391986,logit_signal,1,0,down,0.3592263733379212
20260610_201605,533,1781104622107,10,up,2.4548299182391986,logit_signal,1,1,up,0.5665732639386717
20260610_201605,534,1781104622209,10,up,2.406367668754683,logit_signal,1,1,up,0.8399713579343843
20260610_201605,535,1781104622311,10,up,1.4856741448276978,logit_signal,1,1,up,0.8349599400271157
20260610_201605,536,1781104622413,10,up,1.2434145455264556,logit_signal,1,1,up,0.762440546170736
20260610_201605,537,1781104622515,10,up,0.5651500998293812,logit_signal,1,1,up,0.8398963916766896
20260610_201605,540,1781104622821,10,down,-0.5489719289653028,logit_signal,0,1,up,0.6617990646468814
20260610_201605,541,1781104622923,10,down,-0.5489719289653028,logit_signal,0,1,up,0.5062489893502207
20260610_201605,542,1781104623025,10,down,-0.5489719289653028,logit_signal,0,0,down,0.2792854667502839
20260610_201605,543,1781104623127,10,down,-0.5489719289653028,logit_signal,0,0,down,0.27995999422639356
20260610_201605,544,1781104623229,10,down,-0.5489719289653028,logit_signal,0,0,down,0.2984725014019226
20260610_201605,545,1781104623331,10,down,-0.5489719289653028,logit_signal,0,0,down,0.2970989087690758
20260610_201605,546,1781104623433,10,down,-0.5489719289653028,logit_signal,0,0,down,0.1763339913336935
20260610_201605,547,1781104623535,10,down,-0.5489719289653028,logit_signal,0,0,down,0.23385191929242738
20260610_201605,548,1781104623637,10,down,-0.5489719289653028,logit_signal,0,0,down,0.1832673926145568
20260610_201605,549,1781104623739,10,down,-0.5489719289653028,logit_signal,0,0,down,0.1816840645716492
20260610_201605,559,1781104624759,10,down,-0.9203858192774472,logit_signal,0,1,up,0.6756538294875604
20260610_201605,560,1781104624861,10,down,-1.259475331641946,logit_signal,0,1,up,0.655773223700112
20260610_201605,561,1781104624963,10,down,-1.259475331641946,logit_signal,0,1,up,0.6499064313951766
20260610_201249,2,1781104372765,10,up,0.0646338773613308,logit_full,1,0,down,0.20545093949862306
20260610_201249,3,1781104372867,10,up,0.0646338773613308,logit_full,1,0,down,0.20505574926524905
20260610_201249,4,1781104372969,10,up,0.0646338773613308,logit_full,1,0,down,0.19491400326918634
20260610_201249,5,1781104373071,10,up,0.0646338773613308,logit_full,1,0,down,0.19777300996101904
20260610_201249,6,1781104373173,10,up,0.0646338773613308,logit_full,1,0,down,0.16209116987693753
20260610_201249,7,1781104373275,10,up,0.0646338773613308,logit_full,1,0,down,0.16242424611338607
20260610_201249,8,1781104373377,10,up,0.0646338773613308,logit_full,1,0,down,0.31517187588072576
20260610_201249,9,1781104373479,10,up,0.0646338773613308,logit_full,1,0,down,0.2900590954098187
20260610_201249,10,1781104373581,10,up,0.8079234670255175,logit_full,1,0,down,0.2865002826461708
20260610_201249,11,1781104373683,10,up,0.8079234670255175,logit_full,1,1,up,0.5959921699574746
20260610_201249,12,1781104373785,10,up,0.7432847855270985,logit_full,1,1,up,0.8618669599897275
20260610_201249,13,1781104373887,10,up,0.7432847855270985,logit_full,1,1,up,0.8536347881425304
20260610_201249,14,1781104373989,10,up,0.7432847855270985,logit_full,1,1,up,0.825839873307334
20260610_201249,15,1781104374091,10,up,0.7432847855270985,logit_full,1,1,up,0.8562041557569431
20260610_201249,16,1781104374193,10,up,0.7432847855270985,logit_full,1,1,up,0.7387746703822192
20260610_201249,17,1781104374295,10,up,0.7432847855270985,logit_full,1,1,up,0.8602381433602789
20260610_201249,18,1781104374397,10,up,1.5350446657591554,logit_full,1,1,up,0.8523037908823498
20260610_201249,19,1781104374499,10,up,1.5350446657591554,logit_full,1,1,up,0.8606601315993984
20260610_201249,20,1781104374601,10,up,0.7917010342994857,logit_full,1,1,up,0.764917239908837
20260610_201249,21,1781104374703,10,up,0.7917010342994857,logit_full,1,1,up,0.7858554170380042
20260610_201249,22,1781104374805,10,up,0.7917010342994857,logit_full,1,1,up,0.8520911539677783
20260610_201249,23,1781104374907,10,up,0.7917010342994857,logit_full,1,1,up,0.8455056971800098
20260610_201249,24,1781104375009,10,up,1.1148443136055342,logit_full,1,1,up,0.7995441557438239
20260610_201249,25,1781104375111,10,up,1.3572017730867358,logit_full,1,1,up,0.7919880432819656
20260610_201249,26,1781104375213,10,up,1.3572017730867358,logit_full,1,1,up,0.8497546541910526
20260610_201249,27,1781104375315,10,up,1.7934452001511223,logit_full,1,1,up,0.8305460292132893
20260610_201249,28,1781104375417,10,up,1.0016648639399328,logit_full,1,1,up,0.8366469713525746
20260610_201249,29,1781104375519,10,up,1.0016648639399328,logit_full,1,1,up,0.7651213957453571
20260610_201249,30,1781104375621,10,up,1.0016648639399328,logit_full,1,1,up,0.8111834942345804
20260610_201249,31,1781104375723,10,up,1.0016648639399328,logit_full,1,1,up,0.7888828286762656
20260610_201249,32,1781104375825,10,up,1.0016648639399328,logit_full,1,1,up,0.7483046744140871
20260610_201249,33,1781104375927,10,up,1.841770878856508,logit_full,1,1,up,0.8322710934012023
20260610_201249,34,1781104376029,10,up,1.5186041120252014,logit_full,1,1,up,0.7374345868413493
20260610_201249,35,1781104376131,10,up,1.2762427413703925,logit_full,1,1,up,0.7853724983315143
20260610_201249,36,1781104376233,10,up,1.2762427413703925,logit_full,1,1,up,0.7916278395975115
20260610_201249,37,1781104376335,10,up,0.8400218728765729,logit_full,1,1,up,0.709310567899227
20260610_201249,38,1781104376437,10,up,0.8400218728765729,logit_full,1,1,up,0.7576679834871204
20260610_201249,39,1781104376539,10,up,0.8400218728765729,logit_full,1,1,up,0.7284340737162909
20260610_201249,40,1781104376641,10,up,0.8400218728765729,logit_full,1,1,up,0.7357410146789922
20260610_201249,41,1781104376743,10,up,0.8400218728765729,logit_full,1,1,up,0.8540853806990605
20260610_201249,42,1781104376845,10,up,0.8400218728765729,logit_full,1,1,up,0.8524353192913159
20260610_201249,55,1781104378171,10,up,0.0161529099051982,logit_full,1,1,up,0.687950104410013
20260610_201249,56,1781104378273,10,up,0.0161529099051982,logit_full,1,1,up,0.6807935598256977
20260610_201249,57,1781104378375,10,up,0.2099878287831202,logit_full,1,1,up,0.6735482270294518
20260610_201249,58,1781104378477,10,up,0.3876698377514032,logit_full,1,1,up,0.6687469524996614
20260610_201249,59,1781104378579,10,up,0.3876698377514032,logit_full,1,1,up,0.6736883132749333
20260610_201249,60,1781104378681,10,up,0.3876698377514032,logit_full,1,1,up,0.6707584802090847
20260610_201249,61,1781104378783,10,up,0.3876698377514032,logit_full,1,1,up,0.8135422895384445
20260610_201249,62,1781104378885,10,up,0.3876698377514032,logit_full,1,1,up,0.8199919039338383
20260610_201249,63,1781104378987,10,up,0.3876698377514032,logit_full,1,1,up,0.7724141267533033
20260610_201249,64,1781104379089,10,up,0.3876698377514032,logit_full,1,1,up,0.8021708945034896
20260610_201249,65,1781104379191,10,up,0.3715163277395739,logit_full,1,1,up,0.8345908903316477
20260610_201249,66,1781104379293,10,up,0.3715163277395739,logit_full,1,1,up,0.7918713385647032
20260610_201249,67,1781104379395,10,up,0.1776782779416841,logit_full,1,1,up,0.8253649273322605
20260610_201249,71,1781104379803,10,down,-0.3876548095449461,logit_full,0,1,up,0.7216047908982741
20260610_201249,72,1781104379905,10,down,-0.3876548095449461,logit_full,0,1,up,0.6097610825233638
20260610_201249,73,1781104380007,10,down,-0.3876548095449461,logit_full,0,1,up,0.616285030578554
20260610_201249,74,1781104380109,10,down,-0.3876548095449461,logit_full,0,1,up,0.6436884351342417
20260610_201249,75,1781104380211,10,down,-0.3876548095449461,logit_full,0,1,up,0.6445985999991947
20260610_201249,76,1781104380313,10,down,-0.3876548095449461,logit_full,0,1,up,0.6457233829690646
20260610_201249,77,1781104380415,10,down,-0.3876548095449461,logit_full,0,1,up,0.6482870014862125
20260610_201249,78,1781104380517,10,down,-0.3876548095449461,logit_full,0,1,up,0.6248695615360406
20260610_201249,79,1781104380619,10,down,-0.1372944117139507,logit_full,0,1,up,0.6228937828594638
20260610_201249,80,1781104380721,10,up,0.3876548095438359,logit_full,1,0,down,0.17125676913309554
20260610_201249,81,1781104380823,10,up,0.7753396755050268,logit_full,1,0,down,0.32506756873519527
20260610_201249,82,1781104380925,10,up,0.7753396755050268,logit_full,1,0,down,0.30881219317618325
20260610_201249,83,1781104381027,10,up,0.7753396755050268,logit_full,1,0,down,0.2968708056675696
20260610_201249,84,1781104381129,10,up,0.7753396755050268,logit_full,1,1,up,0.834099173252138
20260610_201249,85,1781104381231,10,up,0.7753396755050268,logit_full,1,1,up,0.8357654937876504
20260610_201249,86,1781104381333,10,up,0.7753396755050268,logit_full,1,1,up,0.800601656737587
20260610_201249,87,1781104381435,10,up,0.7753396755050268,logit_full,1,1,up,0.588141624300634
20260610_201249,88,1781104381537,10,up,0.7753396755050268,logit_full,1,1,up,0.5995264508336655
20260610_201249,89,1781104381639,10,up,0.5249564286158304,logit_full,1,1,up,0.863384895233757
20260610_201249,91,1781104381843,10,up,0.4037914401067155,logit_full,1,0,down,0.4272034843420694
20260610_201249,92,1781104381945,10,up,0.9690994562538968,logit_full,1,0,down,0.24380308297593056
20260610_201249,93,1781104382047,10,up,1.0983127170871576,logit_full,1,0,down,0.1786702357924283
20260610_201249,94,1781104382149,10,up,1.0983127170871576,logit_full,1,0,down,0.250871975411449
20260610_201249,95,1781104382251,10,up,1.0983127170871576,logit_full,1,1,up,0.5593723991530116
20260610_201249,96,1781104382353,10,up,1.0983127170871576,logit_full,1,0,down,0.429770798886029
20260610_201249,97,1781104382455,10,up,1.0983127170871576,logit_full,1,0,down,0.29716624009056936
20260610_201249,98,1781104382557,10,up,1.3244359235464742,logit_full,1,0,down,0.28132840582930335
20260610_201249,99,1781104382659,10,up,2.2935353798025915,logit_full,1,0,down,0.44695423187069716
20260610_201249,100,1781104382761,10,up,2.2935353798025915,logit_full,1,0,down,0.4620021521244233
20260610_201249,101,1781104382863,10,up,1.889667636534309,logit_full,1,1,up,0.8516255620404929
20260610_201249,102,1781104382965,10,up,1.3243075849711516,logit_full,1,1,up,0.7985346121323422
20260610_201249,103,1781104383067,10,up,1.1950914043046268,logit_full,1,1,up,0.9186251469165444
20260610_201249,104,1781104383169,10,up,1.1950914043046268,logit_full,1,1,up,0.7467172078138701
20260610_201249,105,1781104383271,10,up,1.1950914043046268,logit_full,1,1,up,0.8121534423576086
20260610_201249,106,1781104383373,10,up,1.1950914043046268,logit_full,1,1,up,0.6716756704947984
20260610_201249,107,1781104383475,10,up,1.1950914043046268,logit_full,1,1,up,0.6728783688379527
20260610_201249,108,1781104383577,10,up,0.96897112223715,logit_full,1,1,up,0.7675840707255761
20260610_201249,117,1781104384495,10,up,0.7428058846370433,logit_full,1,1,up,0.7754312219182008
20260610_201249,118,1781104384597,10,up,1.114208826955565,logit_full,1,1,up,0.7860787569389448
20260610_201249,119,1781104384699,10,up,1.114208826955565,logit_full,1,1,up,0.6338067753776165
20260610_201249,120,1781104384801,10,up,1.114208826955565,logit_full,1,1,up,0.5975042280459922
20260610_201249,121,1781104384903,10,up,1.114208826955565,logit_full,1,1,up,0.629291370607265
20260610_201249,122,1781104385005,10,up,1.114208826955565,logit_full,1,1,up,0.6351408241441808
20260610_201249,123,1781104385107,10,up,1.114208826955565,logit_full,1,1,up,0.7099341719725719
20260610_201249,124,1781104385209,10,up,1.114208826955565,logit_full,1,1,up,0.7189500467084114
20260610_201249,125,1781104385311,10,up,1.114208826955565,logit_full,1,1,up,0.7681164247419324
20260610_201249,127,1781104385515,10,down,-2.357426175019217,logit_full,0,1,up,0.8174538010947202
20260610_201249,128,1781104385617,10,down,-2.7287001941578293,logit_full,0,1,up,0.747510909061469
20260610_201249,129,1781104385719,10,down,-2.7287001941578293,logit_full,0,1,up,0.7380299440113806
20260610_201249,130,1781104385821,10,down,-2.7287001941578293,logit_full,0,1,up,0.7891724344723492
20260610_201249,131,1781104385923,10,down,-2.260461699301608,logit_full,0,1,up,0.6781326520344042
20260610_201249,132,1781104386025,10,down,-2.260461699301608,logit_full,0,1,up,0.53161424235017
20260610_201249,133,1781104386127,10,down,-2.260461699301608,logit_full,0,1,up,0.5304881395616212
20260610_201249,134,1781104386229,10,down,-2.260461699301608,logit_full,0,1,up,0.5172729649242548
20260610_201249,135,1781104386331,10,down,-2.260461699301608,logit_full,0,0,down,0.19701719433577586
20260610_201249,136,1781104386433,10,down,-1.3725760911775795,logit_full,0,0,down,0.14862696754608298
20260610_201249,137,1781104386535,10,up,0.2422584299877073,logit_full,1,0,down,0.3023736716291033
20260610_201249,138,1781104386637,10,up,0.2422584299877073,logit_full,1,1,up,0.5977719453347413
20260610_201249,139,1781104386739,10,up,0.2422584299877073,logit_full,1,1,up,0.7996717716332438
20260610_201249,140,1781104386841,10,up,0.2422584299877073,logit_full,1,1,up,0.8005006093968626
20260610_201249,141,1781104386943,10,down,-0.4118200427172258,logit_full,0,1,up,0.6916294215090383
20260610_201249,142,1781104387045,10,down,-0.920538919012559,logit_full,0,0,down,0.43803693345678285
20260610_201249,143,1781104387147,10,down,-1.3888832813169216,logit_full,0,0,down,0.2843834396268306
20260610_201249,144,1781104387249,10,down,-1.3888832813169216,logit_full,0,0,down,0.35962492166557797
20260610_201249,145,1781104387351,10,down,-1.3888832813169216,logit_full,0,0,down,0.30956184011839705
20260610_201249,146,1781104387453,10,down,-1.1628122938323049,logit_full,0,0,down,0.18101860811520917
20260610_201249,147,1781104387555,10,down,-1.1628122938323049,logit_full,0,0,down,0.23192312600804588
20260610_201249,148,1781104387657,10,down,-1.2274129768230502,logit_full,0,0,down,0.29835252016628433
20260610_201249,149,1781104387759,10,down,-1.2274129768230502,logit_full,0,0,down,0.30088345964264307
20260610_201249,150,1781104387861,10,down,-1.2274129768230502,logit_full,0,0,down,0.23528932554300605
20260610_201249,151,1781104387963,10,down,-1.0417053605027426,logit_full,0,0,down,0.08514302798733366
20260610_201249,152,1781104388065,10,down,-0.5329926487396275,logit_full,0,0,down,0.2360262512026701
20260610_201249,153,1781104388167,10,down,-0.064608195711191,logit_full,0,0,down,0.2547555566439272
20260610_201249,154,1781104388269,10,down,-0.064608195711191,logit_full,0,0,down,0.22987817243562766
20260610_201249,155,1781104388371,10,down,-0.064608195711191,logit_full,0,0,down,0.22132206549395336
20260610_201249,156,1781104388473,10,down,-0.064608195711191,logit_full,0,0,down,0.21775839793941504
20260610_201249,157,1781104388575,10,down,-0.064608195711191,logit_full,0,0,down,0.2179899562439884
20260610_201249,169,1781104389803,10,up,0.0646086131350642,logit_full,1,0,down,0.29534925119123306
20260610_201249,170,1781104389905,10,up,0.0646086131350642,logit_full,1,0,down,0.2907884961861658
20260610_201249,171,1781104390007,10,up,1.0498899634558967,logit_full,1,0,down,0.33649879820914885
20260610_201249,172,1781104390109,10,up,1.0498899634558967,logit_full,1,1,up,0.6756996815587382
20260610_201249,173,1781104390211,10,up,1.0498899634558967,logit_full,1,1,up,0.6026853274582736
20260610_201249,174,1781104390313,10,up,1.5990631751106044,logit_full,1,1,up,0.6059784831787336
20260610_201249,175,1781104390415,10,up,1.7767368612320311,logit_full,1,0,down,0.42522565646139987
20260610_201249,176,1781104390517,10,up,1.7767368612320311,logit_full,1,1,up,0.6209252897047568
20260610_201249,177,1781104390619,10,up,1.7767368612320311,logit_full,1,1,up,0.6781921396957448
20260610_201249,178,1781104390721,10,up,1.7767368612320311,logit_full,1,1,up,0.7649103238957652
20260610_201249,179,1781104390823,10,up,1.712117186345452,logit_full,1,1,up,0.8292368140687223
20260610_201249,180,1781104390925,10,up,1.712117186345452,logit_full,1,1,up,0.8489089899828859
20260610_201249,181,1781104391027,10,up,0.726770594861037,logit_full,1,1,up,0.7848914681446196
20260610_201249,182,1781104391129,10,up,0.726770594861037,logit_full,1,1,up,0.598411696867394
20260610_201249,183,1781104391231,10,up,0.726770594861037,logit_full,1,1,up,0.7009747135434691
20260610_201249,184,1781104391333,10,up,0.1776452795199112,logit_full,1,1,up,0.8270465708271948
20260610_201249,198,1781104392761,10,up,0.1130449878683492,logit_full,1,1,up,0.5500493187659409
20260610_201249,199,1781104392863,10,up,1.9863619296778268,logit_full,1,1,up,0.5553629502965557
20260610_201249,200,1781104392965,10,up,1.9863619296778268,logit_full,1,1,up,0.5553019459620057
20260610_201249,201,1781104393067,10,up,1.9863619296778268,logit_full,1,1,up,0.6457684173585613
20260610_201249,202,1781104393169,10,up,1.9863619296778268,logit_full,1,1,up,0.6039755326284783
20260610_201249,203,1781104393271,10,up,1.9863619296778268,logit_full,1,1,up,0.5879787949424886
20260610_201249,204,1781104393373,10,up,1.9863619296778268,logit_full,1,1,up,0.5967461215346654
20260610_201249,205,1781104393475,10,up,2.5031390170737744,logit_full,1,1,up,0.63523801142108
20260610_201249,206,1781104393577,10,up,2.5031390170737744,logit_full,1,1,up,0.6322454347387776
20260610_201249,207,1781104393679,10,up,2.5031390170737744,logit_full,1,1,up,0.663269027363969
20260610_201249,208,1781104393781,10,up,2.3900670106957733,logit_full,1,1,up,0.7350304941575592
20260610_201249,209,1781104393883,10,up,0.5166744571472037,logit_full,1,0,down,0.19212871895442357
20260610_201249,210,1781104393985,10,up,0.5166744571472037,logit_full,1,0,down,0.38285455030282506
20260610_201249,211,1781104394087,10,up,0.5166744571472037,logit_full,1,0,down,0.39566798693861527
20260610_201249,212,1781104394189,10,up,0.5166744571472037,logit_full,1,1,up,0.7229622409702259
20260610_201249,213,1781104394291,10,up,0.5166744571472037,logit_full,1,1,up,0.7583764145820842
20260610_201249,214,1781104394393,10,up,0.5166744571472037,logit_full,1,1,up,0.6538243861597284
20260610_201249,258,1781104398881,10,up,0.8718431005316774,logit_full,1,0,down,0.23928640537414989
20260610_201249,259,1781104398983,10,up,2.8819258045365004,logit_full,1,0,down,0.2311887144162127
20260610_201249,260,1781104399085,10,up,3.5680986151409577,logit_full,1,0,down,0.23248924466806212
20260610_201249,261,1781104399187,10,up,3.5680986151409577,logit_full,1,0,down,0.22752073221817637
20260610_201249,262,1781104399289,10,up,3.5680986151409577,logit_full,1,0,down,0.2460870120959309
20260610_201249,263,1781104399391,10,up,3.745696283767863,logit_full,1,0,down,0.2200331747251183
20260610_201249,264,1781104399493,10,up,3.745696283767863,logit_full,1,0,down,0.274480340788932
20260610_201249,265,1781104399595,10,up,3.1483223074779687,logit_full,1,0,down,0.3006578747815187
20260610_201249,266,1781104399697,10,up,2.8415626980304864,logit_full,1,0,down,0.2600510229892375
20260610_201249,267,1781104399799,10,up,1.5176528046301208,logit_full,1,0,down,0.2685831492212654
20260610_201249,268,1781104399901,10,down,-0.435883548060012,logit_full,0,1,up,0.8937576748481695
20260610_201249,269,1781104400003,10,down,-2.542143083110737,logit_full,0,1,up,0.8261708447881639
20260610_201249,270,1781104400105,10,down,-3.2278967750887237,logit_full,0,1,up,0.8859195921913477
20260610_201249,271,1781104400207,10,down,-3.389291613843381,logit_full,0,1,up,0.789149856005088
20260610_201249,272,1781104400309,10,down,-3.389291613843381,logit_full,0,1,up,0.8422488499174309
20260610_201249,273,1781104400411,10,down,-3.566762614194418,logit_full,0,1,up,0.8626371527483807
20260610_201249,274,1781104400513,10,down,-3.566762614194418,logit_full,0,1,up,0.8082979173370771
20260610_201249,275,1781104400615,10,down,-2.969789653349819,logit_full,0,0,down,0.2227928534347012
20260610_201249,276,1781104400717,10,down,-2.66320826207922,logit_full,0,0,down,0.17938784098481733
20260610_201249,277,1781104400819,10,down,-1.3398517930207632,logit_full,0,0,down,0.16061204997745207
20260610_201249,278,1781104400921,10,down,-0.2583126212352127,logit_full,0,0,down,0.1466333531219555
20260610_201249,279,1781104401023,10,up,0.2421704282462577,logit_full,1,0,down,0.20426004429223513
20260610_201249,280,1781104401125,10,up,1.3884437886102496,logit_full,1,0,down,0.15377322445921948
20260610_201249,281,1781104401227,10,up,2.260293822051729,logit_full,1,0,down,0.3871803413590973
20260610_201249,282,1781104401329,10,up,1.6144955871788549,logit_full,1,0,down,0.41069091233188065
20260610_201249,283,1781104401431,10,up,1.6144955871788549,logit_full,1,1,up,0.5219904193316474
20260610_201249,284,1781104401535,10,up,1.6144955871788549,logit_full,1,0,down,0.4408210146138684
20260610_201249,285,1781104401639,10,up,1.6144955871788549,logit_full,1,0,down,0.4392330769754431
20260610_201249,286,1781104401741,10,up,1.6144955871788549,logit_full,1,1,up,0.5072445828515119
20260610_201249,287,1781104401843,10,up,1.6144955871788549,logit_full,1,1,up,0.5124499001907777
20260610_201249,288,1781104401945,10,up,1.6144955871788549,logit_full,1,1,up,0.7615222435956541
20260610_201249,289,1781104402047,10,up,1.2108228186824554,logit_full,1,1,up,0.8089106762707398
20260610_201249,290,1781104402149,10,up,0.0645698157097918,logit_full,1,1,up,0.9278197477833096
20260610_201249,291,1781104402251,10,down,-0.6456522984821245,logit_full,0,0,down,0.15577163087509183
20260610_201249,293,1781104402455,10,up,0.6456939878618506,logit_full,1,0,down,0.14962636069734722
20260610_201249,294,1781104402557,10,up,0.6456939878618506,logit_full,1,0,down,0.35515005859432125
20260610_201249,295,1781104402659,10,up,1.7110890678351254,logit_full,1,0,down,0.34046701552065084
20260610_201249,296,1781104402761,10,up,1.7110890678351254,logit_full,1,0,down,0.2695325679146647
20260610_201249,297,1781104402863,10,up,1.904797264196123,logit_full,1,0,down,0.2659053415596678
20260610_201249,298,1781104402965,10,up,1.904797264196123,logit_full,1,0,down,0.2498016492794303
20260610_201249,299,1781104403067,10,up,1.904797264196123,logit_full,1,0,down,0.28851290216287634
20260610_201249,300,1781104403169,10,up,2.1469325096434844,logit_full,1,0,down,0.4090522293551439
20260610_201249,301,1781104403271,10,up,2.889480595684724,logit_full,1,0,down,0.49356080258283175
20260610_201249,302,1781104403373,10,up,2.889480595684724,logit_full,1,1,up,0.7164470338145336
20260610_201249,303,1781104403475,10,up,2.2436417372251327,logit_full,1,1,up,0.7030296507523248
20260610_201249,304,1781104403577,10,up,1.3074459044259967,logit_full,1,1,up,0.6869775789929337
20260610_201249,305,1781104403679,10,up,0.0322791761386831,logit_full,1,1,up,0.6374787890898044
20260610_201249,306,1781104403781,10,up,0.0322791761386831,logit_full,1,1,up,0.6462695432229812
20260610_201249,307,1781104403883,10,down,-0.1613927549182214,logit_full,0,1,up,0.5740998337815341
20260610_201249,308,1781104403985,10,down,-0.1613927549182214,logit_full,0,1,up,0.5523334069967976
20260610_201249,309,1781104404087,10,down,-0.1613927549182214,logit_full,0,1,up,0.5495513908108166
20260610_201249,310,1781104404189,10,down,-0.4034721196732871,logit_full,0,1,up,0.9090977292763366
20260610_201249,311,1781104404291,10,down,-1.1457757587740591,logit_full,0,1,up,0.7609251105273898
20260610_201249,312,1781104404393,10,down,-1.7105947947892997,logit_full,0,0,down,0.222899074065048
20260610_201249,313,1781104404495,10,down,-2.210863083830228,logit_full,0,0,down,0.2198016364525177
20260610_201249,314,1781104404597,10,down,-1.2749965905933802,logit_full,0,0,down,0.26100392288460667
20260610_201249,315,1781104404699,10,down,-1.065209374164766,logit_full,0,0,down,0.2987874704481824
20260610_201249,316,1781104404801,10,down,-1.065209374164766,logit_full,0,0,down,0.2855938987568125
20260610_201249,317,1781104404903,10,down,-1.065209374164766,logit_full,0,0,down,0.24256466371737123
20260610_201249,318,1781104405005,10,down,-1.065209374164766,logit_full,0,0,down,0.24635658256153942
20260610_201249,319,1781104405107,10,down,-1.065209374164766,logit_full,0,0,down,0.24991758052801086
20260610_201249,320,1781104405209,10,down,-1.065209374164766,logit_full,0,0,down,0.2671716696035524
20260610_201249,321,1781104405311,10,down,-1.065209374164766,logit_full,0,0,down,0.23375092786656654
20260610_201249,322,1781104405413,10,down,-0.5003538793157958,logit_full,0,0,down,0.1547962217391888
20260610_201249,332,1781104406433,10,up,1.8562443656922056,logit_full,1,0,down,0.25176057979087213
20260610_201249,333,1781104406535,10,up,1.8562443656922056,logit_full,1,0,down,0.26272954082047273
20260610_201249,334,1781104406637,10,up,1.5818430246761217,logit_full,1,0,down,0.2761202216463471
20260610_201249,335,1781104406739,10,up,1.5818430246761217,logit_full,1,0,down,0.25842857594002777
20260610_201249,336,1781104406841,10,up,1.5818430246761217,logit_full,1,0,down,0.25445796813779414
20260610_201249,337,1781104406943,10,up,1.5818430246761217,logit_full,1,0,down,0.26020745501336745
20260610_201249,338,1781104407045,10,up,1.5818430246761217,logit_full,1,0,down,0.26624285518001556
20260610_201249,339,1781104407147,10,up,1.5818430246761217,logit_full,1,0,down,0.34119871620708775
20260610_201249,340,1781104407251,10,up,1.5818430246761217,logit_full,1,0,down,0.35269063694261654
20260610_201249,341,1781104407353,10,up,1.5818430246761217,logit_full,1,0,down,0.3356620152550307
20260610_201249,342,1781104407455,10,down,-0.274350414875002,logit_full,0,0,down,0.17689987778590116
20260610_201249,343,1781104407557,10,down,-0.274350414875002,logit_full,0,0,down,0.28491053365428765
20260610_201249,347,1781104407965,10,up,0.8230738256864711,logit_full,1,0,down,0.21181449958731366
20260610_201249,348,1781104408067,10,up,0.8230738256864711,logit_full,1,0,down,0.21401650748140932
20260610_201249,349,1781104408169,10,up,1.4363445193366076,logit_full,1,0,down,0.2144915880481004
20260610_201249,350,1781104408271,10,up,1.4363445193366076,logit_full,1,0,down,0.2108859274150005
20260610_201249,351,1781104408373,10,up,1.4363445193366076,logit_full,1,0,down,0.4906903721174079
20260610_201249,352,1781104408475,10,up,1.4363445193366076,logit_full,1,0,down,0.46955336476975257
20260610_201249,353,1781104408577,10,up,1.065154362653864,logit_full,1,1,up,0.5172186122929177
20260610_201249,354,1781104408679,10,up,1.065154362653864,logit_full,1,1,up,0.5177152345054183
20260610_201249,355,1781104408781,10,up,1.065154362653864,logit_full,1,1,up,0.5232207092331062
20260610_201249,356,1781104408883,10,up,1.065154362653864,logit_full,1,1,up,0.7909125378616856
20260610_201249,357,1781104408985,10,up,0.2420606135911107,logit_full,1,1,up,0.7271015577487062
20260610_201249,358,1781104409087,10,up,0.2420606135911107,logit_full,1,1,up,0.6717002297952095
20260610_201249,359,1781104409189,10,down,-0.3711368486447597,logit_full,0,1,up,0.8224904127973459
20260610_201249,360,1781104409291,10,down,-0.3711368486447597,logit_full,0,1,up,0.7601031028772578
20260610_201249,361,1781104409393,10,down,-0.7745464667374691,logit_full,0,1,up,0.5632630132336297
20260610_201249,362,1781104409495,10,down,-0.7745464667374691,logit_full,0,1,up,0.5429671711144357
20260610_201249,363,1781104409597,10,down,-0.4034245906647804,logit_full,0,0,down,0.3564026214388761
20260610_201249,364,1781104409699,10,down,-0.4034245906647804,logit_full,0,0,down,0.45358134660046656
20260610_201249,365,1781104409801,10,down,-0.4034245906647804,logit_full,0,1,up,0.8188096703598934
20260610_201249,366,1781104409903,10,down,-0.4034245906647804,logit_full,0,1,up,0.7895645311315934
20260610_201249,367,1781104410005,10,down,-0.4034245906647804,logit_full,0,1,up,0.7414883588068953
20260610_201249,368,1781104410107,10,down,-0.4034245906647804,logit_full,0,1,up,0.6029366073304717
20260610_201249,369,1781104410209,10,down,-0.4034245906647804,logit_full,0,0,down,0.3042969411909241
20260610_201249,370,1781104410311,10,down,-0.4034245906647804,logit_full,0,0,down,0.4455874898590511
20260610_201249,374,1781104410719,10,down,-0.0645505386331901,logit_full,0,1,up,0.5686673098747708
20260610_201249,375,1781104410821,10,down,-0.6455053863385629,logit_full,0,1,up,0.5616919986694184
20260610_201249,376,1781104410923,10,down,-0.6455053863385629,logit_full,0,1,up,0.5473258704453936
20260610_201249,377,1781104411025,10,down,-0.6455053863385629,logit_full,0,1,up,0.730588205149869
20260610_201249,378,1781104411127,10,down,-0.6455053863385629,logit_full,0,1,up,0.6832600455565714
20260610_201249,379,1781104411229,10,down,-0.3388903278278565,logit_full,0,1,up,0.6598993583374079
20260610_201249,380,1781104411331,10,down,-0.3388903278278565,logit_full,0,1,up,0.7223132116627087
20260610_201249,381,1781104411433,10,down,-0.3388903278278565,logit_full,0,1,up,0.7217153355048658
20260610_201249,382,1781104411535,10,down,-0.3388903278278565,logit_full,0,1,up,0.7156210505007974
20260610_201249,383,1781104411637,10,down,-0.3388903278278565,logit_full,0,0,down,0.24679298259671104
20260610_201249,384,1781104411739,10,up,0.1291019106264279,logit_full,1,0,down,0.21664316099023367
20260610_201249,385,1781104411841,10,up,0.7101017624244754,logit_full,1,0,down,0.192548598616857
20260610_201249,386,1781104411943,10,up,0.7101017624244754,logit_full,1,0,down,0.26750077777584763
20260610_201249,387,1781104412045,10,up,0.919904555869433,logit_full,1,0,down,0.2649832411546636
20260610_201249,388,1781104412147,10,up,0.919904555869433,logit_full,1,0,down,0.47368840314973104
20260610_201249,389,1781104412249,10,up,0.613250899501594,logit_full,1,1,up,0.834093613567784
20260610_201249,390,1781104412351,10,up,0.613250899501594,logit_full,1,1,up,0.7462874538640619
20260610_201249,391,1781104412453,10,up,0.613250899501594,logit_full,1,1,up,0.7374037187475163
20260610_201249,392,1781104412555,10,up,0.613250899501594,logit_full,1,1,up,0.6797944757872888
20260610_201249,393,1781104412657,10,up,0.613250899501594,logit_full,1,1,up,0.6718854801900709
20260610_201249,394,1781104412759,10,up,0.2097878963680521,logit_full,1,1,up,0.7380029749005058
20260610_201249,395,1781104412861,10,up,0.2097878963680521,logit_full,1,1,up,0.6233822706305077
20260610_201249,396,1781104412963,10,up,0.2097878963680521,logit_full,1,1,up,0.7292647493190297
20260610_201249,397,1781104413065,10,up,0.5486645263363954,logit_full,1,1,up,0.737509397774931
20260610_201249,398,1781104413167,10,up,1.258700972184279,logit_full,1,1,up,0.7494364886189938
20260610_201249,399,1781104413269,10,up,1.3232497399884302,logit_full,1,0,down,0.4303958430125938
20260610_201249,400,1781104413371,10,up,1.3232497399884302,logit_full,1,1,up,0.5157850027166565
20260610_201249,401,1781104413473,10,up,1.0650546687718254,logit_full,1,1,up,0.5074362902655298
20260610_201249,402,1781104413575,10,up,1.0650546687718254,logit_full,1,0,down,0.26459247081817
20260610_201249,403,1781104413677,10,up,1.0650546687718254,logit_full,1,0,down,0.1788814242688872
20260610_201249,404,1781104413779,10,up,1.0650546687718254,logit_full,1,0,down,0.3885760367687374
20260610_201249,405,1781104413881,10,up,1.0650546687718254,logit_full,1,0,down,0.3833087393888572
20260610_201249,406,1781104413983,10,up,1.0650546687718254,logit_full,1,0,down,0.35685223002436034
20260610_201249,407,1781104414087,10,up,1.2747682221259105,logit_full,1,1,up,0.813882316266916
20260610_201249,408,1781104414189,10,up,0.564730635588262,logit_full,1,1,up,0.8178896197353619
20260610_201249,409,1781104414291,10,up,0.5001867632836721,logit_full,1,1,up,0.689527931916507
20260610_201249,410,1781104414393,10,up,0.5001867632836721,logit_full,1,0,down,0.22390010483510303
20260610_201249,411,1781104414495,10,up,0.7583672514432926,logit_full,1,0,down,0.24357918130123046
20260610_201249,412,1781104414597,10,up,0.7583672514432926,logit_full,1,0,down,0.22908704905053764
20260610_201249,413,1781104414699,10,up,0.7583672514432926,logit_full,1,0,down,0.230294442704218
20260610_201249,414,1781104414801,10,up,0.7906381983135979,logit_full,1,0,down,0.2311565696622926
20260610_201249,415,1781104414903,10,up,0.7906381983135979,logit_full,1,0,down,0.2949974615751531
20260610_201249,416,1781104415005,10,up,0.7906381983135979,logit_full,1,1,up,0.7873224236499747
20260610_201249,417,1781104415107,10,up,0.0322684997322575,logit_full,1,1,up,0.753290786083181
20260610_201249,418,1781104415209,10,up,0.0322684997322575,logit_full,1,1,up,0.7069562951972186
20260610_201249,419,1781104415311,10,up,0.0322684997322575,logit_full,1,1,up,0.7485040516806744
20260610_201249,420,1781104415413,10,up,0.0322684997322575,logit_full,1,1,up,0.8144396657544207
20260610_201249,421,1781104415515,10,up,0.0322684997322575,logit_full,1,1,up,0.8174990713910967
20260610_201249,422,1781104415617,10,up,0.7583097437158237,logit_full,1,1,up,0.8015315236371714
20260610_201249,423,1781104415719,10,up,0.7583097437158237,logit_full,1,1,up,0.8348125492969064
20260610_201249,424,1781104415821,10,up,0.7260389011642943,logit_full,1,1,up,0.8414159801619127
20260610_201249,425,1781104415923,10,up,0.9357834726109182,logit_full,1,1,up,0.8616635468518207
20260610_201249,426,1781104416025,10,up,0.9357834726109182,logit_full,1,1,up,0.7725016630227795
20260610_201249,427,1781104416127,10,up,1.4198094067197076,logit_full,1,1,up,0.5066747597757091
20260610_201249,428,1781104416229,10,up,1.4198094067197076,logit_full,1,0,down,0.46730603293491885
20260610_201249,429,1781104416331,10,up,1.4198094067197076,logit_full,1,1,up,0.8175181512251993
20260610_201249,430,1781104416433,10,up,1.4198094067197076,logit_full,1,1,up,0.8369711205733145
20260610_201249,431,1781104416535,10,up,0.0161341978044404,logit_full,1,1,up,0.8338946059187214
20260610_201249,432,1781104416637,10,down,-0.7259861917430221,logit_full,0,1,up,0.5596322780110684
20260610_201249,433,1781104416739,10,down,-1.0970458008563444,logit_full,0,1,up,0.5985538801935893
20260610_201249,434,1781104416841,10,down,-1.0970458008563444,logit_full,0,1,up,0.772712363339857
20260610_201249,435,1781104416943,10,down,-1.3067477388017943,logit_full,0,1,up,0.8890986423180183
20260610_201249,436,1781104417045,10,down,-1.3067477388017943,logit_full,0,1,up,0.8942357462558033
20260610_201249,437,1781104417147,10,down,-1.790641719209285,logit_full,0,1,up,0.842305455920153
20260610_201249,438,1781104417249,10,down,-1.790641719209285,logit_full,0,0,down,0.3431263124371014
20260610_201249,439,1781104417351,10,down,-2.161675588955303,logit_full,0,0,down,0.4279027399860438
20260610_201249,440,1781104417453,10,down,-2.5972370882232365,logit_full,0,0,down,0.254355167593614
20260610_201249,441,1781104417555,10,down,-1.1939287111617514,logit_full,0,0,down,0.2079691085474747
20260610_201249,442,1781104417657,10,down,-1.8554327474196164,logit_full,0,0,down,0.14961746055627084
20260610_201249,443,1781104417759,10,down,-1.48440128207028,logit_full,0,0,down,0.16219208898138746
20260610_201249,444,1781104417861,10,down,-1.48440128207028,logit_full,0,0,down,0.15993203150114796
20260610_201249,445,1781104417963,10,down,-1.48440128207028,logit_full,0,0,down,0.17158244979042492
20260610_201249,446,1781104418065,10,down,-1.48440128207028,logit_full,0,0,down,0.138965094794513
20260610_201249,447,1781104418167,10,down,-1.48440128207028,logit_full,0,0,down,0.14705481728613298
20260610_201249,448,1781104418269,10,down,-1.48440128207028,logit_full,0,0,down,0.16058059273630382
20260610_201249,449,1781104418371,10,down,-1.1133422777209745,logit_full,0,0,down,0.15047185952302355
20260610_201249,450,1781104418473,10,down,-0.6777161289173161,logit_full,0,0,down,0.42384930582589964
20260610_201249,451,1781104418575,10,up,0.5808995390710336,logit_full,1,0,down,0.24909293937593543
20260610_201249,452,1781104418677,10,up,2.0171489938869414,logit_full,1,0,down,0.20295394272520145
20260610_201249,453,1781104418779,10,up,2.0171489938869414,logit_full,1,0,down,0.294187678845487
20260610_201249,454,1781104418881,10,up,2.0171489938869414,logit_full,1,0,down,0.37850513895434584
20260610_201249,455,1781104418983,10,up,2.0171489938869414,logit_full,1,0,down,0.37155192269057175
20260610_201249,456,1781104419085,10,up,2.0171489938869414,logit_full,1,0,down,0.36318625976942814
20260610_201249,457,1781104419187,10,up,2.0171489938869414,logit_full,1,0,down,0.15625664915839835
20260610_201249,458,1781104419289,10,up,2.0171489938869414,logit_full,1,0,down,0.46076999582403755
20260610_201249,459,1781104419391,10,up,2.727185439734825,logit_full,1,1,up,0.6181021583669987
20260610_201249,460,1781104419493,10,up,2.727185439734825,logit_full,1,1,up,0.8372374952619107
20260610_201249,461,1781104419595,10,up,1.4682996525294811,logit_full,1,1,up,0.7942491874381853
20260610_201249,462,1781104419697,10,up,0.7098932498017518,logit_full,1,0,down,0.4263468593473698
20260610_201249,463,1781104419799,10,up,1.258447124650175,logit_full,1,0,down,0.43688593660743225
20260610_201249,464,1781104419901,10,up,1.258447124650175,logit_full,1,0,down,0.4467645661469397
20260610_201249,465,1781104420003,10,up,1.258447124650175,logit_full,1,0,down,0.4910291823757072
20260610_201249,466,1781104420105,10,up,1.258447124650175,logit_full,1,1,up,0.5141248141779642
20260610_201249,467,1781104420207,10,up,1.258447124650175,logit_full,1,1,up,0.5200462287590952
20260610_201249,468,1781104420309,10,up,1.3552507496239483,logit_full,1,1,up,0.6441005668217492
20260610_201249,469,1781104420411,10,up,0.6453116895799305,logit_full,1,1,up,0.6057884555588806
20260610_201249,470,1781104420513,10,up,0.6453116895799305,logit_full,1,1,up,0.5822533055112189
20260610_201249,471,1781104420615,10,up,0.6453116895799305,logit_full,1,1,up,0.6871180849626928
20260610_201249,472,1781104420717,10,up,0.6453116895799305,logit_full,1,1,up,0.7389569353802481
20260610_201249,473,1781104420819,10,up,0.096791444281763,logit_full,1,1,up,0.8018510847450494
20260610_201249,474,1781104420921,10,up,0.096791444281763,logit_full,1,1,up,0.8009616303376201
20260610_201249,475,1781104421023,10,up,0.7904634616329176,logit_full,1,1,up,0.7989910855290459
20260610_201249,476,1781104421125,10,up,0.7904634616329176,logit_full,1,1,up,0.7956058005434969
20260610_201249,477,1781104421227,10,up,0.8711229985336466,logit_full,1,1,up,0.8493535988053191
20260610_201249,478,1781104421329,10,up,0.774324059458209,logit_full,1,1,up,0.8163907297325992
20260610_201249,479,1781104421431,10,up,0.774324059458209,logit_full,1,1,up,0.8393738671504486
20260610_201249,480,1781104421533,10,up,0.774324059458209,logit_full,1,1,up,0.8064033728899518
20260610_201249,481,1781104421635,10,up,0.774324059458209,logit_full,1,1,up,0.8428281934604247
20260610_201249,482,1781104421737,10,up,0.7904558106952564,logit_full,1,1,up,0.8290355499685866
20260610_201249,483,1781104421839,10,up,0.7904558106952564,logit_full,1,1,up,0.8185068271754123
20260610_201249,484,1781104421941,10,up,1.2744083478577473,logit_full,1,1,up,0.8528624581685422
20260610_201249,485,1781104422043,10,up,2.5970318023471606,logit_full,1,1,up,0.8682102701477246
20260610_201249,486,1781104422145,10,up,2.484117376160277,logit_full,1,1,up,0.8465622836551363
20260610_201249,487,1781104422247,10,up,2.4034448300525035,logit_full,1,1,up,0.7279990006671828
20260610_201249,488,1781104422349,10,up,2.64540236327937,logit_full,1,1,up,0.6491216429559543
20260610_201249,489,1781104422451,10,up,2.64540236327937,logit_full,1,1,up,0.6444671377638537
20260610_201249,490,1781104422553,10,up,2.64540236327937,logit_full,1,1,up,0.6994043256309401
20260610_201249,491,1781104422655,10,up,2.64540236327937,logit_full,1,1,up,0.6885235832970612
20260610_201249,492,1781104422759,10,up,1.758221905348023,logit_full,1,1,up,0.7679746584778964
20260610_201249,493,1781104422861,10,up,1.5485257148029064,logit_full,1,1,up,0.8052779609095834
20260610_201249,494,1781104422963,10,up,1.0645599133529693,logit_full,1,1,up,0.8846769648727082
20260610_201249,495,1781104423065,10,down,-0.9514602092075553,logit_full,0,1,up,0.7919937793554697
20260610_201249,496,1781104423167,10,down,-0.8385845660119351,logit_full,0,1,up,0.8636702626641861
20260610_201249,497,1781104423269,10,down,-1.386889859174012,logit_full,0,1,up,0.8225602937611507
20260610_201249,498,1781104423371,10,down,-1.9674008135683876,logit_full,0,1,up,0.7461650904219252
20260610_201249,499,1781104423473,10,down,-1.9674008135683876,logit_full,0,1,up,0.746864798354684
20260610_201249,500,1781104423575,10,down,-1.9674008135683876,logit_full,0,1,up,0.6928708807708305
20260610_201249,501,1781104423677,10,down,-2.241546828574137,logit_full,0,0,down,0.1904684469435146
20260610_201249,502,1781104423779,10,down,-1.3708494508946067,logit_full,0,0,down,0.1714555089462398
20260610_201249,503,1781104423881,10,down,-1.1612144690553716,logit_full,0,0,down,0.20396360929308383
20260610_201249,504,1781104423983,10,down,-0.5483512770543264,logit_full,0,0,down,0.24719459227767837
20260610_201249,505,1781104424085,10,down,-0.5483512770543264,logit_full,0,0,down,0.23107649381943288
20260610_201249,506,1781104424187,10,down,-0.5483512770543264,logit_full,0,0,down,0.15072136227746188
20260610_201249,508,1781104424391,10,down,-0.2741999611288737,logit_full,0,0,down,0.17707091119688256
20260610_201249,509,1781104424493,10,down,-0.5645293317346756,logit_full,0,0,down,0.1891499357125962
20260610_201249,510,1781104424595,10,down,-1.45164685303123,logit_full,0,0,down,0.1748159017359211
20260610_201249,511,1781104424697,10,down,-1.1774791783769611,logit_full,0,0,down,0.2618616428768927
20260610_201249,512,1781104424799,10,down,-1.1774791783769611,logit_full,0,0,down,0.2644326271457541
20260610_201249,513,1781104424901,10,down,-1.1774791783769611,logit_full,0,0,down,0.214321909007706
20260610_201249,514,1781104425003,10,down,-1.79030381133094,logit_full,0,1,up,0.7538553252650358
20260610_201249,515,1781104425105,10,down,-1.6774017691756349,logit_full,0,1,up,0.731543787974162
20260610_201249,516,1781104425207,10,down,-1.6774017691756349,logit_full,0,0,down,0.3814567413699107
20260610_201249,517,1781104425309,10,down,-1.6774017691756349,logit_full,0,0,down,0.28516839702201446
20260610_201249,518,1781104425411,10,down,-1.0645702160672066,logit_full,0,0,down,0.31271824536318693
20260610_201249,519,1781104425513,10,down,-0.7742553639367156,logit_full,0,0,down,0.1509019923676099
20260610_201249,520,1781104425615,10,up,0.1129222586704337,logit_full,1,1,up,0.7651855233012766
20260610_201249,521,1781104425717,10,up,0.1129222586704337,logit_full,1,1,up,0.6999939014713896
20260610_201249,522,1781104425819,10,up,0.1129222586704337,logit_full,1,1,up,0.6998457722204936
20260610_201249,523,1781104425921,10,up,0.1129222586704337,logit_full,1,1,up,0.7046410031874959
20260610_201249,524,1781104426023,10,up,0.1129222586704337,logit_full,1,1,up,0.8222210744713516
20260610_201249,536,1781104427247,10,down,-0.5646049177088219,logit_full,0,0,down,0.4432084773713042
20260610_201249,537,1781104427349,10,down,-0.5646049177088219,logit_full,0,0,down,0.44906310884389217
20260610_201249,538,1781104427451,10,down,-0.5646049177088219,logit_full,0,0,down,0.4769983252196292
20260610_201249,539,1781104427553,10,down,-0.5646049177088219,logit_full,0,0,down,0.45615704695802395
20260610_201249,540,1781104427655,10,down,-0.5646049177088219,logit_full,0,0,down,0.45622696407962315
20260610_201249,541,1781104427759,10,down,-0.3064998124702178,logit_full,0,0,down,0.4572547122530559
20260610_201249,542,1781104427861,10,down,-0.3064998124702178,logit_full,0,0,down,0.39185894858510195
20260610_201249,543,1781104427963,10,down,-0.3064998124702178,logit_full,0,0,down,0.33964255708069346
20260610_201249,544,1781104428065,10,down,-0.3064998124702178,logit_full,0,0,down,0.46625422925294474
20260610_201249,545,1781104428167,10,down,-0.3064998124702178,logit_full,0,0,down,0.38091029312254854
20260610_201249,546,1781104428269,10,up,0.2581196788020712,logit_full,1,0,down,0.3884857693512347
20260610_201249,547,1781104428371,10,up,0.2581196788020712,logit_full,1,0,down,0.45593783395396237
20260610_201249,548,1781104428473,10,up,0.2581196788020712,logit_full,1,1,up,0.5265606002899993
20260610_201249,549,1781104428575,10,up,0.2581196788020712,logit_full,1,1,up,0.6046549065419151
20260610_201249,550,1781104428677,10,up,0.2581196788020712,logit_full,1,1,up,0.8342180256880226
20260610_201428,2,1781104471321,10,down,-0.3390594007857128,logit_full,0,1,up,0.5061853624728194
20260610_201428,3,1781104471423,10,down,-0.8072842875839203,logit_full,0,1,up,0.5009008641740662
20260610_201428,4,1781104471525,10,down,-0.8072842875839203,logit_full,0,0,down,0.42935051727161927
20260610_201428,5,1781104471627,10,down,-1.4531117176508346,logit_full,0,0,down,0.433631019876122
20260610_201428,6,1781104471729,10,down,-1.6145685751678407,logit_full,0,0,down,0.4406983208163638
20260610_201428,7,1781104471831,10,down,-1.7437340611814456,logit_full,0,0,down,0.41993386099803603
20260610_201428,8,1781104471933,10,down,-1.7437340611814456,logit_full,0,0,down,0.40489717785001994
20260610_201428,9,1781104472035,10,down,-1.7437340611814456,logit_full,0,0,down,0.4046809956339922
20260610_201428,10,1781104472137,10,down,-1.7437340611814456,logit_full,0,0,down,0.3905265830545602
20260610_201428,11,1781104472239,10,down,-1.7437340611814456,logit_full,0,0,down,0.4266574501854383
20260610_201428,12,1781104472341,10,down,-1.4047222888247113,logit_full,0,0,down,0.1435894002717334
20260610_201428,13,1781104472443,10,down,-0.9365253778192972,logit_full,0,1,up,0.6618160629380352
20260610_201428,14,1781104472545,10,down,-0.9365253778192972,logit_full,0,1,up,0.5903127630910248
20260610_201428,15,1781104472647,10,down,-0.2906645803413266,logit_full,0,0,down,0.1523014628220451
20260610_201428,16,1781104472749,10,down,-0.1291863440344709,logit_full,0,0,down,0.27932680200801857
20260610_201428,39,1781104475097,10,up,0.8881675891503349,logit_full,1,1,up,0.5418312562155297
20260610_201428,40,1781104475199,10,up,0.8881675891503349,logit_full,1,1,up,0.5959064896194782
20260610_201428,41,1781104475301,10,up,0.6136430615955035,logit_full,1,1,up,0.7479333178963739
20260610_201428,42,1781104475403,10,up,0.6136430615955035,logit_full,1,1,up,0.7615127259895856
20260610_201428,43,1781104475505,10,up,0.1614850162101611,logit_full,1,1,up,0.7604615194704444
20260610_201428,44,1781104475607,10,up,0.1614850162101611,logit_full,1,1,up,0.7518535835299336
20260610_201428,45,1781104475709,10,up,0.1614850162101611,logit_full,1,1,up,0.7584516025728254
20260610_201428,46,1781104475811,10,up,0.1614850162101611,logit_full,1,1,up,0.7545128215460165
20260610_201428,47,1781104475913,10,up,0.1614850162101611,logit_full,1,1,up,0.7492107798966097
20260610_201428,48,1781104476015,10,up,0.1614850162101611,logit_full,1,1,up,0.7546919686613633
20260610_201428,49,1781104476117,10,down,-0.7266180370812947,logit_full,0,1,up,0.5574646117638993
20260610_201428,50,1781104476219,10,down,-0.7266180370812947,logit_full,0,1,up,0.523303517575325
20260610_201428,51,1781104476321,10,down,-0.4521303007232191,logit_full,0,0,down,0.24414674654124463
20260610_201428,52,1781104476423,10,down,-0.8558180692264106,logit_full,0,0,down,0.19627580859838448
20260610_201428,53,1781104476525,10,down,-1.3241557497822851,logit_full,0,0,down,0.19303351653226622
20260610_201428,54,1781104476627,10,down,-1.6955652893557716,logit_full,0,0,down,0.23859821051168917
20260610_201428,55,1781104476729,10,down,-1.6955652893557716,logit_full,0,0,down,0.20719003301957167
20260610_201428,56,1781104476831,10,down,-1.6955652893557716,logit_full,0,0,down,0.19944736358485166
20260610_201428,57,1781104476933,10,down,-1.6955652893557716,logit_full,0,0,down,0.21142542845638534
20260610_201428,58,1781104477035,10,down,-1.6955652893557716,logit_full,0,0,down,0.19962750644289756
20260610_201428,59,1781104477137,10,down,-1.6955652893557716,logit_full,0,0,down,0.19922876687314695
20260610_201428,60,1781104477239,10,down,-1.808602975312823,logit_full,0,0,down,0.2042884893237222
20260610_201428,61,1781104477341,10,down,-1.808602975312823,logit_full,0,0,down,0.17290051416491303
20260610_201428,62,1781104477443,10,down,-1.4049536728633072,logit_full,0,0,down,0.16022281356843976
20260610_201428,63,1781104477545,10,down,-0.484511382383701,logit_full,0,0,down,0.17945517839924915
20260610_201428,64,1781104477647,10,down,-0.1130568554841282,logit_full,0,0,down,0.4118199092197647
20260610_201428,65,1781104477749,10,down,-0.1130568554841282,logit_full,0,0,down,0.40831543012701577
20260610_201428,66,1781104477851,10,down,-0.1130568554841282,logit_full,0,0,down,0.4095033429574294
20260610_201428,67,1781104477953,10,down,-0.1130568554841282,logit_full,0,0,down,0.20835219890383547
20260610_201428,68,1781104478055,10,down,-0.1130568554841282,logit_full,0,0,down,0.21793820339143266
20260610_201428,69,1781104478157,10,down,-0.1130568554841282,logit_full,0,0,down,0.20773566745884484
20260610_201428,72,1781104478463,10,down,-0.9206162314334688,logit_full,0,0,down,0.25098747249465364
20260610_201428,73,1781104478565,10,down,-0.9206162314334688,logit_full,0,0,down,0.24704055315405588
20260610_201428,74,1781104478667,10,down,-0.9206162314334688,logit_full,0,0,down,0.4751427315605003
20260610_201428,75,1781104478769,10,down,-0.9206162314334688,logit_full,0,0,down,0.4832284890881847
20260610_201428,76,1781104478871,10,down,-0.9206162314334688,logit_full,0,1,up,0.7474320343718592
20260610_201428,77,1781104478973,10,down,-0.9206162314334688,logit_full,0,1,up,0.659421151529798
20260610_201428,78,1781104479075,10,down,-0.9206162314334688,logit_full,0,1,up,0.5741842510998368
20260610_201428,79,1781104479177,10,down,-0.9206162314334688,logit_full,0,1,up,0.5740748136054739
20260610_201428,80,1781104479279,10,down,-0.9206162314334688,logit_full,0,0,down,0.1927252922309421
20260610_201428,81,1781104479381,10,down,-0.9206162314334688,logit_full,0,0,down,0.18116083158757337
20260610_201428,96,1781104480911,10,up,0.6784112577506995,logit_full,1,1,up,0.6283280629241497
20260610_201428,97,1781104481013,10,up,0.6784112577506995,logit_full,1,1,up,0.5702396658266394
20260610_201428,98,1781104481115,10,up,0.6784112577506995,logit_full,1,1,up,0.6393233831357317
20260610_201428,99,1781104481217,10,up,0.6784112577506995,logit_full,1,1,up,0.6249435144152629
20260610_201428,100,1781104481319,10,up,0.6784112577506995,logit_full,1,1,up,0.6171183777373771
20260610_201428,101,1781104481421,10,up,0.6784112577506995,logit_full,1,1,up,0.6302534634699796
20260610_201428,102,1781104481523,10,up,0.6784112577506995,logit_full,1,1,up,0.6436057225957432
20260610_201428,103,1781104481625,10,up,0.6784112577506995,logit_full,1,1,up,0.6523318966878352
20260610_201428,104,1781104481727,10,up,0.6784112577506995,logit_full,1,1,up,0.7494171407282966
20260610_201428,105,1781104481829,10,up,0.6784112577506995,logit_full,1,1,up,0.8128498699004852
20260610_201428,114,1781104482747,10,up,0.4522434911247153,logit_full,1,0,down,0.41352036019351623
20260610_201428,115,1781104482849,10,up,0.4522434911247153,logit_full,1,0,down,0.40336048986776046
20260610_201428,116,1781104482951,10,up,0.4522434911247153,logit_full,1,0,down,0.4359119542871037
20260610_201428,117,1781104483053,10,up,0.9367900887591318,logit_full,1,0,down,0.4857617367288872
20260610_201428,118,1781104483155,10,up,2.2450659023731667,logit_full,1,0,down,0.47877095920248725
20260610_201428,119,1781104483257,10,up,2.6650062869926217,logit_full,1,0,down,0.4985954574699161
20260610_201428,120,1781104483359,10,up,2.6650062869926217,logit_full,1,0,down,0.4965833697095856
20260610_201428,121,1781104483461,10,up,2.6650062869926217,logit_full,1,1,up,0.5064976079259632
20260610_201428,122,1781104483563,10,up,2.6650062869926217,logit_full,1,1,up,0.7105377473518365
20260610_201428,123,1781104483665,10,up,2.6650062869926217,logit_full,1,1,up,0.6827613162559215
20260610_201428,124,1781104483767,10,up,2.212662729634829,logit_full,1,1,up,0.7872193698432806
20260610_201428,125,1781104483869,10,up,2.7456398834879714,logit_full,1,1,up,0.7817117704743174
20260610_201428,126,1781104483971,10,up,2.7456398834879714,logit_full,1,1,up,0.7556519155618361
20260610_201428,127,1781104484073,10,up,2.2610056468619355,logit_full,1,1,up,0.7976626056204381
20260610_201428,128,1781104484175,10,up,0.9527277483578622,logit_full,1,1,up,0.8857198167590996
20260610_201428,129,1781104484277,10,up,0.53285925007307,logit_full,1,1,up,0.7955378631401331
20260610_201428,130,1781104484379,10,up,0.53285925007307,logit_full,1,1,up,0.7928456978924819
20260610_201428,131,1781104484481,10,up,1.001129500137754,logit_full,1,1,up,0.7810312661641635
20260610_201428,132,1781104484583,10,up,1.001129500137754,logit_full,1,1,up,0.747032627735093
20260610_201428,133,1781104484685,10,up,1.001129500137754,logit_full,1,1,up,0.7633020776551568
20260610_201428,134,1781104484787,10,up,1.001129500137754,logit_full,1,1,up,0.8072564831425926
20260610_201428,135,1781104484889,10,up,2.0182987033634525,logit_full,1,1,up,0.8514725324265404
20260610_201428,136,1781104484991,10,up,2.518836781797429,logit_full,1,1,up,0.8115016977836271
20260610_201428,137,1781104485093,10,up,2.583422340305397,logit_full,1,1,up,0.7838443530679472
20260610_201428,138,1781104485195,10,up,2.583422340305397,logit_full,1,1,up,0.7375912084429986
20260610_201428,139,1781104485299,10,up,2.0182987033634525,logit_full,1,1,up,0.6819198778964259
20260610_201428,140,1781104485401,10,up,2.0182987033634525,logit_full,1,1,up,0.8361426753797744
20260610_201428,141,1781104485503,10,up,1.54998082706026,logit_full,1,1,up,0.5781444774321511
20260610_201428,142,1781104485605,10,up,1.54998082706026,logit_full,1,1,up,0.6858246766632493
20260610_201428,143,1781104485707,10,up,1.54998082706026,logit_full,1,1,up,0.6538808121749571
20260610_201428,144,1781104485809,10,up,1.54998082706026,logit_full,1,1,up,0.6744832944868482
20260610_201428,146,1781104486013,10,down,-0.5004120328111483,logit_full,0,1,up,0.8645554972111444
20260610_201428,147,1781104486115,10,down,-0.5649776793459349,logit_full,0,1,up,0.5377315164940806
20260610_201428,148,1781104486217,10,down,-0.5649776793459349,logit_full,0,0,down,0.17075760654934252
20260610_201428,157,1781104487135,10,up,0.6295821269697299,logit_full,1,0,down,0.22090779359247487
20260610_201428,158,1781104487237,10,up,0.6295821269697299,logit_full,1,0,down,0.20994435669452516
20260610_201428,159,1781104487339,10,up,0.6295821269697299,logit_full,1,0,down,0.21996772121016134
20260610_201428,160,1781104487441,10,up,0.6295821269697299,logit_full,1,0,down,0.22054799048943757
20260610_201428,161,1781104487543,10,up,0.6295821269697299,logit_full,1,0,down,0.218894591728224
20260610_201428,162,1781104487645,10,up,0.6295821269697299,logit_full,1,0,down,0.2188478540073899
20260610_201428,163,1781104487747,10,up,0.6295821269697299,logit_full,1,1,up,0.6176363930377902
20260610_201428,164,1781104487849,10,up,0.6295821269697299,logit_full,1,1,up,0.6467539106877366
20260610_201428,165,1781104487951,10,up,0.6295821269697299,logit_full,1,1,up,0.661112911413357
20260610_201428,166,1781104488053,10,up,0.6295821269697299,logit_full,1,1,up,0.6657331810048649
20260610_201428,167,1781104488155,10,up,0.920100565378057,logit_full,1,1,up,0.7669147983455712
20260610_201428,168,1781104488257,10,up,0.920100565378057,logit_full,1,1,up,0.7583548434477122
20260610_201428,169,1781104488359,10,up,0.920100565378057,logit_full,1,1,up,0.768510530248393
20260610_201428,170,1781104488461,10,up,0.920100565378057,logit_full,1,1,up,0.8007686472596921
20260610_201428,171,1781104488563,10,up,0.920100565378057,logit_full,1,1,up,0.819363525885504
20260610_201428,172,1781104488665,10,up,0.920100565378057,logit_full,1,1,up,0.8149779366332075
20260610_201428,173,1781104488767,10,up,1.5012167119321518,logit_full,1,1,up,0.8176254719741457
20260610_201428,174,1781104488869,10,up,1.5012167119321518,logit_full,1,1,up,0.8242221108095074
20260610_201428,175,1781104488971,10,up,1.5012167119321518,logit_full,1,1,up,0.8170750954745828
20260610_201428,176,1781104489073,10,up,1.5012167119321518,logit_full,1,1,up,0.8170507764010363
20260610_201428,177,1781104489175,10,up,0.5810626829449994,logit_full,1,1,up,0.8292913285017207
20260610_201428,178,1781104489277,10,up,0.5810626829449994,logit_full,1,1,up,0.6988831169576076
20260610_201428,179,1781104489379,10,up,0.5810626829449994,logit_full,1,1,up,0.6989063283656892
20260610_201428,180,1781104489481,10,up,0.5810626829449994,logit_full,1,1,up,0.8018893427843167
20260610_201428,181,1781104489583,10,up,0.5810626829449994,logit_full,1,1,up,0.7987908515074224
20260610_201428,182,1781104489685,10,up,0.5810626829449994,logit_full,1,1,up,0.8006464678537344
20260610_201428,211,1781104492645,10,down,-2.437093531938439,logit_full,0,1,up,0.7281118419967487
20260610_201428,212,1781104492747,10,down,-3.227938452897705,logit_full,0,1,up,0.6956981126940918
20260610_201428,213,1781104492849,10,down,-3.792827682154165,logit_full,0,1,up,0.6816380412973205
20260610_201428,214,1781104492951,10,down,-4.422275680470156,logit_full,0,1,up,0.7279871964447209
20260610_201428,215,1781104493053,10,down,-4.422275680470156,logit_full,0,1,up,0.732159546262117
20260610_201428,216,1781104493155,10,down,-4.422275680470156,logit_full,0,1,up,0.7415137983441853
20260610_201428,217,1781104493257,10,down,-4.422275680470156,logit_full,0,1,up,0.7430966071872952
20260610_201428,218,1781104493359,10,down,-4.422275680470156,logit_full,0,1,up,0.7467229991902226
20260610_201428,219,1781104493461,10,down,-4.422275680470156,logit_full,0,1,up,0.742294855660631
20260610_201428,220,1781104493563,10,down,-4.422275680470156,logit_full,0,1,up,0.8020291068290272
20260610_201428,221,1781104493665,10,down,-1.985666073925918,logit_full,0,0,down,0.18809788765139726
20260610_201428,222,1781104493767,10,down,-1.1947228767639206,logit_full,0,0,down,0.18745865816549015
20260610_201428,223,1781104493869,10,down,-0.6296868276778333,logit_full,0,0,down,0.23094760925614244
20260610_201428,237,1781104495301,10,down,-0.7266074777600995,logit_full,0,1,up,0.5202248959218583
20260610_201428,238,1781104495403,10,down,-0.7266074777600995,logit_full,0,1,up,0.5365962196856993
20260610_201428,239,1781104495505,10,down,-0.7266074777600995,logit_full,0,1,up,0.5203349027088047
20260610_201428,240,1781104495607,10,down,-0.7266074777600995,logit_full,0,1,up,0.5307658068165623
20260610_201428,241,1781104495709,10,down,-0.7266074777600995,logit_full,0,0,down,0.4140260058014406
20260610_201428,242,1781104495811,10,down,-0.7266074777600995,logit_full,0,0,down,0.3502452995135335
20260610_201428,243,1781104495913,10,down,-0.7266074777600995,logit_full,0,0,down,0.3897533727763216
20260610_201428,244,1781104496015,10,down,-0.7266074777600995,logit_full,0,0,down,0.32153030035982155
20260610_201428,245,1781104496117,10,down,-1.388627624162586,logit_full,0,0,down,0.2203941680778888
20260610_201428,246,1781104496219,10,down,-1.388627624162586,logit_full,0,0,down,0.16433941402271354
20260610_201428,247,1781104496321,10,down,-1.1303604315715532,logit_full,0,0,down,0.22650293884490114
20260610_201428,248,1781104496423,10,down,-1.1303604315715532,logit_full,0,0,down,0.20180170281714033
20260610_201428,249,1781104496525,10,down,-1.1303604315715532,logit_full,0,0,down,0.24388108483764676
20260610_201428,250,1781104496627,10,down,-1.1303604315715532,logit_full,0,0,down,0.21152902099888554
20260610_201428,251,1781104496729,10,down,-1.1303604315715532,logit_full,0,0,down,0.24230047443168332
20260610_201428,252,1781104496831,10,down,-1.1465084377371149,logit_full,0,0,down,0.19998071881381713
20260610_201428,253,1781104496933,10,down,-1.1465084377371149,logit_full,0,0,down,0.14307555553825185
20260610_201428,254,1781104497035,10,down,-1.1465084377371149,logit_full,0,0,down,0.1331707909432642
20260610_201428,255,1781104497137,10,down,-0.4844722603292162,logit_full,0,0,down,0.17836920807163584
20260610_201428,256,1781104497239,10,down,-0.4844722603292162,logit_full,0,0,down,0.17287955316064033
20260610_201428,257,1781104497341,10,down,-0.0161498316786357,logit_full,0,0,down,0.2041429592807775
20260610_201428,258,1781104497443,10,down,-0.0161498316786357,logit_full,0,0,down,0.18037394358253206
20260610_201428,259,1781104497545,10,down,-0.0161498316786357,logit_full,0,0,down,0.17981473117984728
20260610_201428,260,1781104497647,10,down,-0.0161498316786357,logit_full,0,0,down,0.20510187598402474
20260610_201428,261,1781104497749,10,down,-0.6944427621702332,logit_full,0,0,down,0.17603205949239742
20260610_201428,262,1781104497851,10,down,-0.6782940259264514,logit_full,0,0,down,0.1567022783076464
20260610_201428,263,1781104497953,10,down,-0.9043920345686018,logit_full,0,0,down,0.1546840752721746
20260610_201428,264,1781104498055,10,down,-1.1143401854485369,logit_full,0,0,down,0.1747331236743122
20260610_201428,265,1781104498157,10,down,-1.3565880518506823,logit_full,0,0,down,0.17944861565429118
20260610_201428,266,1781104498259,10,down,-1.3565880518506823,logit_full,0,0,down,0.19610689822206856
20260610_201428,267,1781104498361,10,down,-1.3565880518506823,logit_full,0,0,down,0.19971360787239592
20260610_201428,268,1781104498463,10,down,-1.3565880518506823,logit_full,0,0,down,0.20077150500963742
20260610_201428,269,1781104498565,10,down,-1.3565880518506823,logit_full,0,0,down,0.19106821980222444
20260610_201428,270,1781104498667,10,down,-1.3565880518506823,logit_full,0,0,down,0.18243380340167056
20260610_201428,271,1781104498769,10,down,-0.6783400373244763,logit_full,0,0,down,0.20822825558079527
20260610_201428,272,1781104498871,10,down,-0.6783400373244763,logit_full,0,0,down,0.17445981252519496
20260610_201428,273,1781104498973,10,down,-1.033684382238942,logit_full,0,0,down,0.1890709194604468
20260610_201428,274,1781104499075,10,down,-1.2436776355273516,logit_full,0,0,down,0.17011982020294542
20260610_201428,275,1781104499177,10,down,-1.8736376756234296,logit_full,0,0,down,0.2469326166109944
20260610_201428,276,1781104499279,10,down,-1.8736376756234296,logit_full,0,0,down,0.2500452492235667
20260610_201428,277,1781104499381,10,down,-1.8736376756234296,logit_full,0,0,down,0.2388746290758951
20260610_201428,278,1781104499483,10,down,-1.8736376756234296,logit_full,0,0,down,0.3102898417820403
20260610_201428,279,1781104499585,10,down,-1.8736376756234296,logit_full,0,0,down,0.3524099405057954
20260610_201428,280,1781104499687,10,down,-1.8736376756234296,logit_full,0,0,down,0.2609808815383163
20260610_201428,281,1781104499789,10,down,-2.471263485951392,logit_full,0,0,down,0.22784924565771988
20260610_201428,282,1781104499891,10,down,-2.471263485951392,logit_full,0,0,down,0.16679773167960993
20260610_201428,283,1781104499993,10,down,-1.889899617255608,logit_full,0,0,down,0.35512285094039003
20260610_201428,284,1781104500095,10,down,-1.4699836605658323,logit_full,0,0,down,0.19530561408602956
20260610_201428,289,1781104500605,10,down,-0.4684971983059949,logit_full,0,0,down,0.43367532573542283
20260610_201428,290,1781104500707,10,down,-0.5331175015210743,logit_full,0,0,down,0.3113436239398098
20260610_201428,291,1781104500809,10,up,0.0646241660451352,logit_full,1,0,down,0.18745624645294148
20260610_201428,292,1781104500911,10,up,0.0646241660451352,logit_full,1,0,down,0.16980658029467385
20260610_201428,293,1781104501013,10,up,0.0646241660451352,logit_full,1,0,down,0.23477516193708134
20260610_201428,294,1781104501115,10,up,0.0646241660451352,logit_full,1,1,up,0.5439799288404865
20260610_201428,295,1781104501217,10,down,-0.5331175015210743,logit_full,0,1,up,0.632151072906665
20260610_201428,296,1781104501319,10,down,-0.5331175015210743,logit_full,0,1,up,0.6351214468120672
20260610_201428,297,1781104501421,10,down,-0.5331175015210743,logit_full,0,1,up,0.5352467751743316
20260610_201428,298,1781104501523,10,down,-0.5331175015210743,logit_full,0,0,down,0.22161335501357474
20260610_201428,299,1781104501625,10,down,-0.0646233307999288,logit_full,0,0,down,0.24870418724171797
20260610_201428,315,1781104503257,10,down,-0.1292474968395129,logit_full,0,0,down,0.3315023280516956
20260610_201428,316,1781104503359,10,down,-0.5493018615676526,logit_full,0,0,down,0.39518847445894134
20260610_201428,317,1781104503461,10,down,-0.5493018615676526,logit_full,0,0,down,0.3690111309937487
20260610_201428,318,1781104503563,10,down,-0.5493018615676526,logit_full,0,0,down,0.34955566114373654
20260610_201428,319,1781104503665,10,down,-0.5493018615676526,logit_full,0,0,down,0.34648048263369174
20260610_201428,320,1781104503767,10,down,-0.5493018615676526,logit_full,0,0,down,0.28213027418870196
20260610_201428,321,1781104503869,10,down,-0.5493018615676526,logit_full,0,0,down,0.3428063328760226
20260610_201428,322,1781104503971,10,down,-0.5493018615676526,logit_full,0,0,down,0.25440695780737477
20260610_201428,323,1781104504073,10,down,-0.5493018615676526,logit_full,0,0,down,0.1630521154387693
20260610_201428,324,1781104504175,10,down,-0.5493018615676526,logit_full,0,0,down,0.1612296100067012
20260610_201428,325,1781104504277,10,down,-0.4200597938963657,logit_full,0,0,down,0.19785662018958855
20260610_201428,336,1781104505399,10,up,0.5331752118764577,logit_full,1,0,down,0.21273515762148432
20260610_201428,337,1781104505501,10,up,0.5331752118764577,logit_full,1,0,down,0.24378923450205967
20260610_201428,338,1781104505603,10,up,0.5331752118764577,logit_full,1,0,down,0.4192874790017902
20260610_201428,339,1781104505705,10,up,0.5331752118764577,logit_full,1,0,down,0.4220814660037299
20260610_201428,340,1781104505807,10,up,0.5331752118764577,logit_full,1,0,down,0.4225332789655298
20260610_201428,341,1781104505911,10,up,0.5331752118764577,logit_full,1,0,down,0.35790637566508154
20260610_201428,342,1781104506013,10,up,0.5331752118764577,logit_full,1,0,down,0.4128815900947358
20260610_201428,343,1781104506115,10,up,0.5331752118764577,logit_full,1,0,down,0.38391591191997126
20260610_201428,344,1781104506217,10,up,0.5331752118764577,logit_full,1,0,down,0.3737383625176383
20260610_201428,345,1781104506319,10,up,0.5331752118764577,logit_full,1,0,down,0.4320345513866741
20260610_201428,353,1781104507135,10,down,-0.5654587122239096,logit_full,0,0,down,0.35001843155603435
20260610_201428,354,1781104507237,10,down,-0.5654587122239096,logit_full,0,0,down,0.2927721033733778
20260610_201428,355,1781104507339,10,down,-0.5654587122239096,logit_full,0,0,down,0.3029309591334303
20260610_201428,356,1781104507441,10,down,-0.5654587122239096,logit_full,0,0,down,0.3000864572576557
20260610_201428,357,1781104507543,10,down,-0.5654587122239096,logit_full,0,0,down,0.3464984246085977
20260610_201428,358,1781104507645,10,down,-0.5654587122239096,logit_full,0,0,down,0.33637303030904875
20260610_201428,359,1781104507747,10,down,-0.5654587122239096,logit_full,0,0,down,0.17727236212868328
20260610_201428,360,1781104507849,10,down,-0.5654587122239096,logit_full,0,0,down,0.19457919480971758
20260610_201428,361,1781104507951,10,down,-0.5654587122239096,logit_full,0,0,down,0.20170133156260261
20260610_201428,362,1781104508053,10,down,-0.5654587122239096,logit_full,0,0,down,0.19113229517293992
20260610_201428,383,1781104510195,10,up,0.5493338115769575,logit_full,1,0,down,0.4380552951168584
20260610_201428,384,1781104510297,10,up,0.5493338115769575,logit_full,1,0,down,0.45113638701802744
20260610_201428,385,1781104510399,10,up,0.5493338115769575,logit_full,1,1,up,0.7701923680120821
20260610_201428,386,1781104510501,10,up,0.5493338115769575,logit_full,1,1,up,0.6890991263573922
20260610_201428,387,1781104510603,10,up,0.4523925507093906,logit_full,1,1,up,0.691548453854419
20260610_201428,388,1781104510705,10,up,0.3069806594102608,logit_full,1,1,up,0.7027784456078907
20260610_201428,389,1781104510807,10,up,0.3069806594102608,logit_full,1,1,up,0.6991690772170811
20260610_201428,390,1781104510909,10,up,0.0161568768097808,logit_full,1,1,up,0.8096358069260053
20260610_201428,391,1781104511011,10,down,-0.0646275072446744,logit_full,0,1,up,0.829325658510927
20260610_201428,392,1781104511113,10,down,-0.5008631811431741,logit_full,0,1,up,0.8227921513637586
20260610_201428,393,1781104511215,10,down,-1.37325909117747,logit_full,0,1,up,0.8608697826991437
20260610_201428,394,1781104511317,10,down,-1.37325909117747,logit_full,0,1,up,0.6459289094167476
20260610_201428,395,1781104511419,10,down,-2.124512593997263,logit_full,0,1,up,0.6386158716113834
20260610_201428,396,1781104511521,10,down,-3.053481979206074,logit_full,0,0,down,0.41437250083881066
20260610_201428,397,1781104511623,10,down,-2.956574703191217,logit_full,0,0,down,0.21221438783324348
20260610_201428,398,1781104511725,10,down,-2.8112102664112903,logit_full,0,0,down,0.311160604807315
20260610_201428,399,1781104511827,10,down,-2.8112102664112903,logit_full,0,0,down,0.25525011445147167
20260610_201428,400,1781104511929,10,down,-2.520468710238699,logit_full,0,0,down,0.21276786501942474
20260610_201428,401,1781104512031,10,down,-2.4397041656731844,logit_full,0,0,down,0.15798120446127165
20260610_201428,402,1781104512133,10,down,-2.003553075171638,logit_full,0,0,down,0.14071251773141297
20260610_201428,403,1781104512235,10,down,-1.276498451640018,logit_full,0,0,down,0.14836743610704042
20260610_201428,404,1781104512337,10,down,-1.276498451640018,logit_full,0,0,down,0.1458287172088399
20260610_201428,405,1781104512439,10,down,-0.5251812279216672,logit_full,0,0,down,0.08930583984554744
20260610_201428,406,1781104512541,10,up,0.4040231004243111,logit_full,1,0,down,0.25951758003923125
20260610_201428,407,1781104512643,10,up,0.4040231004243111,logit_full,1,0,down,0.2660110967269245
20260610_201428,408,1781104512745,10,up,0.4040231004243111,logit_full,1,1,up,0.6880550576674126
20260610_201428,409,1781104512847,10,up,0.4040231004243111,logit_full,1,1,up,0.6788727398823049
20260610_201428,410,1781104512949,10,up,0.4040231004243111,logit_full,1,1,up,0.6936148178202234
20260610_201428,411,1781104513051,10,up,0.0323218480335896,logit_full,1,1,up,0.7192877757956317
20260610_201428,412,1781104513153,10,up,0.0323218480335896,logit_full,1,0,down,0.3568513341016527
20260610_201428,413,1781104513255,10,down,-1.1312189773293737,logit_full,0,1,up,0.8845247245736985
20260610_201428,414,1781104513357,10,down,-2.0846749725078606,logit_full,0,1,up,0.8326257517173069
20260610_201428,415,1781104513459,10,down,-2.0846749725078606,logit_full,0,1,up,0.7555074731784269
20260610_201428,416,1781104513561,10,down,-2.1169955147160024,logit_full,0,1,up,0.7137728435017521
20260610_201428,417,1781104513663,10,down,-2.1169955147160024,logit_full,0,1,up,0.7100310658196904
20260610_201428,418,1781104513765,10,down,-2.1169955147160024,logit_full,0,1,up,0.7827336324915184
20260610_201428,419,1781104513867,10,down,-2.1169955147160024,logit_full,0,1,up,0.688876953503799
20260610_201428,420,1781104513969,10,down,-2.1169955147160024,logit_full,0,0,down,0.16088156168145282
20260610_201428,421,1781104514071,10,down,-1.7453741524631194,logit_full,0,0,down,0.23378468943204167
20260610_201428,422,1781104514173,10,down,-1.7453741524631194,logit_full,0,0,down,0.15960585044591308
20260610_201428,423,1781104514275,10,down,-1.9556140264398447,logit_full,0,0,down,0.2518811966828214
20260610_201428,424,1781104514377,10,down,-1.0829639267939672,logit_full,0,0,down,0.15615945515222207
20260610_201428,425,1781104514479,10,down,-1.0829639267939672,logit_full,0,0,down,0.14220393127697967
20260610_201428,426,1781104514581,10,down,-1.050640041831974,logit_full,0,0,down,0.2565458790139908
20260610_201428,427,1781104514683,10,down,-1.050640041831974,logit_full,0,1,up,0.8052887036565104
20260610_201428,428,1781104514785,10,down,-1.050640041831974,logit_full,0,1,up,0.7808090215811773
20260610_201428,429,1781104514887,10,down,-1.050640041831974,logit_full,0,1,up,0.7423838805372401
20260610_201428,430,1781104514989,10,down,-0.2747827801719005,logit_full,0,1,up,0.7296172600602593
20260610_201428,431,1781104515091,10,down,-0.2747827801719005,logit_full,0,1,up,0.6391440491020265
20260610_201428,432,1781104515193,10,down,-0.2747827801719005,logit_full,0,0,down,0.20237194002379624
20260610_201428,433,1781104515295,10,up,0.6951062098026206,logit_full,1,0,down,0.1728409416407369
20260610_201428,434,1781104515397,10,up,0.7759387848960131,logit_full,1,0,down,0.2971507206401902
20260610_201428,435,1781104515499,10,up,0.7759387848960131,logit_full,1,0,down,0.3873114338439649
20260610_201428,436,1781104515601,10,up,0.7759387848960131,logit_full,1,0,down,0.38126915524498234
20260610_201428,437,1781104515703,10,up,0.7759387848960131,logit_full,1,0,down,0.3937343276970863
20260610_201428,438,1781104515805,10,up,0.7759387848960131,logit_full,1,0,down,0.4003872118924837
20260610_201428,439,1781104515907,10,up,0.7759387848960131,logit_full,1,1,up,0.8377990783370671
20260610_201428,447,1781104516725,10,up,1.163817872202877,logit_full,1,0,down,0.3537231739880505
20260610_201428,448,1781104516827,10,up,1.163817872202877,logit_full,1,0,down,0.4634257864865743
20260610_201428,449,1781104516929,10,up,1.163817872202877,logit_full,1,0,down,0.4615322240709605
20260610_201428,450,1781104517031,10,up,1.163817872202877,logit_full,1,0,down,0.4933413363301563
20260610_201428,451,1781104517133,10,up,1.163817872202877,logit_full,1,0,down,0.27167707863937396
20260610_201428,452,1781104517235,10,up,1.163817872202877,logit_full,1,0,down,0.3054222944490867
20260610_201428,453,1781104517337,10,up,1.6487419856203722,logit_full,1,0,down,0.4684147107472354
20260610_201428,454,1781104517439,10,up,1.6487419856203722,logit_full,1,1,up,0.7155289685083819
20260610_201428,455,1781104517541,10,up,1.6487419856203722,logit_full,1,1,up,0.5955545978006385
20260610_201428,456,1781104517643,10,up,2.7963957207077783,logit_full,1,1,up,0.8130790414621415
20260610_201428,457,1781104517745,10,up,2.2627158570309724,logit_full,1,1,up,0.5242970813403035
20260610_201428,458,1781104517847,10,up,2.2627158570309724,logit_full,1,0,down,0.3574867980464671
20260610_201428,459,1781104517949,10,up,2.2627158570309724,logit_full,1,0,down,0.23839179347383924
20260610_201428,460,1781104518051,10,up,2.2627158570309724,logit_full,1,0,down,0.2871375756383753
20260610_201428,461,1781104518153,10,up,1.389954026462803,logit_full,1,0,down,0.4262588245452786
20260610_201428,462,1781104518255,10,up,0.339407378555645,logit_full,1,0,down,0.43091140425403834
20260610_201428,463,1781104518357,10,down,-0.1454532525368979,logit_full,0,1,up,0.8122572080568419
20260610_201428,464,1781104518459,10,down,-0.1454532525368979,logit_full,0,1,up,0.7670391721374156
20260610_201428,465,1781104518561,10,down,-0.1454532525368979,logit_full,0,1,up,0.8354702759843964
20260610_201428,466,1781104518663,10,down,-1.292769459614318,logit_full,0,1,up,0.8501274874958185
20260610_201428,467,1781104518765,10,down,-1.92287338686703,logit_full,0,1,up,0.6688095773832051
20260610_201428,468,1781104518867,10,down,-1.92287338686703,logit_full,0,1,up,0.7773341129669435
20260610_201428,469,1781104518969,10,down,-1.92287338686703,logit_full,0,1,up,0.5292981695844057
20260610_201428,470,1781104519071,10,down,-1.92287338686703,logit_full,0,0,down,0.17995859035091602
20260610_201428,471,1781104519173,10,down,-1.0504006470468674,logit_full,0,0,down,0.17842441961567676
20260610_201428,479,1781104519989,10,down,-0.4848512274413519,logit_full,0,1,up,0.519322114110202
20260610_201428,480,1781104520091,10,down,-0.7434385487425921,logit_full,0,0,down,0.49047564661793863
20260610_201428,481,1781104520193,10,down,-0.7434385487425921,logit_full,0,1,up,0.5029228797591495
20260610_201428,482,1781104520295,10,down,-0.7434385487425921,logit_full,0,1,up,0.5294276472477175
20260610_201428,483,1781104520397,10,down,-0.7434385487425921,logit_full,0,1,up,0.5203986825684884
20260610_201428,484,1781104520499,10,down,-0.7434385487425921,logit_full,0,1,up,0.5156436083561505
20260610_201428,485,1781104520601,10,down,-0.7434385487425921,logit_full,0,1,up,0.5111070308960476
20260610_201428,486,1781104520703,10,down,-0.7434385487425921,logit_full,0,1,up,0.5193536565939272
20260610_201428,487,1781104520805,10,down,-0.7434385487425921,logit_full,0,0,down,0.48932463076287913
20260610_201428,488,1781104520907,10,down,-0.7434385487425921,logit_full,0,0,down,0.18514998763108795
20260610_201428,489,1781104521009,10,down,-0.2585998595472372,logit_full,0,0,down,0.16161969031857237
20260610_201428,493,1781104521417,10,down,-0.0161629091954829,logit_full,0,0,down,0.4278810697750107
20260610_201428,494,1781104521519,10,down,-0.7434938229411436,logit_full,0,0,down,0.4029086395292995
20260610_201428,495,1781104521621,10,down,-0.7434938229411436,logit_full,0,0,down,0.27998766532318436
20260610_201428,496,1781104521723,10,down,-0.7434938229411436,logit_full,0,0,down,0.4409371447743603
20260610_201428,497,1781104521825,10,down,-0.7434938229411436,logit_full,0,0,down,0.41330763367309026
20260610_201428,498,1781104521927,10,down,-0.7434938229411436,logit_full,0,0,down,0.4549198865292166
20260610_201428,499,1781104522029,10,down,-1.0990778252162323,logit_full,0,0,down,0.47309604086614865
20260610_201428,500,1781104522131,10,down,-1.0990778252162323,logit_full,0,0,down,0.2808361355683482
20260610_201428,501,1781104522233,10,down,-1.131403643604978,logit_full,0,0,down,0.18721400401466454
20260610_201428,502,1781104522335,10,down,-1.131403643604978,logit_full,0,0,down,0.18403252987174434
20260610_201428,503,1781104522437,10,down,-1.1152425369653771,logit_full,0,0,down,0.1437823108674534
20260610_201428,504,1781104522539,10,down,-0.3879386636640447,logit_full,0,0,down,0.1598710965998383
20260610_201428,505,1781104522641,10,down,-0.3879386636640447,logit_full,0,0,down,0.16223934948931748
20260610_201428,506,1781104522743,10,down,-0.3879386636640447,logit_full,0,0,down,0.1592264676535278
20260610_201428,507,1781104522845,10,down,-0.3879386636640447,logit_full,0,0,down,0.16087932581302083
20260610_201428,508,1781104522947,10,down,-0.8243696602872053,logit_full,0,0,down,0.16083860664160193
20260610_201428,509,1781104523049,10,down,-0.4687758887544913,logit_full,0,0,down,0.18289472646194227
20260610_201428,510,1781104523151,10,down,-0.4687758887544913,logit_full,0,0,down,0.18054051968100066
20260610_201428,511,1781104523253,10,down,-0.8728958562509437,logit_full,0,0,down,0.16760723310486736
20260610_201428,512,1781104523355,10,down,-0.8728958562509437,logit_full,0,0,down,0.16743676664716808
20260610_201428,513,1781104523457,10,down,-0.8728958562509437,logit_full,0,0,down,0.172737599351667
20260610_201428,514,1781104523559,10,down,-0.8728958562509437,logit_full,0,0,down,0.17007899091408768
20260610_201428,515,1781104523661,10,down,-0.8728958562509437,logit_full,0,0,down,0.181707450405088
20260610_201428,516,1781104523763,10,down,-0.8728958562509437,logit_full,0,0,down,0.16190415677503028
20260610_201428,517,1781104523865,10,down,-0.8728958562509437,logit_full,0,0,down,0.15735590197108176
20260610_201428,518,1781104523967,10,down,-0.4364669776357743,logit_full,0,0,down,0.3910261511733886
20260610_201428,519,1781104524069,10,down,-0.4364669776357743,logit_full,0,0,down,0.333560611019302
20260610_201428,520,1781104524171,10,down,-0.4364669776357743,logit_full,0,0,down,0.2933698615503764
20260610_201428,553,1781104527539,10,up,0.7436428638984971,logit_full,1,0,down,0.29368819329211693
20260610_201428,554,1781104527641,10,up,0.7436428638984971,logit_full,1,0,down,0.31919982309570105
20260610_201428,555,1781104527743,10,up,0.7436428638984971,logit_full,1,0,down,0.3207159521257345
20260610_201428,556,1781104527845,10,up,0.7436428638984971,logit_full,1,0,down,0.3250311730518411
20260610_201428,557,1781104527947,10,up,0.7436428638984971,logit_full,1,0,down,0.3198325296009665
20260610_201428,558,1781104528049,10,up,0.7436428638984971,logit_full,1,0,down,0.2836210034832649
20260610_201428,559,1781104528151,10,up,0.7436428638984971,logit_full,1,0,down,0.28411253351061233
20260610_201428,560,1781104528253,10,up,0.7436428638984971,logit_full,1,0,down,0.2872615914348386
20260610_201605,1,1781104567835,10,down,-1.4071556289863008,logit_full,0,0,down,0.14903933301838632
20260610_201605,2,1781104567937,10,down,-1.11605247387625,logit_full,0,0,down,0.2259107417229712
20260610_201605,3,1781104568039,10,down,-1.11605247387625,logit_full,0,0,down,0.1868603718983582
20260610_201605,4,1781104568141,10,up,0.4448081987051822,logit_full,1,0,down,0.11554255815312688
20260610_201605,5,1781104568243,10,up,0.9543643973564108,logit_full,1,0,down,0.2581246123386474
20260610_201605,6,1781104568345,10,up,1.1727359120050629,logit_full,1,0,down,0.25585846206269636
20260610_201605,7,1781104568447,10,up,1.714620781689824,logit_full,1,0,down,0.237680511160824
20260610_201605,8,1781104568549,10,up,1.9168538362546168,logit_full,1,0,down,0.176345479856225
20260610_201605,9,1781104568651,10,up,3.251656363014721,logit_full,1,0,down,0.1601890605494191
20260610_201605,10,1781104568753,10,up,2.68529549978469,logit_full,1,1,up,0.6735654472727425
20260610_201605,11,1781104568855,10,up,2.68529549978469,logit_full,1,1,up,0.6576146084644207
20260610_201605,12,1781104568957,10,up,2.68529549978469,logit_full,1,1,up,0.6538678602730305
20260610_201605,13,1781104569059,10,up,3.057354514814925,logit_full,1,1,up,0.652302798285094
20260610_201605,14,1781104569161,10,up,1.6012382909447176,logit_full,1,1,up,0.8796980679008519
20260610_201605,15,1781104569263,10,up,1.6012382909447176,logit_full,1,1,up,0.797880131867302
20260610_201605,16,1781104569365,10,up,1.382857420122452,logit_full,1,1,up,0.8250821538729762
20260610_201605,17,1781104569467,10,up,0.8409905251105521,logit_full,1,1,up,0.7039929673680484
20260610_201605,18,1781104569569,10,up,0.8329034042309225,logit_full,1,1,up,0.867559750834106
20260610_201605,19,1781104569671,10,up,0.3719591330120231,logit_full,1,1,up,0.8460022042894243
20260610_201605,20,1781104569773,10,up,0.3719591330120231,logit_full,1,1,up,0.8142853942325731
20260610_201605,21,1781104569875,10,up,0.3719591330120231,logit_full,1,1,up,0.7358924236049423
20260610_201605,22,1781104569977,10,up,1.229082352560695,logit_full,1,1,up,0.7252566926754016
20260610_201605,23,1781104570079,10,up,0.8570913392524915,logit_full,1,1,up,0.6532124093733478
20260610_201605,24,1781104570181,10,up,0.8570913392524915,logit_full,1,1,up,0.7960971866894829
20260610_201605,25,1781104570283,10,up,2.3448725319208386,logit_full,1,1,up,0.7788409415934098
20260610_201605,26,1781104570385,10,up,3.8407394919381934,logit_full,1,1,up,0.7764978819684091
20260610_201605,27,1781104570487,10,up,5.182976872279976,logit_full,1,1,up,0.8495950530388603
20260610_201605,28,1781104570589,10,up,5.595351007203764,logit_full,1,1,up,0.8417065216365694
20260610_201605,29,1781104570691,10,up,5.934953235964269,logit_full,1,1,up,0.8377318287984449
20260610_201605,30,1781104570793,10,up,5.934953235964269,logit_full,1,1,up,0.8412055445983824
20260610_201605,31,1781104570895,10,up,5.934953235964269,logit_full,1,1,up,0.8106227594284086
20260610_201605,32,1781104570997,10,up,5.077426714865663,logit_full,1,1,up,0.676662727900409
20260610_201605,33,1781104571099,10,up,5.077426714865663,logit_full,1,1,up,0.6844566797689331
20260610_201605,34,1781104571201,10,up,5.077426714865663,logit_full,1,1,up,0.8360284260917153
20260610_201605,35,1781104571303,10,up,3.5892390732317203,logit_full,1,1,up,0.7661476276352401
20260610_201605,36,1781104571405,10,up,2.0934097198876955,logit_full,1,1,up,0.974551121234761
20260610_201605,37,1781104571507,10,up,0.7515868179752694,logit_full,1,1,up,0.7933444339883211
20260610_201605,38,1781104571609,10,up,0.3394123156574835,logit_full,1,1,up,0.811171956950525
20260610_201605,43,1781104572119,10,up,0.8727449039369617,logit_full,1,1,up,0.7547427729417944
20260610_201605,44,1781104572221,10,up,1.5030606678934078,logit_full,1,1,up,0.7438045831438113
20260610_201605,45,1781104572323,10,up,1.5030606678934078,logit_full,1,1,up,0.7113953379235464
20260610_201605,46,1781104572425,10,up,1.5030606678934078,logit_full,1,1,up,0.5623865665953045
20260610_201605,47,1781104572527,10,up,1.5030606678934078,logit_full,1,0,down,0.36902514964427746
20260610_201605,48,1781104572629,10,up,1.5030606678934078,logit_full,1,0,down,0.3646260922750028
20260610_201605,49,1781104572731,10,up,1.2767934705748551,logit_full,1,0,down,0.463436050199104
20260610_201605,50,1781104572833,10,up,1.1313359865861017,logit_full,1,0,down,0.3623467730039629
20260610_201605,51,1781104572935,10,up,1.1313359865861017,logit_full,1,0,down,0.4251934233374487
20260610_201605,52,1781104573037,10,up,1.1313359865861017,logit_full,1,1,up,0.5868493646452567
20260610_201605,53,1781104573139,10,up,0.2585685162115325,logit_full,1,1,up,0.7388231882083577
20260610_201605,54,1781104573241,10,down,-0.3716688172294979,logit_full,0,1,up,0.860114245199944
20260610_201605,55,1781104573343,10,down,-0.3716688172294979,logit_full,0,1,up,0.8461191777398853
20260610_201605,56,1781104573445,10,down,-0.3716688172294979,logit_full,0,1,up,0.7050581291826259
20260610_201605,57,1781104573547,10,down,-0.3716688172294979,logit_full,0,0,down,0.2623326609938129
20260610_201605,58,1781104573649,10,down,-0.3716688172294979,logit_full,0,0,down,0.2716624349649127
20260610_201605,59,1781104573751,10,down,-0.1454389144439627,logit_full,0,0,down,0.19921306110525466
20260610_201605,63,1781104574159,10,up,0.597924233303182,logit_full,1,1,up,0.5571069786058072
20260610_201605,64,1781104574261,10,up,1.2928091530883812,logit_full,1,1,up,0.5594666430676895
20260610_201605,65,1781104574363,10,up,1.2928091530883812,logit_full,1,1,up,0.5540982871974321
20260610_201605,66,1781104574465,10,up,1.2928091530883812,logit_full,1,1,up,0.6028470080144046
20260610_201605,67,1781104574567,10,up,1.2928091530883812,logit_full,1,1,up,0.8035324972294869
20260610_201605,68,1781104574669,10,up,1.2928091530883812,logit_full,1,1,up,0.7396835259260776
20260610_201605,69,1781104574771,10,up,1.2928091530883812,logit_full,1,1,up,0.6943182613654294
20260610_201605,70,1781104574873,10,up,1.2928091530883812,logit_full,1,1,up,0.7581940958957282
20260610_201605,71,1781104574975,10,up,1.2928091530883812,logit_full,1,1,up,0.7116216068048908
20260610_201605,72,1781104575077,10,up,1.2928091530883812,logit_full,1,1,up,0.7863430091747455
20260610_201605,73,1781104575179,10,up,0.6948433734166315,logit_full,1,1,up,0.750854585171834
20260610_201605,96,1781104577525,10,down,-1.1795358607180615,logit_full,0,1,up,0.8234901429849659
20260610_201605,97,1781104577627,10,down,-1.1795358607180615,logit_full,0,1,up,0.7381557832673896
20260610_201605,98,1781104577729,10,down,-1.1795358607180615,logit_full,0,1,up,0.7998836674807187
20260610_201605,99,1781104577831,10,down,-1.1795358607180615,logit_full,0,1,up,0.7393555220563844
20260610_201605,100,1781104577933,10,down,-1.1795358607180615,logit_full,0,1,up,0.7256759269838164
20260610_201605,101,1781104578035,10,down,-1.1795358607180615,logit_full,0,1,up,0.613398710111086
20260610_201605,102,1781104578137,10,down,-1.1795358607180615,logit_full,0,0,down,0.4745878319352172
20260610_201605,103,1781104578239,10,down,-1.1795358607180615,logit_full,0,0,down,0.4538263265493032
20260610_201605,104,1781104578341,10,down,-1.1795358607180615,logit_full,0,0,down,0.3613720101456656
20260610_201605,105,1781104578443,10,down,-1.1795358607180615,logit_full,0,0,down,0.18726419511530545
20260610_201605,107,1781104578647,10,down,-1.0342356231141103,logit_full,0,0,down,0.4061215872402093
20260610_201605,108,1781104578749,10,down,-1.632153092727684,logit_full,0,0,down,0.285073198919012
20260610_201605,109,1781104578851,10,down,-1.632153092727684,logit_full,0,0,down,0.24493322334193066
20260610_201605,110,1781104578953,10,down,-1.632153092727684,logit_full,0,0,down,0.24484956326521964
20260610_201605,111,1781104579055,10,down,-1.632153092727684,logit_full,0,0,down,0.27303036874703535
20260610_201605,112,1781104579157,10,down,-2.246230493951895,logit_full,0,0,down,0.31774445165753973
20260610_201605,113,1781104579259,10,down,-2.391669878452074,logit_full,0,0,down,0.2652301325758011
20260610_201605,114,1781104579361,10,down,-2.391669878452074,logit_full,0,0,down,0.25762245722375177
20260610_201605,115,1781104579463,10,down,-2.391669878452074,logit_full,0,0,down,0.25314406033977743
20260610_201605,116,1781104579565,10,down,-2.391669878452074,logit_full,0,0,down,0.31379598782404794
20260610_201605,117,1781104579667,10,down,-1.842422753598472,logit_full,0,0,down,0.457911141015408
20260610_201605,118,1781104579769,10,down,-1.244517858426386,logit_full,0,0,down,0.23684372668369955
20260610_201605,119,1781104579871,10,down,-1.244517858426386,logit_full,0,0,down,0.4826675082514681
20260610_201605,120,1781104579973,10,down,-0.2909262526185063,logit_full,0,1,up,0.7525856945433309
20260610_201605,121,1781104580075,10,down,-0.2909262526185063,logit_full,0,1,up,0.7284141631245725
20260610_201605,122,1781104580177,10,up,1.002140863828327,logit_full,1,0,down,0.18981075666437452
20260610_201605,123,1781104580279,10,up,1.1476296195112037,logit_full,1,0,down,0.19743611601273348
20260610_201605,124,1781104580381,10,up,1.1476296195112037,logit_full,1,0,down,0.18940464751766256
20260610_201605,125,1781104580483,10,up,0.7596984805213758,logit_full,1,0,down,0.24060535882563822
20260610_201605,126,1781104580585,10,up,0.7596984805213758,logit_full,1,0,down,0.15848150754707346
20260610_201605,127,1781104580687,10,up,1.2446727601744811,logit_full,1,0,down,0.30351877739143096
20260610_201605,128,1781104580789,10,up,1.2446727601744811,logit_full,1,0,down,0.29854779482747934
20260610_201605,129,1781104580891,10,up,1.2446727601744811,logit_full,1,0,down,0.3012478788120043
20260610_201605,130,1781104580993,10,up,0.2909347166735188,logit_full,1,1,up,0.8199255132279899
20260610_201605,131,1781104581095,10,up,0.2909347166735188,logit_full,1,1,up,0.8664194672551776
20260610_201605,132,1781104581197,10,down,-0.3878866239725997,logit_full,0,1,up,0.5753221686597303
20260610_201605,133,1781104581299,10,down,-0.3878866239725997,logit_full,0,0,down,0.4723225767704364
20260610_201605,134,1781104581401,10,up,0.8161781046078787,logit_full,1,0,down,0.36616788371821607
20260610_201605,135,1781104581503,10,up,1.212192719246552,logit_full,1,0,down,0.23975704321541372
20260610_201605,136,1781104581605,10,up,1.212192719246552,logit_full,1,0,down,0.33648792854358034
20260610_201605,137,1781104581707,10,up,1.212192719246552,logit_full,1,0,down,0.33416775106765667
20260610_201605,138,1781104581809,10,up,1.212192719246552,logit_full,1,0,down,0.27345695622574945
20260610_201605,139,1781104581911,10,up,1.212192719246552,logit_full,1,0,down,0.15329262513673558
20260610_201605,140,1781104582013,10,up,1.212192719246552,logit_full,1,1,up,0.8385325431539447
20260610_201605,141,1781104582115,10,up,1.212192719246552,logit_full,1,1,up,0.8100935337680495
20260610_201605,142,1781104582217,10,up,2.06880890751604,logit_full,1,1,up,0.7814362706900244
20260610_201605,143,1781104582319,10,up,2.06880890751604,logit_full,1,1,up,0.7031703304968848
20260610_201605,144,1781104582421,10,up,0.864593366387556,logit_full,1,1,up,0.8975968488279404
20260610_201605,145,1781104582523,10,up,0.8565123624637572,logit_full,1,1,up,0.6744622167663205
20260610_201605,146,1781104582625,10,up,1.5999004506395131,logit_full,1,0,down,0.425649183255437
20260610_201605,147,1781104582727,10,up,1.7938277779894207,logit_full,1,0,down,0.38593437748214837
20260610_201605,148,1781104582829,10,up,2.246324875139205,logit_full,1,0,down,0.4698277589640932
20260610_201605,149,1781104582931,10,up,2.246324875139205,logit_full,1,0,down,0.48763103827467985
20260610_201605,150,1781104583033,10,up,2.246324875139205,logit_full,1,0,down,0.48423189016342255
20260610_201605,151,1781104583135,10,up,2.246324875139205,logit_full,1,1,up,0.7800112324876725
20260610_201605,152,1781104583237,10,up,1.3896934837109851,logit_full,1,1,up,0.5982159726713734
20260610_201605,153,1781104583339,10,up,1.3896934837109851,logit_full,1,1,up,0.5907392353905366
20260610_201605,154,1781104583441,10,up,1.3896934837109851,logit_full,1,1,up,0.587183994950409
20260610_201605,155,1781104583543,10,up,1.7451964679149334,logit_full,1,1,up,0.8090015247363531
20260610_201605,156,1781104583645,10,up,1.001797580335584,logit_full,1,1,up,0.8020119397706659
20260610_201605,157,1781104583747,10,up,0.8078856098614473,logit_full,1,1,up,0.8327461151379598
20260610_201605,158,1781104583849,10,up,0.3554535870509134,logit_full,1,1,up,0.762328933832185
20260610_201605,159,1781104583951,10,up,0.3554535870509134,logit_full,1,1,up,0.7555885030703123
20260610_201605,160,1781104584053,10,up,0.3554535870509134,logit_full,1,1,up,0.780549769958341
20260610_201605,161,1781104584155,10,up,0.3554535870509134,logit_full,1,1,up,0.7800021423043506
20260610_201605,162,1781104584257,10,up,0.3554535870509134,logit_full,1,1,up,0.780888325922918
20260610_201605,163,1781104584359,10,up,0.3554535870509134,logit_full,1,1,up,0.7810769027177175
20260610_201605,164,1781104584461,10,up,0.3554535870509134,logit_full,1,1,up,0.8427796507054826
20260610_201605,165,1781104584563,10,up,0.4846922083312499,logit_full,1,1,up,0.8152913499779871
20260610_201605,166,1781104584665,10,up,0.4846922083312499,logit_full,1,1,up,0.8194018652333642
20260610_201605,167,1781104584767,10,up,0.9047587888844076,logit_full,1,1,up,0.7986247515326598
20260610_201605,168,1781104584869,10,up,0.9047587888844076,logit_full,1,1,up,0.7936842098910672
20260610_201605,169,1781104584971,10,up,0.9047587888844076,logit_full,1,1,up,0.8049669069324068
20260610_201605,170,1781104585073,10,up,0.9047587888844076,logit_full,1,1,up,0.8087200156780591
20260610_201605,171,1781104585175,10,up,0.9047587888844076,logit_full,1,1,up,0.8153643513427625
20260610_201605,172,1781104585277,10,up,0.9047587888844076,logit_full,1,1,up,0.5759553683413356
20260610_201605,173,1781104585379,10,up,0.9047587888844076,logit_full,1,1,up,0.5874867312539577
20260610_201605,174,1781104585481,10,up,0.9047587888844076,logit_full,1,1,up,0.5516790749806566
20260610_201605,175,1781104585583,10,up,0.4200462212411437,logit_full,1,1,up,0.7636073084831162
20260610_201605,176,1781104585685,10,up,0.4200462212411437,logit_full,1,1,up,0.7301914334171749
20260610_201605,187,1781104586807,10,down,-0.5654230859020171,logit_full,0,1,up,0.7731638505485047
20260610_201605,188,1781104586909,10,down,-1.4862549686556203,logit_full,0,1,up,0.7816167184185261
20260610_201605,189,1781104587011,10,down,-1.4862549686556203,logit_full,0,1,up,0.782039018078013
20260610_201605,190,1781104587113,10,down,-1.4862549686556203,logit_full,0,1,up,0.7819134741851387
20260610_201605,191,1781104587215,10,down,-1.4862549686556203,logit_full,0,1,up,0.7342036946726683
20260610_201605,192,1781104587317,10,down,-1.0177615546236307,logit_full,0,1,up,0.7341750008354679
20260610_201605,193,1781104587419,10,down,-1.0177615546236307,logit_full,0,1,up,0.7788157975553327
20260610_201605,194,1781104587521,10,down,-1.0177615546236307,logit_full,0,1,up,0.7314182783369009
20260610_201605,195,1781104587623,10,down,-1.0177615546236307,logit_full,0,1,up,0.6920610263550948
20260610_201605,196,1781104587725,10,down,-1.0177615546236307,logit_full,0,1,up,0.5983211592505249
20260610_201605,197,1781104587827,10,down,-0.4523640464293432,logit_full,0,0,down,0.18797010343102982
20260610_201605,198,1781104587929,10,up,0.4685630544498664,logit_full,1,0,down,0.3141664591792862
20260610_201605,199,1781104588031,10,up,0.4685630544498664,logit_full,1,0,down,0.3747387301089704
20260610_201605,200,1781104588133,10,up,0.4685630544498664,logit_full,1,1,up,0.623977685649598
20260610_201605,201,1781104588235,10,up,0.4685630544498664,logit_full,1,1,up,0.6173369861646731
20260610_201605,213,1781104589459,10,up,1.017865149024466,logit_full,1,1,up,0.7555681606768421
20260610_201605,214,1781104589561,10,up,1.51871942870363,logit_full,1,1,up,0.8025328538302424
20260610_201605,215,1781104589663,10,up,1.51871942870363,logit_full,1,1,up,0.8030919896364882
20260610_201605,216,1781104589765,10,up,1.7610682737090322,logit_full,1,1,up,0.7889505811907438
20260610_201605,217,1781104589867,10,up,1.825694632378028,logit_full,1,1,up,0.8276937084501595
20260610_201605,218,1781104589969,10,up,1.825694632378028,logit_full,1,1,up,0.8196904192108211
20260610_201605,219,1781104590071,10,up,1.3086837630305048,logit_full,1,1,up,0.7698632788632277
20260610_201605,220,1781104590173,10,up,0.3554449726750341,logit_full,1,1,up,0.7796940381203833
20260610_201605,221,1781104590275,10,up,0.3554449726750341,logit_full,1,1,up,0.7831390839007439
20260610_201605,222,1781104590377,10,up,0.3554449726750341,logit_full,1,1,up,0.7902760043162123
20260610_201605,223,1781104590479,10,down,-0.6623527577709343,logit_full,0,1,up,0.8850536846638083
20260610_201605,224,1781104590581,10,down,-1.4538722676282756,logit_full,0,1,up,0.8570338540108968
20260610_201605,225,1781104590683,10,down,-1.4538722676282756,logit_full,0,1,up,0.5903568124590057
20260610_201605,226,1781104590785,10,down,-1.6961432126405551,logit_full,0,1,up,0.8267032205743363
20260610_201605,227,1781104590887,10,down,-1.7607468151081829,logit_full,0,1,up,0.7396895416997828
20260610_201605,228,1781104590989,10,down,-1.7607468151081829,logit_full,0,1,up,0.5023754957161948
20260610_201605,229,1781104591091,10,down,-1.2438946178938703,logit_full,0,0,down,0.160269303077433
20260610_201605,230,1781104591193,10,down,-0.2908082773722675,logit_full,0,0,down,0.40049057996212983
20260610_201605,231,1781104591295,10,down,-0.2908082773722675,logit_full,0,0,down,0.39916611028502613
20260610_201605,232,1781104591397,10,down,-0.2908082773722675,logit_full,0,0,down,0.3897825896213437
20260610_201605,233,1781104591499,10,down,-0.2908082773722675,logit_full,0,0,down,0.23902625355690074
20260610_201605,242,1781104592417,10,down,-0.7270418364102582,logit_full,0,1,up,0.7897407121225519
20260610_201605,243,1781104592519,10,down,-0.7270418364102582,logit_full,0,1,up,0.7769849268292548
20260610_201605,244,1781104592621,10,down,-0.7270418364102582,logit_full,0,1,up,0.6917717450220086
20260610_201605,245,1781104592723,10,down,-0.7270418364102582,logit_full,0,0,down,0.2887873485284472
20260610_201605,246,1781104592825,10,down,-0.7270418364102582,logit_full,0,0,down,0.4146413305746317
20260610_201605,247,1781104592927,10,down,-0.7270418364102582,logit_full,0,0,down,0.40697742955386806
20260610_201605,248,1781104593029,10,down,-0.7270418364102582,logit_full,0,0,down,0.38049667611818877
20260610_201605,249,1781104593131,10,down,-0.7270418364102582,logit_full,0,1,up,0.5104186448244719
20260610_201605,250,1781104593233,10,up,0.1130953967742876,logit_full,1,1,up,0.5457337776727809
20260610_201605,251,1781104593335,10,up,0.1130953967742876,logit_full,1,1,up,0.6958395691997767
20260610_201605,252,1781104593437,10,up,0.8401983191186346,logit_full,1,0,down,0.3837244590696794
20260610_201605,253,1781104593539,10,up,0.7432523592210138,logit_full,1,1,up,0.6167835361022251
20260610_201605,254,1781104593641,10,up,0.7432523592210138,logit_full,1,1,up,0.6526881252886754
20260610_201605,255,1781104593743,10,up,0.7432523592210138,logit_full,1,1,up,0.6192899411198082
20260610_201605,256,1781104593845,10,up,0.7432523592210138,logit_full,1,1,up,0.6061568539323593
20260610_201605,257,1781104593947,10,up,0.7432523592210138,logit_full,1,1,up,0.6124848342199157
20260610_201605,258,1781104594049,10,up,0.7432523592210138,logit_full,1,1,up,0.8292134540518776
20260610_201605,259,1781104594151,10,up,0.7432523592210138,logit_full,1,1,up,0.8279359821798339
20260610_201605,260,1781104594253,10,down,-0.0969378151993716,logit_full,0,1,up,0.8829489989899075
20260610_201605,261,1781104594355,10,down,-0.0969378151993716,logit_full,0,1,up,0.8223864576221662
20260610_201605,262,1781104594457,10,down,-0.0969378151993716,logit_full,0,1,up,0.7645547586398972
20260610_201605,264,1781104594661,10,up,0.840135875821435,logit_full,1,0,down,0.2214985082276535
20260610_201605,265,1781104594763,10,up,0.840135875821435,logit_full,1,0,down,0.23371759396564437
20260610_201605,266,1781104594865,10,up,0.840135875821435,logit_full,1,0,down,0.35964148975332383
20260610_201605,267,1781104594967,10,up,0.840135875821435,logit_full,1,0,down,0.38880471721145693
20260610_201605,268,1781104595069,10,up,0.840135875821435,logit_full,1,0,down,0.3564374768674973
20260610_201605,269,1781104595171,10,up,0.840135875821435,logit_full,1,0,down,0.3616715083213764
20260610_201605,270,1781104595273,10,up,0.840135875821435,logit_full,1,0,down,0.352257445337546
20260610_201605,271,1781104595375,10,up,0.840135875821435,logit_full,1,0,down,0.3619295146100397
20260610_201605,272,1781104595477,10,up,0.840135875821435,logit_full,1,0,down,0.2820354874342222
20260610_201605,273,1781104595579,10,up,0.840135875821435,logit_full,1,1,up,0.6919567015029395
20260610_201605,288,1781104597109,10,up,2.3586448777424,logit_full,1,0,down,0.2856282408375749
20260610_201605,289,1781104597211,10,up,2.988693851933011,logit_full,1,0,down,0.29806868286176225
20260610_201605,290,1781104597313,10,up,2.988693851933011,logit_full,1,0,down,0.31574445979163257
20260610_201605,291,1781104597415,10,up,3.344106093785548,logit_full,1,0,down,0.32439390452939315
20260610_201605,292,1781104597517,10,up,3.344106093785548,logit_full,1,0,down,0.32822788224433164
20260610_201605,293,1781104597619,10,up,4.6688244497783415,logit_full,1,0,down,0.42448783228945985
20260610_201605,294,1781104597721,10,up,4.6688244497783415,logit_full,1,1,up,0.5474014424557371
20260610_201605,295,1781104597823,10,up,4.6688244497783415,logit_full,1,1,up,0.5315921585049509
20260610_201605,296,1781104597925,10,up,4.6688244497783415,logit_full,1,1,up,0.7973382747338494
20260610_201605,297,1781104598027,10,up,4.6688244497783415,logit_full,1,1,up,0.810382557450127
20260610_201605,298,1781104598129,10,up,2.3096348112017218,logit_full,1,1,up,0.7664274688717466
20260610_201605,299,1781104598231,10,up,1.6796286082754186,logit_full,1,1,up,0.8263589655460738
20260610_201605,300,1781104598333,10,up,1.6796286082754186,logit_full,1,1,up,0.8324634991082405
20260610_201605,301,1781104598435,10,up,1.3242755042131016,logit_full,1,1,up,0.8480816324377323
20260610_201605,302,1781104598537,10,up,1.3242755042131016,logit_full,1,1,up,0.8540142781362903
20260610_201605,303,1781104598639,10,down,-0.694345204212965,logit_full,0,1,up,0.6956394101356279
20260610_201605,304,1781104598741,10,down,-1.2918050310961604,logit_full,0,0,down,0.4422385115112617
20260610_201605,305,1781104598843,10,down,-1.4209855342051103,logit_full,0,1,up,0.6143208055323138
20260610_201605,306,1781104598945,10,down,-2.0184453610883057,logit_full,0,1,up,0.6649482796442605
20260610_201605,307,1781104599047,10,down,-2.502872247749366,logit_full,0,1,up,0.6576509629810794
20260610_201605,308,1781104599149,10,down,-2.502872247749366,logit_full,0,1,up,0.5945054844535852
20260610_201605,309,1781104599251,10,down,-2.502872247749366,logit_full,0,1,up,0.6758912078759677
20260610_201605,310,1781104599353,10,down,-2.502872247749366,logit_full,0,1,up,0.6876130462536696
20260610_201605,311,1781104599455,10,down,-2.502872247749366,logit_full,0,1,up,0.6893694633859185
20260610_201605,312,1781104599557,10,down,-2.502872247749366,logit_full,0,1,up,0.6749532847489268
20260610_201605,313,1781104599659,10,down,-1.8086526264626808,logit_full,0,0,down,0.31752957589426106
20260610_201605,314,1781104599761,10,down,-1.211223683137419,logit_full,0,0,down,0.2091598657943348
20260610_201605,315,1781104599863,10,down,-1.082040469929657,logit_full,0,0,down,0.15336783910877128
20260610_201605,316,1781104599965,10,down,-0.4845246853213414,logit_full,0,0,down,0.26503764825424947
20260610_201605,320,1781104600373,10,up,0.0323032108595633,logit_full,1,1,up,0.7168792706226039
20260610_201605,321,1781104600475,10,up,0.6460642171690623,logit_full,1,1,up,0.6781626060153371
20260610_201605,322,1781104600577,10,up,0.6460642171690623,logit_full,1,1,up,0.6962765209960171
20260610_201605,323,1781104600679,10,up,0.6460642171690623,logit_full,1,1,up,0.6927638941989044
20260610_201605,324,1781104600781,10,up,0.6460642171690623,logit_full,1,1,up,0.7127072623654441
20260610_201605,325,1781104600883,10,up,0.4522449520183436,logit_full,1,1,up,0.7058659681016085
20260610_201605,326,1781104600985,10,up,0.4522449520183436,logit_full,1,1,up,0.5691781501891381
20260610_201605,327,1781104601087,10,up,0.4522449520183436,logit_full,1,0,down,0.3467225377816969
20260610_201605,328,1781104601189,10,up,0.4522449520183436,logit_full,1,0,down,0.3785784890507122
20260610_201605,329,1781104601291,10,up,0.4522449520183436,logit_full,1,1,up,0.832496489502326
20260610_201605,330,1781104601393,10,up,0.4199403846172345,logit_full,1,1,up,0.6883439683689134
20260610_201605,331,1781104601495,10,down,-0.1938067439899438,logit_full,0,1,up,0.8219691589899146
20260610_201605,332,1781104601597,10,down,-0.1938067439899438,logit_full,0,1,up,0.6803315433077901
20260610_201605,333,1781104601699,10,down,-0.1938067439899438,logit_full,0,1,up,0.6440233210785677
20260610_201605,334,1781104601801,10,down,-0.1938067439899438,logit_full,0,1,up,0.6102697723810968
20260610_201605,352,1781104603637,10,up,0.468375375406449,logit_full,1,1,up,0.7989300616570453
20260610_201605,353,1781104603739,10,up,0.468375375406449,logit_full,1,1,up,0.795491805546244
20260610_201605,354,1781104603841,10,up,0.468375375406449,logit_full,1,1,up,0.7173599568937725
20260610_201605,355,1781104603943,10,up,0.7106385006183658,logit_full,1,1,up,0.7175271655298323
20260610_201605,356,1781104604045,10,up,0.7106385006183658,logit_full,1,1,up,0.7085342037259958
20260610_201605,357,1781104604147,10,up,0.7106385006183658,logit_full,1,1,up,0.779520493478018
20260610_201605,358,1781104604249,10,up,0.7106385006183658,logit_full,1,1,up,0.7688755872071805
20260610_201605,359,1781104604351,10,up,0.7106385006183658,logit_full,1,1,up,0.8179912543624673
20260610_201605,360,1781104604453,10,up,0.7106385006183658,logit_full,1,1,up,0.7903315718796781
20260610_201605,361,1781104604555,10,up,0.7106385006183658,logit_full,1,1,up,0.6950716684913878
20260610_201605,362,1781104604657,10,up,0.242251778732605,logit_full,1,1,up,0.7083387233831712
20260610_201605,363,1781104604759,10,up,0.242251778732605,logit_full,1,1,up,0.731112521416941
20260610_201605,364,1781104604861,10,up,0.242251778732605,logit_full,1,1,up,0.7310771655721985
20260610_201605,368,1781104605269,10,down,-0.5006415479202886,logit_full,0,1,up,0.539157538737696
20260610_201605,369,1781104605371,10,down,-0.5006415479202886,logit_full,0,1,up,0.5220381958780537
20260610_201605,370,1781104605473,10,down,-0.5006415479202886,logit_full,0,1,up,0.594023885513957
20260610_201605,371,1781104605575,10,down,-0.5006415479202886,logit_full,0,1,up,0.5930951175129668
20260610_201605,372,1781104605677,10,down,-0.5006415479202886,logit_full,0,1,up,0.5691889763919145
20260610_201605,373,1781104605779,10,down,-0.5006415479202886,logit_full,0,0,down,0.40053023942607807
20260610_201605,374,1781104605881,10,down,-0.5006415479202886,logit_full,0,0,down,0.41220756579952866
20260610_201605,375,1781104605983,10,down,-1.6634219172795284,logit_full,0,0,down,0.46198327306850906
20260610_201605,376,1781104606085,10,down,-1.93796728226725,logit_full,0,0,down,0.2124087081040529
20260610_201605,377,1781104606187,10,down,-1.93796728226725,logit_full,0,0,down,0.21245550275819552
20260610_201605,378,1781104606291,10,down,-1.4373976964476842,logit_full,0,0,down,0.2453694717421308
20260610_201605,379,1781104606393,10,down,-2.1480212767155398,logit_full,0,0,down,0.28078950104487777
20260610_201605,380,1781104606495,10,down,-2.1480212767155398,logit_full,0,0,down,0.2052330641601608
20260610_201605,381,1781104606599,10,down,-2.1480212767155398,logit_full,0,0,down,0.19657728381337278
20260610_201605,382,1781104606701,10,down,-2.1480212767155398,logit_full,0,0,down,0.20375501542457466
20260610_201605,383,1781104606803,10,down,-2.1480212767155398,logit_full,0,0,down,0.24016239720339919
20260610_201605,384,1781104606907,10,down,-2.1480212767155398,logit_full,0,0,down,0.1748780278647727
20260610_201605,385,1781104607009,10,down,-0.985297264992635,logit_full,0,0,down,0.13305760968858202
20260610_201605,386,1781104607111,10,down,-0.7107257398208944,logit_full,0,0,down,0.3201276186921005
20260610_201605,387,1781104607213,10,down,-0.7107257398208944,logit_full,0,0,down,0.27834316193825126
20260610_201605,388,1781104607315,10,down,-0.7107257398208944,logit_full,0,0,down,0.1899805279127854
20260610_201605,391,1781104607621,10,down,-0.4684661690701475,logit_full,0,0,down,0.3586803332776778
20260610_201605,392,1781104607723,10,down,-0.4684661690701475,logit_full,0,0,down,0.3685302233715603
20260610_201605,393,1781104607825,10,down,-0.5976982157096522,logit_full,0,0,down,0.26303243789246183
20260610_201605,394,1781104607927,10,down,-0.5976982157096522,logit_full,0,0,down,0.2628796251169487
20260610_201605,395,1781104608029,10,down,-0.5976982157096522,logit_full,0,0,down,0.2694182126971251
20260610_201605,396,1781104608131,10,down,-0.5976982157096522,logit_full,0,0,down,0.2587400074749669
20260610_201605,397,1781104608233,10,down,-1.211550437248965,logit_full,0,0,down,0.2437013890058171
20260610_201605,398,1781104608335,10,down,-1.211550437248965,logit_full,0,0,down,0.15326204925875636
20260610_201605,399,1781104608437,10,down,-1.211550437248965,logit_full,0,0,down,0.17774325871918714
20260610_201605,400,1781104608539,10,down,-1.211550437248965,logit_full,0,0,down,0.1504255076875741
20260610_201605,401,1781104608641,10,down,-0.7431190807938304,logit_full,0,0,down,0.1573257659867549
20260610_201605,402,1781104608743,10,down,-0.7431190807938304,logit_full,0,0,down,0.18759094915786165
20260610_201605,403,1781104608845,10,down,-0.6138889135698378,logit_full,0,0,down,0.4880527038239332
20260610_201605,404,1781104608947,10,down,-0.6138889135698378,logit_full,0,0,down,0.21799397781721677
20260610_201605,405,1781104609049,10,down,-0.6138889135698378,logit_full,0,0,down,0.2158987273304845
20260610_201605,406,1781104609151,10,down,-0.6138889135698378,logit_full,0,0,down,0.20887274350722873
20260610_201605,420,1781104610579,10,down,-0.2746513745099932,logit_full,0,0,down,0.2753059219934871
20260610_201605,421,1781104610681,10,down,-0.3069633009222805,logit_full,0,0,down,0.3448858700566058
20260610_201605,422,1781104610783,10,down,-0.7108623810825332,logit_full,0,0,down,0.4336868976332638
20260610_201605,423,1781104610885,10,down,-0.7108623810825332,logit_full,0,0,down,0.374119994224084
20260610_201605,424,1781104610987,10,down,-0.7108623810825332,logit_full,0,0,down,0.3385627632548259
20260610_201605,425,1781104611089,10,down,-0.7108623810825332,logit_full,0,0,down,0.36258390991597644
20260610_201605,426,1781104611191,10,down,-0.7108623810825332,logit_full,0,0,down,0.3691317422823369
20260610_201605,427,1781104611295,10,down,-0.7108623810825332,logit_full,0,0,down,0.32143484235044206
20260610_201605,428,1781104611397,10,down,-0.7108623810825332,logit_full,0,0,down,0.3678095111554746
20260610_201605,429,1781104611499,10,down,-0.7108623810825332,logit_full,0,0,down,0.3746244223282204
20260610_201605,430,1781104611601,10,down,-0.4362229874965706,logit_full,0,0,down,0.23343324520165842
20260610_201605,431,1781104611703,10,down,-0.4039114787601772,logit_full,0,0,down,0.1683153042865552
20260610_201605,448,1781104613437,10,up,0.597813134923797,logit_full,1,1,up,0.5934288175934317
20260610_201605,449,1781104613539,10,up,1.3733544991501034,logit_full,1,1,up,0.5707801861764229
20260610_201605,450,1781104613641,10,up,1.5510827284503923,logit_full,1,1,up,0.5406410340722458
20260610_201605,451,1781104613743,10,up,1.5510827284503923,logit_full,1,1,up,0.5358093381972909
20260610_201605,452,1781104613845,10,up,1.4056687226582376,logit_full,1,1,up,0.5316136652969606
20260610_201605,453,1781104613947,10,up,1.195626269847594,logit_full,1,1,up,0.5333218604431181
20260610_201605,454,1781104614049,10,up,1.195626269847594,logit_full,1,1,up,0.5201375560305967
20260610_201605,455,1781104614151,10,up,1.195626269847594,logit_full,1,1,up,0.6628918685012549
20260610_201605,456,1781104614253,10,up,1.195626269847594,logit_full,1,1,up,0.5891781662530479
20260610_201605,457,1781104614355,10,up,1.195626269847594,logit_full,1,1,up,0.5890754782857723
20260610_201605,458,1781104614457,10,up,0.5977773990073487,logit_full,1,1,up,0.813479758414104
20260610_201605,459,1781104614559,10,down,-0.1777038242667394,logit_full,0,1,up,0.9051140431841352
20260610_201605,460,1781104614661,10,down,-0.3554013329165606,logit_full,0,0,down,0.43531439538188893
20260610_201605,461,1781104614763,10,down,-0.3554013329165606,logit_full,0,0,down,0.33429473801887283
20260610_201605,462,1781104614865,10,down,-0.2100129319493326,logit_full,0,0,down,0.16806085717904445
20260610_201605,465,1781104615171,10,up,0.678517568353243,logit_full,1,0,down,0.37993478266706476
20260610_201605,466,1781104615273,10,up,0.678517568353243,logit_full,1,0,down,0.337452846463297
20260610_201605,467,1781104615375,10,up,0.9854659921337828,logit_full,1,0,down,0.33581802136891414
20260610_201605,468,1781104615477,10,up,1.243948875315759,logit_full,1,0,down,0.29513281335993535
20260610_201605,469,1781104615579,10,up,1.631673200090944,logit_full,1,0,down,0.23874254331721206
20260610_201605,470,1781104615681,10,up,1.631673200090944,logit_full,1,0,down,0.23097033673196427
20260610_201605,471,1781104615783,10,up,1.631673200090944,logit_full,1,0,down,0.24355234969818632
20260610_201605,472,1781104615885,10,up,1.631673200090944,logit_full,1,0,down,0.22941156466558038
20260610_201605,473,1781104615987,10,up,1.631673200090944,logit_full,1,0,down,0.28049590179958134
20260610_201605,474,1781104616089,10,up,1.631673200090944,logit_full,1,0,down,0.33747622654861886
20260610_201605,475,1781104616191,10,up,0.9530909628407968,logit_full,1,1,up,0.5677046218049445
20260610_201605,476,1781104616293,10,up,0.9530909628407968,logit_full,1,1,up,0.7192966594138331
20260610_201605,477,1781104616395,10,up,0.6461435327098641,logit_full,1,1,up,0.8394658465050513
20260610_201605,478,1781104616497,10,up,1.696082936839538,logit_full,1,1,up,0.8714638304363012
20260610_201605,479,1781104616599,10,up,1.486034106097378,logit_full,1,1,up,0.8614754778488067
20260610_201605,480,1781104616701,10,up,1.9706104450434303,logit_full,1,1,up,0.6570880039395774
20260610_201605,481,1781104616803,10,up,1.9706104450434303,logit_full,1,1,up,0.7235856251357413
20260610_201605,482,1781104616905,10,up,1.9706104450434303,logit_full,1,1,up,0.6971064915217381
20260610_201605,483,1781104617007,10,up,1.9706104450434303,logit_full,1,1,up,0.6999003800554796
20260610_201605,484,1781104617109,10,up,1.9706104450434303,logit_full,1,1,up,0.7094130876045428
20260610_201605,485,1781104617211,10,up,1.6798646416771312,logit_full,1,1,up,0.7022457025405484
20260610_201605,486,1781104617313,10,up,1.1145255795730336,logit_full,1,1,up,0.8079272833150802
20260610_201605,487,1781104617415,10,up,1.1145255795730336,logit_full,1,1,up,0.76153361322316
20260610_201605,488,1781104617517,10,down,-0.193805178958506,logit_full,0,1,up,0.8235279487185692
20260610_201605,489,1781104617619,10,down,-0.3714533272924925,logit_full,0,1,up,0.7598199514227156
20260610_201605,490,1781104617721,10,down,-0.8559161977284013,logit_full,0,1,up,0.6851086340250879
20260610_201605,491,1781104617823,10,down,-0.8559161977284013,logit_full,0,1,up,0.6478720943563424
20260610_201605,492,1781104617925,10,down,-0.8559161977284013,logit_full,0,1,up,0.6660568799651811
20260610_201605,493,1781104618027,10,down,-0.8559161977284013,logit_full,0,1,up,0.5084699733799035
20260610_201605,494,1781104618129,10,down,-0.8559161977284013,logit_full,0,0,down,0.34228844185764945
20260610_201605,495,1781104618231,10,down,-0.565244108743368,logit_full,0,0,down,0.2844564739868671
20260610_201605,500,1781104618741,10,up,3.0040384936835807,logit_full,1,0,down,0.2577120008052787
20260610_201605,501,1781104618843,10,up,3.8438772123483567,logit_full,1,0,down,0.26636934528041956
20260610_201605,502,1781104618945,10,up,3.924630935296936,logit_full,1,0,down,0.25796951083825853
20260610_201605,503,1781104619047,10,up,3.924630935296936,logit_full,1,0,down,0.26394439949269666
20260610_201605,504,1781104619149,10,up,3.924630935296936,logit_full,1,0,down,0.27878326736075754
20260610_201605,505,1781104619251,10,up,3.036339982862568,logit_full,1,0,down,0.2732242957132244
20260610_201605,506,1781104619353,10,up,2.5679683897639194,logit_full,1,0,down,0.2713713718570605
20260610_201605,507,1781104619455,10,up,2.5679683897639194,logit_full,1,0,down,0.27166217359503825
20260610_201605,508,1781104619557,10,up,2.5679683897639194,logit_full,1,0,down,0.3624411036113475
20260610_201605,509,1781104619659,10,up,2.5679683897639194,logit_full,1,0,down,0.2691101450675371
20260610_201605,510,1781104619761,10,down,-1.06562902385976,logit_full,0,1,up,0.8676439846976256
20260610_201605,511,1781104619863,10,down,-3.503364925504515,logit_full,0,1,up,0.6146340520012084
20260610_201605,512,1781104619965,10,down,-3.584058688153036,logit_full,0,1,up,0.7923701098821773
20260610_201605,513,1781104620067,10,down,-3.584058688153036,logit_full,0,1,up,0.6880650397036054
20260610_201605,514,1781104620169,10,down,-3.584058688153036,logit_full,0,1,up,0.6860234854434131
20260610_201605,515,1781104620271,10,down,-2.69635564123516,logit_full,0,0,down,0.16069614865384935
20260610_201605,516,1781104620373,10,down,-2.228230550817001,logit_full,0,0,down,0.33543838706900775
20260610_201605,517,1781104620475,10,down,-2.228230550817001,logit_full,0,0,down,0.2555349245583726
20260610_201605,518,1781104620577,10,down,-2.228230550817001,logit_full,0,0,down,0.38825433767749185
20260610_201605,519,1781104620679,10,down,-2.228230550817001,logit_full,0,0,down,0.37234524839280203
20260610_201605,520,1781104620781,10,down,-1.5986138887258416,logit_full,0,0,down,0.2206590607671119
20260610_201605,524,1781104621189,10,up,0.0484505904929655,logit_full,1,0,down,0.29670221874312486
20260610_201605,525,1781104621291,10,up,0.9690118098304444,logit_full,1,0,down,0.31978319458564597
20260610_201605,526,1781104621393,10,up,1.2112647622886108,logit_full,1,0,down,0.3097424980695521
20260610_201605,527,1781104621495,10,up,1.889573029170144,logit_full,1,0,down,0.33315170986403275
20260610_201605,528,1781104621597,10,up,2.4548299182391986,logit_full,1,1,up,0.5012690214421849
20260610_201605,529,1781104621699,10,up,2.4548299182391986,logit_full,1,0,down,0.3570154419313609
20260610_201605,530,1781104621801,10,up,2.4548299182391986,logit_full,1,0,down,0.430129951517715
20260610_201605,531,1781104621903,10,up,2.4548299182391986,logit_full,1,0,down,0.31909636748167813
20260610_201605,532,1781104622005,10,up,2.4548299182391986,logit_full,1,0,down,0.3629616013838463
20260610_201605,533,1781104622107,10,up,2.4548299182391986,logit_full,1,1,up,0.5707587303936636
20260610_201605,534,1781104622209,10,up,2.406367668754683,logit_full,1,1,up,0.5215823101664949
20260610_201605,535,1781104622311,10,up,1.4856741448276978,logit_full,1,1,up,0.8519014177634754
20260610_201605,536,1781104622413,10,up,1.2434145455264556,logit_full,1,1,up,0.8284602758348589
20260610_201605,537,1781104622515,10,up,0.5651500998293812,logit_full,1,1,up,0.8647006474981593
20260610_201605,540,1781104622821,10,down,-0.5489719289653028,logit_full,0,1,up,0.6896051523815153
20260610_201605,541,1781104622923,10,down,-0.5489719289653028,logit_full,0,1,up,0.5166901422771413
20260610_201605,542,1781104623025,10,down,-0.5489719289653028,logit_full,0,0,down,0.26833598214701077
20260610_201605,543,1781104623127,10,down,-0.5489719289653028,logit_full,0,0,down,0.27761384294634545
20260610_201605,544,1781104623229,10,down,-0.5489719289653028,logit_full,0,0,down,0.28330284772217584
20260610_201605,545,1781104623331,10,down,-0.5489719289653028,logit_full,0,0,down,0.2907719339831695
20260610_201605,546,1781104623433,10,down,-0.5489719289653028,logit_full,0,0,down,0.17649957558019674
20260610_201605,547,1781104623535,10,down,-0.5489719289653028,logit_full,0,0,down,0.22743292522638206
20260610_201605,548,1781104623637,10,down,-0.5489719289653028,logit_full,0,0,down,0.1839429092610875
20260610_201605,549,1781104623739,10,down,-0.5489719289653028,logit_full,0,0,down,0.18207734135664688
20260610_201605,559,1781104624759,10,down,-0.9203858192774472,logit_full,0,1,up,0.6751216901934869
20260610_201605,560,1781104624861,10,down,-1.259475331641946,logit_full,0,1,up,0.655707280842877
20260610_201605,561,1781104624963,10,down,-1.259475331641946,logit_full,0,1,up,0.6348131409703959
